[0m23:36:09.950573 [debug] [MainThread]: Sending event: {'category': 'dbt', 'action': 'invocation', 'label': 'start', 'context': [<snowplow_tracker.self_describing_json.SelfDescribingJson object at 0x000001F170BD27B0>, <snowplow_tracker.self_describing_json.SelfDescribingJson object at 0x000001F1731A7ED0>, <snowplow_tracker.self_describing_json.SelfDescribingJson object at 0x000001F1731A7B10>]}


============================== 23:36:09.960781 | 11f15fd3-1527-4dca-83d5-2e53a819f9e3 ==============================
[0m23:36:09.960781 [info ] [MainThread]: Running with dbt=1.12.5
[0m23:36:09.962730 [debug] [MainThread]: running dbt with arguments {'maximum_seed_size_mib': '1', 'no_print': 'None', 'version_check': 'True', 'target_path': 'None', 'warn_error_options': 'WarnErrorOptionsV2(error=[], warn=[], silence=[])', 'static_parser': 'True', 'printer_width': '80', 'write_json': 'True', 'empty': 'None', 'log_cache_events': 'False', 'introspect': 'True', 'cache_selected_only': 'False', 'fail_fast': 'False', 'debug': 'False', 'log_format': 'default', 'profiles_dir': 'c:\\Users\\samee\\OneDrive\\Desktop\\aws_dbt_snowflake\\aws_dbt_snowflake_project', 'send_anonymous_usage_stats': 'True', 'quiet': 'False', 'warn_error': 'None', 'partial_parse': 'True', 'use_colors': 'True', 'hints_enabled': 'True', 'indirect_selection': 'eager', 'use_experimental_parser': 'False', 'invocation_command': 'dbt ', 'log_path': 'c:\\Users\\samee\\OneDrive\\Desktop\\aws_dbt_snowflake\\aws_dbt_snowflake_project\\logs'}
[0m23:36:10.489885 [debug] [MainThread]: Sending event: {'category': 'dbt', 'action': 'project_id', 'label': '11f15fd3-1527-4dca-83d5-2e53a819f9e3', 'context': [<snowplow_tracker.self_describing_json.SelfDescribingJson object at 0x000001F1710EAEA0>]}
[0m23:36:10.648414 [info ] [MainThread]: Warning: No packages were found in packages.yml
[0m23:36:10.651685 [info ] [MainThread]: Warning: No packages were found in packages.yml
[0m23:36:10.656146 [debug] [MainThread]: Command `cli deps` succeeded at 23:36:10.655271 after 1.12 seconds
[0m23:36:10.657072 [debug] [MainThread]: Sending event: {'category': 'dbt', 'action': 'invocation', 'label': 'end', 'context': [<snowplow_tracker.self_describing_json.SelfDescribingJson object at 0x000001F16F163020>, <snowplow_tracker.self_describing_json.SelfDescribingJson object at 0x000001F1733DFDF0>, <snowplow_tracker.self_describing_json.SelfDescribingJson object at 0x000001F173235650>]}
[0m23:36:10.657874 [debug] [MainThread]: Flushing usage events
[0m23:36:12.598995 [debug] [MainThread]: An error was encountered while trying to flush usage events
[0m23:39:55.430431 [debug] [MainThread]: Sending event: {'category': 'dbt', 'action': 'invocation', 'label': 'start', 'context': [<snowplow_tracker.self_describing_json.SelfDescribingJson object at 0x0000013A352EE900>, <snowplow_tracker.self_describing_json.SelfDescribingJson object at 0x0000013A3794FED0>, <snowplow_tracker.self_describing_json.SelfDescribingJson object at 0x0000013A3794FB10>]}


============================== 23:39:55.443668 | 3cb08528-ff66-4d82-a20f-e14967bacfd4 ==============================
[0m23:39:55.443668 [info ] [MainThread]: Running with dbt=1.12.5
[0m23:39:55.445526 [debug] [MainThread]: running dbt with arguments {'static_parser': 'True', 'no_print': 'None', 'maximum_seed_size_mib': '1', 'warn_error_options': 'WarnErrorOptionsV2(error=[], warn=[], silence=[])', 'target_path': 'None', 'version_check': 'True', 'printer_width': '80', 'write_json': 'True', 'empty': 'False', 'log_cache_events': 'False', 'introspect': 'True', 'cache_selected_only': 'False', 'log_format': 'default', 'debug': 'False', 'fail_fast': 'False', 'partial_parse': 'True', 'send_anonymous_usage_stats': 'True', 'quiet': 'False', 'warn_error': 'None', 'profiles_dir': 'C:\\Users\\samee\\OneDrive\\Desktop\\aws_dbt_snowflake\\aws_dbt_snowflake_project', 'use_colors': 'True', 'hints_enabled': 'True', 'invocation_command': 'dbt run --select models/demo', 'use_experimental_parser': 'False', 'indirect_selection': 'eager', 'log_path': 'C:\\Users\\samee\\OneDrive\\Desktop\\aws_dbt_snowflake\\aws_dbt_snowflake_project\\logs'}
[0m23:39:57.461575 [debug] [MainThread]: Snowflake adapter: Setting snowflake.connector to ERROR (file logging only)
[0m23:39:57.462792 [debug] [MainThread]: Snowflake adapter: Setting botocore to ERROR (file logging only)
[0m23:39:57.463825 [debug] [MainThread]: Snowflake adapter: Setting boto3 to ERROR (file logging only)
[0m23:39:58.987992 [debug] [MainThread]: Sending event: {'category': 'dbt', 'action': 'project_id', 'label': '3cb08528-ff66-4d82-a20f-e14967bacfd4', 'context': [<snowplow_tracker.self_describing_json.SelfDescribingJson object at 0x0000013A35812FD0>]}
[0m23:39:59.417346 [debug] [MainThread]: Sending event: {'category': 'dbt', 'action': 'adapter_info', 'label': '3cb08528-ff66-4d82-a20f-e14967bacfd4', 'context': [<snowplow_tracker.self_describing_json.SelfDescribingJson object at 0x0000013A35E6C380>]}
[0m23:39:59.420521 [info ] [MainThread]: Registered adapter: snowflake=1.12.1
[0m23:40:00.840131 [debug] [MainThread]: checksum: 0ee1a1dce6b94271f7f4877021b9467e87e858ea987b298e8ea9f7304295ef8e, vars: {}, profile: aws_dbt_snowflake_project, target: dev, version: 1.12.5
[0m23:40:01.319742 [debug] [MainThread]: Partial parsing enabled: 0 files deleted, 0 files added, 0 files changed.
[0m23:40:01.320725 [debug] [MainThread]: Nothing changed, skipping partial parsing.
[0m23:40:01.321505 [debug] [MainThread]: Partial parsing enabled, no changes found, skipping parsing
[0m23:40:01.338209 [warn ] [MainThread]: [[33mWARNING[0m]: Configuration paths exist in your dbt_project.yml file which do not apply to any resources.
There are 1 unused configuration paths:
- models.aws_dbt_snowflake_project.example
[0m23:40:01.350647 [debug] [MainThread]: Sending event: {'category': 'dbt', 'action': 'load_project', 'label': '3cb08528-ff66-4d82-a20f-e14967bacfd4', 'context': [<snowplow_tracker.self_describing_json.SelfDescribingJson object at 0x0000013A39650450>]}
[0m23:40:01.664978 [debug] [MainThread]: Wrote artifact WritableManifest to C:\Users\samee\OneDrive\Desktop\aws_dbt_snowflake\aws_dbt_snowflake_project\target\manifest.json
[0m23:40:01.714932 [debug] [MainThread]: Wrote artifact SemanticManifest to C:\Users\samee\OneDrive\Desktop\aws_dbt_snowflake\aws_dbt_snowflake_project\target\semantic_manifest.json
[0m23:40:02.070237 [debug] [MainThread]: Wrote artifact OsiDocument to C:\Users\samee\OneDrive\Desktop\aws_dbt_snowflake\aws_dbt_snowflake_project\target\osi_document.json
[0m23:40:02.194566 [debug] [MainThread]: Sending event: {'category': 'dbt', 'action': 'resource_counts', 'label': '3cb08528-ff66-4d82-a20f-e14967bacfd4', 'context': [<snowplow_tracker.self_describing_json.SelfDescribingJson object at 0x0000013A396C58B0>]}
[0m23:40:02.196647 [info ] [MainThread]: Found 1 model, 562 macros
[0m23:40:02.199031 [debug] [MainThread]: Sending event: {'category': 'dbt', 'action': 'runnable_timing', 'label': '3cb08528-ff66-4d82-a20f-e14967bacfd4', 'context': [<snowplow_tracker.self_describing_json.SelfDescribingJson object at 0x0000013A396F6EB0>]}
[0m23:40:02.208248 [info ] [MainThread]: 
[0m23:40:02.210304 [info ] [MainThread]: Concurrency: 1 threads (target='dev')
[0m23:40:02.212050 [info ] [MainThread]: 
[0m23:40:02.215281 [debug] [MainThread]: Acquiring new snowflake connection 'master'
[0m23:40:02.219551 [debug] [ThreadPool]: Acquiring new snowflake connection 'list_AIRBNB'
[0m23:40:02.291039 [debug] [ThreadPool]: Using snowflake connection "list_AIRBNB"
[0m23:40:02.292027 [debug] [ThreadPool]: On list_AIRBNB: show terse schemas in database AIRBNB
    limit 10000
/* {"app": "dbt", "dbt_version": "1.12.5", "profile_name": "aws_dbt_snowflake_project", "target_name": "dev", "connection_name": "list_AIRBNB"} */
[0m23:40:02.292891 [debug] [ThreadPool]: Opening a new connection, currently in state init
[0m23:40:05.558552 [debug] [ThreadPool]: SQL status: SUCCESS 3 in 3.265 seconds
[0m23:40:05.565841 [debug] [ThreadPool]: Re-using an available connection from the pool (formerly list_AIRBNB, now create_AIRBNB_dbt_schema)
[0m23:40:05.568446 [debug] [ThreadPool]: Creating schema "database: "AIRBNB"
schema: "dbt_schema"
"
[0m23:40:05.585066 [debug] [ThreadPool]: Using snowflake connection "create_AIRBNB_dbt_schema"
[0m23:40:05.586690 [debug] [ThreadPool]: On create_AIRBNB_dbt_schema: create schema if not exists AIRBNB.dbt_schema
/* {"app": "dbt", "dbt_version": "1.12.5", "profile_name": "aws_dbt_snowflake_project", "target_name": "dev", "connection_name": "create_AIRBNB_dbt_schema"} */
[0m23:40:06.067263 [debug] [ThreadPool]: SQL status: SUCCESS 1 in 0.479 seconds
[0m23:40:06.072277 [debug] [ThreadPool]: Acquiring new snowflake connection 'list_AIRBNB_dbt_schema'
[0m23:40:06.110138 [debug] [ThreadPool]: Using snowflake connection "list_AIRBNB_dbt_schema"
[0m23:40:06.111621 [debug] [ThreadPool]: On list_AIRBNB_dbt_schema: show objects in AIRBNB.dbt_schema
    limit 10000
    

/* {"app": "dbt", "dbt_version": "1.12.5", "profile_name": "aws_dbt_snowflake_project", "target_name": "dev", "connection_name": "list_AIRBNB_dbt_schema"} */;
[0m23:40:06.112874 [debug] [ThreadPool]: Opening a new connection, currently in state init
[0m23:40:07.561265 [debug] [ThreadPool]: SQL status: SUCCESS 0 in 1.448 seconds
[0m23:40:07.588015 [debug] [ThreadPool]: Using snowflake connection "list_AIRBNB_dbt_schema"
[0m23:40:07.589156 [debug] [ThreadPool]: On list_AIRBNB_dbt_schema: show user functions in AIRBNB.dbt_schema
/* {"app": "dbt", "dbt_version": "1.12.5", "profile_name": "aws_dbt_snowflake_project", "target_name": "dev", "connection_name": "list_AIRBNB_dbt_schema"} */
[0m23:40:07.804340 [debug] [ThreadPool]: SQL status: SUCCESS 0 in 0.214 seconds
[0m23:40:07.811230 [debug] [MainThread]: Sending event: {'category': 'dbt', 'action': 'runnable_timing', 'label': '3cb08528-ff66-4d82-a20f-e14967bacfd4', 'context': [<snowplow_tracker.self_describing_json.SelfDescribingJson object at 0x0000013A3A991B20>]}
[0m23:40:07.825173 [debug] [Thread-2 (]: Began running node model.aws_dbt_snowflake_project.demo
[0m23:40:07.826899 [info ] [Thread-2 (]: 1 of 1 START sql view model dbt_schema.demo .................................... [RUN]
[0m23:40:07.829579 [debug] [Thread-2 (]: Acquiring new snowflake connection 'model.aws_dbt_snowflake_project.demo'
[0m23:40:07.831362 [debug] [Thread-2 (]: Began compiling node model.aws_dbt_snowflake_project.demo
[0m23:40:07.860433 [debug] [Thread-2 (]: Writing injected SQL for node "model.aws_dbt_snowflake_project.demo"
[0m23:40:07.869848 [debug] [Thread-2 (]: Began executing node model.aws_dbt_snowflake_project.demo
[0m23:40:08.004764 [debug] [Thread-2 (]: Writing runtime sql for node "model.aws_dbt_snowflake_project.demo"
[0m23:40:08.012741 [debug] [Thread-2 (]: Using snowflake connection "model.aws_dbt_snowflake_project.demo"
[0m23:40:08.014389 [debug] [Thread-2 (]: On model.aws_dbt_snowflake_project.demo: create or replace   view AIRBNB.dbt_schema.demo
  
  
  
  
  as (
    select * from airbnb.staging.listings 
/* {"app": "dbt", "dbt_version": "1.12.5", "profile_name": "aws_dbt_snowflake_project", "target_name": "dev", "node_id": "model.aws_dbt_snowflake_project.demo"} */;
[0m23:40:08.016094 [debug] [Thread-2 (]: Opening a new connection, currently in state init
[0m23:40:09.154007 [debug] [Thread-2 (]: Snowflake adapter: Snowflake query id: 01c73962-000e-01c9-0002-3e52000390be
[0m23:40:09.155353 [debug] [Thread-2 (]: Snowflake adapter: Snowflake error: 001003 (42000): SQL compilation error:
syntax error line 8 at position 163 unexpected ';'.
[0m23:40:09.189190 [debug] [Thread-2 (]: Database Error in model demo (models\demo\demo.sql)
  001003 (42000): SQL compilation error:
  syntax error line 8 at position 163 unexpected ';'.
  compiled code at target\run\aws_dbt_snowflake_project\models\demo\demo.sql
[0m23:40:09.201339 [debug] [Thread-2 (]: Sending event: {'category': 'dbt', 'action': 'run_model', 'label': '3cb08528-ff66-4d82-a20f-e14967bacfd4', 'context': [<snowplow_tracker.self_describing_json.SelfDescribingJson object at 0x0000013A3AA1B110>]}
[0m23:40:09.204095 [error] [Thread-2 (]: 1 of 1 ERROR creating sql view model dbt_schema.demo ........................... [[31mERROR[0m in 1.36s]
[0m23:40:09.206924 [debug] [Thread-2 (]: Finished running node model.aws_dbt_snowflake_project.demo
[0m23:40:09.209269 [debug] [Thread-5 (]: Marking all children of 'model.aws_dbt_snowflake_project.demo' to be skipped because of status 'error'.  Reason: Database Error in model demo (models\demo\demo.sql)
  001003 (42000): SQL compilation error:
  syntax error line 8 at position 163 unexpected ';'.
  compiled code at target\run\aws_dbt_snowflake_project\models\demo\demo.sql.
[0m23:40:09.216209 [debug] [MainThread]: Connection 'master' was properly closed.
[0m23:40:09.217682 [debug] [MainThread]: Connection 'create_AIRBNB_dbt_schema' was left open.
[0m23:40:09.218929 [debug] [MainThread]: On create_AIRBNB_dbt_schema: Close
[0m23:40:09.529101 [debug] [MainThread]: Connection 'list_AIRBNB_dbt_schema' was left open.
[0m23:40:09.530654 [debug] [MainThread]: On list_AIRBNB_dbt_schema: Close
[0m23:40:09.832811 [debug] [MainThread]: Connection 'model.aws_dbt_snowflake_project.demo' was left open.
[0m23:40:09.834376 [debug] [MainThread]: On model.aws_dbt_snowflake_project.demo: Close
[0m23:40:10.116749 [info ] [MainThread]: 
[0m23:40:10.118589 [info ] [MainThread]: Finished running 1 view model in 0 hours 0 minutes and 7.90 seconds (7.90s).
[0m23:40:10.121109 [debug] [MainThread]: Command end result
[0m23:40:10.298771 [debug] [MainThread]: Wrote artifact WritableManifest to C:\Users\samee\OneDrive\Desktop\aws_dbt_snowflake\aws_dbt_snowflake_project\target\manifest.json
[0m23:40:10.314100 [debug] [MainThread]: Wrote artifact SemanticManifest to C:\Users\samee\OneDrive\Desktop\aws_dbt_snowflake\aws_dbt_snowflake_project\target\semantic_manifest.json
[0m23:40:10.326974 [debug] [MainThread]: Wrote artifact OsiDocument to C:\Users\samee\OneDrive\Desktop\aws_dbt_snowflake\aws_dbt_snowflake_project\target\osi_document.json
[0m23:40:10.355310 [debug] [MainThread]: Wrote artifact RunExecutionResult to C:\Users\samee\OneDrive\Desktop\aws_dbt_snowflake\aws_dbt_snowflake_project\target\run_results.json
[0m23:40:10.356985 [info ] [MainThread]: 
[0m23:40:10.359174 [info ] [MainThread]: [31mCompleted with 1 error, 0 partial successes, and 0 warnings:[0m
[0m23:40:10.361070 [info ] [MainThread]: 
[0m23:40:10.363170 [error] [MainThread]: [[31mERROR[0m]: in model demo (models\demo\demo.sql)
[0m23:40:10.364839 [error] [MainThread]:   Database Error in model demo (models\demo\demo.sql)
  001003 (42000): SQL compilation error:
  syntax error line 8 at position 163 unexpected ';'.
  compiled code at target\run\aws_dbt_snowflake_project\models\demo\demo.sql
[0m23:40:10.366539 [info ] [MainThread]: 
[0m23:40:10.368287 [info ] [MainThread]:   compiled code at target\compiled\aws_dbt_snowflake_project\models\demo\demo.sql
[0m23:40:10.369798 [info ] [MainThread]: 
[0m23:40:10.371656 [info ] [MainThread]: Done. PASS=0 WARN=0 ERROR=1 SKIP=0 NO-OP=0 REUSED=0 TOTAL=1
[0m23:40:10.376954 [debug] [MainThread]: Command `dbt run` failed at 23:40:10.376332 after 15.39 seconds
[0m23:40:10.378712 [debug] [MainThread]: Sending event: {'category': 'dbt', 'action': 'invocation', 'label': 'end', 'context': [<snowplow_tracker.self_describing_json.SelfDescribingJson object at 0x0000013A3AA4F3E0>, <snowplow_tracker.self_describing_json.SelfDescribingJson object at 0x0000013A3A922170>, <snowplow_tracker.self_describing_json.SelfDescribingJson object at 0x0000013A3A9200F0>]}
[0m23:40:10.380447 [debug] [MainThread]: Flushing usage events
[0m23:40:11.799759 [debug] [MainThread]: An error was encountered while trying to flush usage events
[0m23:41:54.876007 [debug] [MainThread]: Sending event: {'category': 'dbt', 'action': 'invocation', 'label': 'start', 'context': [<snowplow_tracker.self_describing_json.SelfDescribingJson object at 0x0000029D5E39E900>, <snowplow_tracker.self_describing_json.SelfDescribingJson object at 0x0000029D609EFED0>, <snowplow_tracker.self_describing_json.SelfDescribingJson object at 0x0000029D609EFB10>]}


============================== 23:41:54.892016 | a96d935e-f9f6-4367-b4b0-de1102330d02 ==============================
[0m23:41:54.892016 [info ] [MainThread]: Running with dbt=1.12.5
[0m23:41:54.893974 [debug] [MainThread]: running dbt with arguments {'maximum_seed_size_mib': '1', 'no_print': 'None', 'version_check': 'True', 'warn_error_options': 'WarnErrorOptionsV2(error=[], warn=[], silence=[])', 'static_parser': 'True', 'target_path': 'None', 'printer_width': '80', 'write_json': 'True', 'introspect': 'True', 'log_cache_events': 'False', 'empty': 'False', 'cache_selected_only': 'False', 'log_format': 'default', 'debug': 'False', 'fail_fast': 'False', 'profiles_dir': 'C:\\Users\\samee\\OneDrive\\Desktop\\aws_dbt_snowflake\\aws_dbt_snowflake_project', 'send_anonymous_usage_stats': 'True', 'quiet': 'False', 'warn_error': 'None', 'partial_parse': 'True', 'indirect_selection': 'eager', 'hints_enabled': 'True', 'use_colors': 'True', 'use_experimental_parser': 'False', 'invocation_command': 'dbt run --select models/demo', 'log_path': 'C:\\Users\\samee\\OneDrive\\Desktop\\aws_dbt_snowflake\\aws_dbt_snowflake_project\\logs'}
[0m23:41:56.704521 [debug] [MainThread]: Snowflake adapter: Setting snowflake.connector to ERROR (file logging only)
[0m23:41:56.705865 [debug] [MainThread]: Snowflake adapter: Setting botocore to ERROR (file logging only)
[0m23:41:56.707250 [debug] [MainThread]: Snowflake adapter: Setting boto3 to ERROR (file logging only)
[0m23:41:57.856863 [debug] [MainThread]: Sending event: {'category': 'dbt', 'action': 'project_id', 'label': 'a96d935e-f9f6-4367-b4b0-de1102330d02', 'context': [<snowplow_tracker.self_describing_json.SelfDescribingJson object at 0x0000029D5E8C2FD0>]}
[0m23:41:58.076922 [debug] [MainThread]: Sending event: {'category': 'dbt', 'action': 'adapter_info', 'label': 'a96d935e-f9f6-4367-b4b0-de1102330d02', 'context': [<snowplow_tracker.self_describing_json.SelfDescribingJson object at 0x0000029D5EF08380>]}
[0m23:41:58.083746 [info ] [MainThread]: Registered adapter: snowflake=1.12.1
[0m23:41:59.318755 [debug] [MainThread]: checksum: 0ee1a1dce6b94271f7f4877021b9467e87e858ea987b298e8ea9f7304295ef8e, vars: {}, profile: aws_dbt_snowflake_project, target: dev, version: 1.12.5
[0m23:41:59.771209 [debug] [MainThread]: Partial parsing enabled: 0 files deleted, 0 files added, 0 files changed.
[0m23:41:59.772295 [debug] [MainThread]: Nothing changed, skipping partial parsing.
[0m23:41:59.773088 [debug] [MainThread]: Partial parsing enabled, no changes found, skipping parsing
[0m23:41:59.789339 [warn ] [MainThread]: [[33mWARNING[0m]: Configuration paths exist in your dbt_project.yml file which do not apply to any resources.
There are 1 unused configuration paths:
- models.aws_dbt_snowflake_project.example
[0m23:41:59.805434 [debug] [MainThread]: Sending event: {'category': 'dbt', 'action': 'load_project', 'label': 'a96d935e-f9f6-4367-b4b0-de1102330d02', 'context': [<snowplow_tracker.self_describing_json.SelfDescribingJson object at 0x0000029D62774450>]}
[0m23:42:00.195170 [debug] [MainThread]: Wrote artifact WritableManifest to C:\Users\samee\OneDrive\Desktop\aws_dbt_snowflake\aws_dbt_snowflake_project\target\manifest.json
[0m23:42:00.213152 [debug] [MainThread]: Wrote artifact SemanticManifest to C:\Users\samee\OneDrive\Desktop\aws_dbt_snowflake\aws_dbt_snowflake_project\target\semantic_manifest.json
[0m23:42:00.337935 [debug] [MainThread]: Wrote artifact OsiDocument to C:\Users\samee\OneDrive\Desktop\aws_dbt_snowflake\aws_dbt_snowflake_project\target\osi_document.json
[0m23:42:00.464008 [debug] [MainThread]: Sending event: {'category': 'dbt', 'action': 'resource_counts', 'label': 'a96d935e-f9f6-4367-b4b0-de1102330d02', 'context': [<snowplow_tracker.self_describing_json.SelfDescribingJson object at 0x0000029D627F59A0>]}
[0m23:42:00.466689 [info ] [MainThread]: Found 1 model, 562 macros
[0m23:42:00.489255 [debug] [MainThread]: Sending event: {'category': 'dbt', 'action': 'runnable_timing', 'label': 'a96d935e-f9f6-4367-b4b0-de1102330d02', 'context': [<snowplow_tracker.self_describing_json.SelfDescribingJson object at 0x0000029D62816430>]}
[0m23:42:00.496370 [info ] [MainThread]: 
[0m23:42:00.497843 [info ] [MainThread]: Concurrency: 1 threads (target='dev')
[0m23:42:00.499222 [info ] [MainThread]: 
[0m23:42:00.501655 [debug] [MainThread]: Acquiring new snowflake connection 'master'
[0m23:42:00.504445 [debug] [ThreadPool]: Acquiring new snowflake connection 'list_AIRBNB'
[0m23:42:00.570744 [debug] [ThreadPool]: Using snowflake connection "list_AIRBNB"
[0m23:42:00.571830 [debug] [ThreadPool]: On list_AIRBNB: show terse schemas in database AIRBNB
    limit 10000
/* {"app": "dbt", "dbt_version": "1.12.5", "profile_name": "aws_dbt_snowflake_project", "target_name": "dev", "connection_name": "list_AIRBNB"} */
[0m23:42:00.572595 [debug] [ThreadPool]: Opening a new connection, currently in state init
[0m23:42:03.656032 [debug] [ThreadPool]: SQL status: SUCCESS 4 in 3.083 seconds
[0m23:42:03.666016 [debug] [ThreadPool]: Acquiring new snowflake connection 'list_AIRBNB_dbt_schema'
[0m23:42:03.715844 [debug] [ThreadPool]: Using snowflake connection "list_AIRBNB_dbt_schema"
[0m23:42:03.717702 [debug] [ThreadPool]: On list_AIRBNB_dbt_schema: show objects in AIRBNB.dbt_schema
    limit 10000
    

/* {"app": "dbt", "dbt_version": "1.12.5", "profile_name": "aws_dbt_snowflake_project", "target_name": "dev", "connection_name": "list_AIRBNB_dbt_schema"} */;
[0m23:42:03.719363 [debug] [ThreadPool]: Opening a new connection, currently in state init
[0m23:42:04.659049 [debug] [ThreadPool]: SQL status: SUCCESS 0 in 0.940 seconds
[0m23:42:04.677108 [debug] [ThreadPool]: Using snowflake connection "list_AIRBNB_dbt_schema"
[0m23:42:04.678125 [debug] [ThreadPool]: On list_AIRBNB_dbt_schema: show user functions in AIRBNB.dbt_schema
/* {"app": "dbt", "dbt_version": "1.12.5", "profile_name": "aws_dbt_snowflake_project", "target_name": "dev", "connection_name": "list_AIRBNB_dbt_schema"} */
[0m23:42:05.048537 [debug] [ThreadPool]: SQL status: SUCCESS 0 in 0.369 seconds
[0m23:42:05.054912 [debug] [MainThread]: Sending event: {'category': 'dbt', 'action': 'runnable_timing', 'label': 'a96d935e-f9f6-4367-b4b0-de1102330d02', 'context': [<snowplow_tracker.self_describing_json.SelfDescribingJson object at 0x0000029D63A89230>]}
[0m23:42:05.071214 [debug] [Thread-2 (]: Began running node model.aws_dbt_snowflake_project.demo
[0m23:42:05.073105 [info ] [Thread-2 (]: 1 of 1 START sql view model dbt_schema.demo .................................... [RUN]
[0m23:42:05.075881 [debug] [Thread-2 (]: Acquiring new snowflake connection 'model.aws_dbt_snowflake_project.demo'
[0m23:42:05.077535 [debug] [Thread-2 (]: Began compiling node model.aws_dbt_snowflake_project.demo
[0m23:42:05.098058 [debug] [Thread-2 (]: Writing injected SQL for node "model.aws_dbt_snowflake_project.demo"
[0m23:42:05.102110 [debug] [Thread-2 (]: Began executing node model.aws_dbt_snowflake_project.demo
[0m23:42:05.256031 [debug] [Thread-2 (]: Writing runtime sql for node "model.aws_dbt_snowflake_project.demo"
[0m23:42:05.259835 [debug] [Thread-2 (]: Using snowflake connection "model.aws_dbt_snowflake_project.demo"
[0m23:42:05.261620 [debug] [Thread-2 (]: On model.aws_dbt_snowflake_project.demo: create or replace   view AIRBNB.dbt_schema.demo
  
  
  
  
  as (
    select * from airbnb.staging.listings
  )
/* {"app": "dbt", "dbt_version": "1.12.5", "profile_name": "aws_dbt_snowflake_project", "target_name": "dev", "node_id": "model.aws_dbt_snowflake_project.demo"} */;
[0m23:42:05.262734 [debug] [Thread-2 (]: Opening a new connection, currently in state init
[0m23:42:06.334571 [debug] [Thread-2 (]: SQL status: SUCCESS 1 in 1.071 seconds
[0m23:42:06.572838 [debug] [Thread-2 (]: Sending event: {'category': 'dbt', 'action': 'run_model', 'label': 'a96d935e-f9f6-4367-b4b0-de1102330d02', 'context': [<snowplow_tracker.self_describing_json.SelfDescribingJson object at 0x0000029D63A77350>]}
[0m23:42:06.577720 [info ] [Thread-2 (]: 1 of 1 OK created sql view model dbt_schema.demo ............................... [[32mSUCCESS 1[0m in 1.48s]
[0m23:42:06.583113 [debug] [Thread-2 (]: Finished running node model.aws_dbt_snowflake_project.demo
[0m23:42:06.590231 [debug] [MainThread]: Connection 'master' was properly closed.
[0m23:42:06.592027 [debug] [MainThread]: Connection 'list_AIRBNB' was left open.
[0m23:42:06.593510 [debug] [MainThread]: On list_AIRBNB: Close
[0m23:42:06.870696 [debug] [MainThread]: Connection 'list_AIRBNB_dbt_schema' was left open.
[0m23:42:06.872009 [debug] [MainThread]: On list_AIRBNB_dbt_schema: Close
[0m23:42:07.144883 [debug] [MainThread]: Connection 'model.aws_dbt_snowflake_project.demo' was left open.
[0m23:42:07.146501 [debug] [MainThread]: On model.aws_dbt_snowflake_project.demo: Close
[0m23:42:07.405588 [info ] [MainThread]: 
[0m23:42:07.407478 [info ] [MainThread]: Finished running 1 view model in 0 hours 0 minutes and 6.90 seconds (6.90s).
[0m23:42:07.410922 [debug] [MainThread]: Command end result
[0m23:42:07.607146 [debug] [MainThread]: Wrote artifact WritableManifest to C:\Users\samee\OneDrive\Desktop\aws_dbt_snowflake\aws_dbt_snowflake_project\target\manifest.json
[0m23:42:07.624063 [debug] [MainThread]: Wrote artifact SemanticManifest to C:\Users\samee\OneDrive\Desktop\aws_dbt_snowflake\aws_dbt_snowflake_project\target\semantic_manifest.json
[0m23:42:07.641388 [debug] [MainThread]: Wrote artifact OsiDocument to C:\Users\samee\OneDrive\Desktop\aws_dbt_snowflake\aws_dbt_snowflake_project\target\osi_document.json
[0m23:42:07.669686 [debug] [MainThread]: Wrote artifact RunExecutionResult to C:\Users\samee\OneDrive\Desktop\aws_dbt_snowflake\aws_dbt_snowflake_project\target\run_results.json
[0m23:42:07.671528 [info ] [MainThread]: 
[0m23:42:07.673307 [info ] [MainThread]: [32mCompleted successfully[0m
[0m23:42:07.674658 [info ] [MainThread]: 
[0m23:42:07.676045 [info ] [MainThread]: Done. PASS=1 WARN=0 ERROR=0 SKIP=0 NO-OP=0 REUSED=0 TOTAL=1
[0m23:42:07.680810 [debug] [MainThread]: Command `dbt run` succeeded at 23:42:07.680169 after 13.29 seconds
[0m23:42:07.682833 [debug] [MainThread]: Sending event: {'category': 'dbt', 'action': 'invocation', 'label': 'end', 'context': [<snowplow_tracker.self_describing_json.SelfDescribingJson object at 0x0000029D63B5A990>, <snowplow_tracker.self_describing_json.SelfDescribingJson object at 0x0000029D63B2CE10>, <snowplow_tracker.self_describing_json.SelfDescribingJson object at 0x0000029D63B2D270>]}
[0m23:42:07.684754 [debug] [MainThread]: Flushing usage events
[0m23:42:09.091409 [debug] [MainThread]: An error was encountered while trying to flush usage events
[0m10:33:52.466429 [debug] [MainThread]: Sending event: {'category': 'dbt', 'action': 'invocation', 'label': 'start', 'context': [<snowplow_tracker.self_describing_json.SelfDescribingJson object at 0x00000248657FE900>, <snowplow_tracker.self_describing_json.SelfDescribingJson object at 0x0000024867E5FED0>, <snowplow_tracker.self_describing_json.SelfDescribingJson object at 0x0000024867E5FB10>]}


============================== 10:33:52.473443 | e3f39c69-44a4-4f56-815f-3d9acbb9922d ==============================
[0m10:33:52.473443 [info ] [MainThread]: Running with dbt=1.12.5
[0m10:33:52.474526 [debug] [MainThread]: running dbt with arguments {'static_parser': 'True', 'no_print': 'None', 'maximum_seed_size_mib': '1', 'warn_error_options': 'WarnErrorOptionsV2(error=[], warn=[], silence=[])', 'target_path': 'None', 'version_check': 'True', 'printer_width': '80', 'write_json': 'True', 'empty': 'False', 'log_cache_events': 'False', 'introspect': 'True', 'cache_selected_only': 'False', 'log_format': 'default', 'debug': 'False', 'fail_fast': 'False', 'partial_parse': 'True', 'send_anonymous_usage_stats': 'True', 'quiet': 'False', 'warn_error': 'None', 'profiles_dir': 'C:\\Users\\samee\\OneDrive\\Desktop\\aws_dbt_snowflake\\aws_dbt_snowflake_project', 'invocation_command': 'dbt compile', 'hints_enabled': 'True', 'indirect_selection': 'eager', 'use_experimental_parser': 'False', 'use_colors': 'True', 'log_path': 'C:\\Users\\samee\\OneDrive\\Desktop\\aws_dbt_snowflake\\aws_dbt_snowflake_project\\logs'}
[0m10:33:54.292716 [debug] [MainThread]: Snowflake adapter: Setting snowflake.connector to ERROR (file logging only)
[0m10:33:54.294649 [debug] [MainThread]: Snowflake adapter: Setting botocore to ERROR (file logging only)
[0m10:33:54.295348 [debug] [MainThread]: Snowflake adapter: Setting boto3 to ERROR (file logging only)
[0m10:33:58.153108 [debug] [MainThread]: Sending event: {'category': 'dbt', 'action': 'project_id', 'label': 'e3f39c69-44a4-4f56-815f-3d9acbb9922d', 'context': [<snowplow_tracker.self_describing_json.SelfDescribingJson object at 0x0000024865D1EFD0>]}
[0m10:33:58.236557 [debug] [MainThread]: Sending event: {'category': 'dbt', 'action': 'adapter_info', 'label': 'e3f39c69-44a4-4f56-815f-3d9acbb9922d', 'context': [<snowplow_tracker.self_describing_json.SelfDescribingJson object at 0x0000024866378380>]}
[0m10:33:58.242505 [info ] [MainThread]: Registered adapter: snowflake=1.12.1
[0m10:33:58.898250 [debug] [MainThread]: checksum: 0ee1a1dce6b94271f7f4877021b9467e87e858ea987b298e8ea9f7304295ef8e, vars: {}, profile: aws_dbt_snowflake_project, target: dev, version: 1.12.5
[0m10:33:59.002026 [error] [MainThread]: [[31mERROR[0m]: Encountered an error:
Parsing Error
  Error reading aws_dbt_snowflake_project: bronze\bronze_bookings.yml - Runtime Error
    Contents of file 'models\bronze\bronze_bookings.yml' are not valid. Dictionary expected.
[0m10:33:59.003818 [debug] [MainThread]: Command `dbt compile` failed at 10:33:59.003614 after 6.74 seconds
[0m10:33:59.004353 [debug] [MainThread]: Sending event: {'category': 'dbt', 'action': 'invocation', 'label': 'end', 'context': [<snowplow_tracker.self_describing_json.SelfDescribingJson object at 0x000002486AE04350>, <snowplow_tracker.self_describing_json.SelfDescribingJson object at 0x000002486AE04150>, <snowplow_tracker.self_describing_json.SelfDescribingJson object at 0x00000248697C2F30>]}
[0m10:33:59.004778 [debug] [MainThread]: Flushing usage events
[0m10:34:00.429053 [debug] [MainThread]: An error was encountered while trying to flush usage events
[0m10:37:05.936787 [debug] [MainThread]: Sending event: {'category': 'dbt', 'action': 'invocation', 'label': 'start', 'context': [<snowplow_tracker.self_describing_json.SelfDescribingJson object at 0x000001E9DA882900>, <snowplow_tracker.self_describing_json.SelfDescribingJson object at 0x000001E9DCECFED0>, <snowplow_tracker.self_describing_json.SelfDescribingJson object at 0x000001E9DCECFB10>]}


============================== 10:37:05.942416 | 9efd5528-4e13-476d-bb18-dd85c756ecf0 ==============================
[0m10:37:05.942416 [info ] [MainThread]: Running with dbt=1.12.5
[0m10:37:05.943466 [debug] [MainThread]: running dbt with arguments {'static_parser': 'True', 'no_print': 'None', 'version_check': 'True', 'target_path': 'None', 'maximum_seed_size_mib': '1', 'warn_error_options': 'WarnErrorOptionsV2(error=[], warn=[], silence=[])', 'printer_width': '80', 'write_json': 'True', 'introspect': 'True', 'log_cache_events': 'False', 'empty': 'False', 'cache_selected_only': 'False', 'fail_fast': 'False', 'debug': 'False', 'log_format': 'default', 'profiles_dir': 'C:\\Users\\samee\\OneDrive\\Desktop\\aws_dbt_snowflake\\aws_dbt_snowflake_project', 'send_anonymous_usage_stats': 'True', 'quiet': 'False', 'warn_error': 'None', 'partial_parse': 'True', 'indirect_selection': 'eager', 'hints_enabled': 'True', 'invocation_command': 'dbt compile', 'use_experimental_parser': 'False', 'use_colors': 'True', 'log_path': 'C:\\Users\\samee\\OneDrive\\Desktop\\aws_dbt_snowflake\\aws_dbt_snowflake_project\\logs'}
[0m10:37:06.705754 [debug] [MainThread]: Snowflake adapter: Setting snowflake.connector to ERROR (file logging only)
[0m10:37:06.706462 [debug] [MainThread]: Snowflake adapter: Setting botocore to ERROR (file logging only)
[0m10:37:06.706983 [debug] [MainThread]: Snowflake adapter: Setting boto3 to ERROR (file logging only)
[0m10:37:07.105933 [debug] [MainThread]: Sending event: {'category': 'dbt', 'action': 'project_id', 'label': '9efd5528-4e13-476d-bb18-dd85c756ecf0', 'context': [<snowplow_tracker.self_describing_json.SelfDescribingJson object at 0x000001E9DAD9EFD0>]}
[0m10:37:07.192223 [debug] [MainThread]: Sending event: {'category': 'dbt', 'action': 'adapter_info', 'label': '9efd5528-4e13-476d-bb18-dd85c756ecf0', 'context': [<snowplow_tracker.self_describing_json.SelfDescribingJson object at 0x000001E9DB3E8380>]}
[0m10:37:07.194077 [info ] [MainThread]: Registered adapter: snowflake=1.12.1
[0m10:37:07.887043 [debug] [MainThread]: checksum: 0ee1a1dce6b94271f7f4877021b9467e87e858ea987b298e8ea9f7304295ef8e, vars: {}, profile: aws_dbt_snowflake_project, target: dev, version: 1.12.5
[0m10:37:08.138577 [debug] [MainThread]: Partial parsing enabled: 3 files deleted, 3 files added, 0 files changed.
[0m10:37:08.139670 [debug] [MainThread]: Partial parsing: added file: aws_dbt_snowflake_project://models\bronze\bronze_hosts.sql
[0m10:37:08.140326 [debug] [MainThread]: Partial parsing: added file: aws_dbt_snowflake_project://models\bronze\bronze_bookings.sql
[0m10:37:08.141003 [debug] [MainThread]: Partial parsing: added file: aws_dbt_snowflake_project://models\bronze\bronze_listings.sql
[0m10:37:08.563155 [error] [MainThread]: [[31mERROR[0m]: Encountered an error:
Compilation Error in model bronze_hosts (models\bronze\bronze_hosts.sql)
  unexpected '}'
    line 1
      select * from {{source('staging', 'hosts')} }
[0m10:37:08.566714 [debug] [MainThread]: Command `dbt compile` failed at 10:37:08.566209 after 2.80 seconds
[0m10:37:08.568029 [debug] [MainThread]: Sending event: {'category': 'dbt', 'action': 'invocation', 'label': 'end', 'context': [<snowplow_tracker.self_describing_json.SelfDescribingJson object at 0x000001E9DEBD6350>, <snowplow_tracker.self_describing_json.SelfDescribingJson object at 0x000001E9DEBD4A50>, <snowplow_tracker.self_describing_json.SelfDescribingJson object at 0x000001E9DEEACB90>]}
[0m10:37:08.568772 [debug] [MainThread]: Flushing usage events
[0m10:37:09.871487 [debug] [MainThread]: An error was encountered while trying to flush usage events
[0m10:37:28.553394 [debug] [MainThread]: Sending event: {'category': 'dbt', 'action': 'invocation', 'label': 'start', 'context': [<snowplow_tracker.self_describing_json.SelfDescribingJson object at 0x00000284F7A1E900>, <snowplow_tracker.self_describing_json.SelfDescribingJson object at 0x00000284FA07FED0>, <snowplow_tracker.self_describing_json.SelfDescribingJson object at 0x00000284FA07FB10>]}


============================== 10:37:28.559245 | d67fcd5c-07c8-49e9-b52a-84a36882bb5d ==============================
[0m10:37:28.559245 [info ] [MainThread]: Running with dbt=1.12.5
[0m10:37:28.560215 [debug] [MainThread]: running dbt with arguments {'static_parser': 'True', 'no_print': 'None', 'version_check': 'True', 'warn_error_options': 'WarnErrorOptionsV2(error=[], warn=[], silence=[])', 'target_path': 'None', 'maximum_seed_size_mib': '1', 'printer_width': '80', 'write_json': 'True', 'empty': 'False', 'log_cache_events': 'False', 'introspect': 'True', 'cache_selected_only': 'False', 'fail_fast': 'False', 'debug': 'False', 'log_format': 'default', 'partial_parse': 'True', 'send_anonymous_usage_stats': 'True', 'quiet': 'False', 'warn_error': 'None', 'profiles_dir': 'C:\\Users\\samee\\OneDrive\\Desktop\\aws_dbt_snowflake\\aws_dbt_snowflake_project', 'use_colors': 'True', 'hints_enabled': 'True', 'indirect_selection': 'eager', 'use_experimental_parser': 'False', 'invocation_command': 'dbt compile', 'log_path': 'C:\\Users\\samee\\OneDrive\\Desktop\\aws_dbt_snowflake\\aws_dbt_snowflake_project\\logs'}
[0m10:37:29.244757 [debug] [MainThread]: Snowflake adapter: Setting snowflake.connector to ERROR (file logging only)
[0m10:37:29.245479 [debug] [MainThread]: Snowflake adapter: Setting botocore to ERROR (file logging only)
[0m10:37:29.246018 [debug] [MainThread]: Snowflake adapter: Setting boto3 to ERROR (file logging only)
[0m10:37:29.599645 [debug] [MainThread]: Sending event: {'category': 'dbt', 'action': 'project_id', 'label': 'd67fcd5c-07c8-49e9-b52a-84a36882bb5d', 'context': [<snowplow_tracker.self_describing_json.SelfDescribingJson object at 0x00000284F7F3EFD0>]}
[0m10:37:29.681400 [debug] [MainThread]: Sending event: {'category': 'dbt', 'action': 'adapter_info', 'label': 'd67fcd5c-07c8-49e9-b52a-84a36882bb5d', 'context': [<snowplow_tracker.self_describing_json.SelfDescribingJson object at 0x00000284F8598380>]}
[0m10:37:29.683551 [info ] [MainThread]: Registered adapter: snowflake=1.12.1
[0m10:37:30.087276 [debug] [MainThread]: checksum: 0ee1a1dce6b94271f7f4877021b9467e87e858ea987b298e8ea9f7304295ef8e, vars: {}, profile: aws_dbt_snowflake_project, target: dev, version: 1.12.5
[0m10:37:30.252640 [debug] [MainThread]: Partial parsing enabled: 3 files deleted, 3 files added, 0 files changed.
[0m10:37:30.253307 [debug] [MainThread]: Partial parsing: added file: aws_dbt_snowflake_project://models\bronze\bronze_listings.sql
[0m10:37:30.253691 [debug] [MainThread]: Partial parsing: added file: aws_dbt_snowflake_project://models\bronze\bronze_bookings.sql
[0m10:37:30.254051 [debug] [MainThread]: Partial parsing: added file: aws_dbt_snowflake_project://models\bronze\bronze_hosts.sql
[0m10:37:30.579417 [error] [MainThread]: [[31mERROR[0m]: Encountered an error:
Compilation Error in model bronze_hosts (models\bronze\bronze_hosts.sql)
  unexpected '}'
    line 1
      select * from {{source('staging', 'hosts')} }
[0m10:37:30.582008 [debug] [MainThread]: Command `dbt compile` failed at 10:37:30.581813 after 2.19 seconds
[0m10:37:30.582469 [debug] [MainThread]: Sending event: {'category': 'dbt', 'action': 'invocation', 'label': 'end', 'context': [<snowplow_tracker.self_describing_json.SelfDescribingJson object at 0x00000284FBD76150>, <snowplow_tracker.self_describing_json.SelfDescribingJson object at 0x00000284FBD76C50>, <snowplow_tracker.self_describing_json.SelfDescribingJson object at 0x00000284FCFF0F50>]}
[0m10:37:30.582891 [debug] [MainThread]: Flushing usage events
[0m10:37:31.880521 [debug] [MainThread]: An error was encountered while trying to flush usage events
[0m10:37:55.426459 [debug] [MainThread]: Sending event: {'category': 'dbt', 'action': 'invocation', 'label': 'start', 'context': [<snowplow_tracker.self_describing_json.SelfDescribingJson object at 0x000002B07E84E900>, <snowplow_tracker.self_describing_json.SelfDescribingJson object at 0x000002B07FECFED0>, <snowplow_tracker.self_describing_json.SelfDescribingJson object at 0x000002B07FECFB10>]}


============================== 10:37:55.432282 | 4bb0f7ef-e7bd-4d7c-b64f-b8b2257bf32b ==============================
[0m10:37:55.432282 [info ] [MainThread]: Running with dbt=1.12.5
[0m10:37:55.433303 [debug] [MainThread]: running dbt with arguments {'static_parser': 'True', 'no_print': 'None', 'version_check': 'True', 'target_path': 'None', 'warn_error_options': 'WarnErrorOptionsV2(error=[], warn=[], silence=[])', 'maximum_seed_size_mib': '1', 'printer_width': '80', 'write_json': 'True', 'introspect': 'True', 'log_cache_events': 'False', 'empty': 'False', 'cache_selected_only': 'False', 'log_format': 'default', 'debug': 'False', 'fail_fast': 'False', 'partial_parse': 'True', 'send_anonymous_usage_stats': 'True', 'quiet': 'False', 'warn_error': 'None', 'profiles_dir': 'C:\\Users\\samee\\OneDrive\\Desktop\\aws_dbt_snowflake\\aws_dbt_snowflake_project', 'use_colors': 'True', 'hints_enabled': 'True', 'invocation_command': 'dbt compile', 'use_experimental_parser': 'False', 'indirect_selection': 'eager', 'log_path': 'C:\\Users\\samee\\OneDrive\\Desktop\\aws_dbt_snowflake\\aws_dbt_snowflake_project\\logs'}
[0m10:37:56.105151 [debug] [MainThread]: Snowflake adapter: Setting snowflake.connector to ERROR (file logging only)
[0m10:37:56.105896 [debug] [MainThread]: Snowflake adapter: Setting botocore to ERROR (file logging only)
[0m10:37:56.106439 [debug] [MainThread]: Snowflake adapter: Setting boto3 to ERROR (file logging only)
[0m10:37:56.464770 [debug] [MainThread]: Sending event: {'category': 'dbt', 'action': 'project_id', 'label': '4bb0f7ef-e7bd-4d7c-b64f-b8b2257bf32b', 'context': [<snowplow_tracker.self_describing_json.SelfDescribingJson object at 0x000002B07ED72FD0>]}
[0m10:37:56.548593 [debug] [MainThread]: Sending event: {'category': 'dbt', 'action': 'adapter_info', 'label': '4bb0f7ef-e7bd-4d7c-b64f-b8b2257bf32b', 'context': [<snowplow_tracker.self_describing_json.SelfDescribingJson object at 0x000002B07F3B8380>]}
[0m10:37:56.550785 [info ] [MainThread]: Registered adapter: snowflake=1.12.1
[0m10:37:56.964997 [debug] [MainThread]: checksum: 0ee1a1dce6b94271f7f4877021b9467e87e858ea987b298e8ea9f7304295ef8e, vars: {}, profile: aws_dbt_snowflake_project, target: dev, version: 1.12.5
[0m10:37:57.161510 [debug] [MainThread]: Partial parsing enabled: 0 files deleted, 0 files added, 0 files changed.
[0m10:37:57.161973 [debug] [MainThread]: Nothing changed, skipping partial parsing.
[0m10:37:57.162290 [debug] [MainThread]: Partial parsing enabled, no changes found, skipping parsing
[0m10:37:57.168830 [warn ] [MainThread]: [[33mWARNING[0m]: Configuration paths exist in your dbt_project.yml file which do not apply to any resources.
There are 1 unused configuration paths:
- models.aws_dbt_snowflake_project.demo
[0m10:37:57.174740 [debug] [MainThread]: Sending event: {'category': 'dbt', 'action': 'load_project', 'label': '4bb0f7ef-e7bd-4d7c-b64f-b8b2257bf32b', 'context': [<snowplow_tracker.self_describing_json.SelfDescribingJson object at 0x000002B002DD0450>]}
[0m10:37:57.330556 [debug] [MainThread]: Wrote artifact WritableManifest to C:\Users\samee\OneDrive\Desktop\aws_dbt_snowflake\aws_dbt_snowflake_project\target\manifest.json
[0m10:37:57.350843 [debug] [MainThread]: Wrote artifact SemanticManifest to C:\Users\samee\OneDrive\Desktop\aws_dbt_snowflake\aws_dbt_snowflake_project\target\semantic_manifest.json
[0m10:37:57.435559 [debug] [MainThread]: Wrote artifact OsiDocument to C:\Users\samee\OneDrive\Desktop\aws_dbt_snowflake\aws_dbt_snowflake_project\target\osi_document.json
[0m10:37:57.462367 [debug] [MainThread]: Sending event: {'category': 'dbt', 'action': 'resource_counts', 'label': '4bb0f7ef-e7bd-4d7c-b64f-b8b2257bf32b', 'context': [<snowplow_tracker.self_describing_json.SelfDescribingJson object at 0x000002B00403D8B0>]}
[0m10:37:57.463356 [info ] [MainThread]: Found 3 models, 3 sources, 562 macros
[0m10:37:57.464103 [debug] [MainThread]: Sending event: {'category': 'dbt', 'action': 'runnable_timing', 'label': '4bb0f7ef-e7bd-4d7c-b64f-b8b2257bf32b', 'context': [<snowplow_tracker.self_describing_json.SelfDescribingJson object at 0x000002B0040F66D0>]}
[0m10:37:57.467582 [info ] [MainThread]: 
[0m10:37:57.468291 [info ] [MainThread]: Concurrency: 1 threads (target='dev')
[0m10:37:57.468910 [info ] [MainThread]: 
[0m10:37:57.470170 [debug] [MainThread]: Acquiring new snowflake connection 'master'
[0m10:37:57.481163 [debug] [ThreadPool]: Acquiring new snowflake connection 'list_AIRBNB_dbt_schema'
[0m10:37:57.515023 [debug] [ThreadPool]: Using snowflake connection "list_AIRBNB_dbt_schema"
[0m10:37:57.515474 [debug] [ThreadPool]: On list_AIRBNB_dbt_schema: show objects in AIRBNB.dbt_schema
    limit 10000
    

/* {"app": "dbt", "dbt_version": "1.12.5", "profile_name": "aws_dbt_snowflake_project", "target_name": "dev", "connection_name": "list_AIRBNB_dbt_schema"} */;
[0m10:37:57.515816 [debug] [ThreadPool]: Opening a new connection, currently in state init
[0m10:37:59.120462 [debug] [ThreadPool]: SQL status: SUCCESS 1 in 1.604 seconds
[0m10:37:59.137771 [debug] [ThreadPool]: Using snowflake connection "list_AIRBNB_dbt_schema"
[0m10:37:59.138696 [debug] [ThreadPool]: On list_AIRBNB_dbt_schema: show user functions in AIRBNB.dbt_schema
/* {"app": "dbt", "dbt_version": "1.12.5", "profile_name": "aws_dbt_snowflake_project", "target_name": "dev", "connection_name": "list_AIRBNB_dbt_schema"} */
[0m10:37:59.321858 [debug] [ThreadPool]: SQL status: SUCCESS 0 in 0.182 seconds
[0m10:37:59.330396 [debug] [MainThread]: Sending event: {'category': 'dbt', 'action': 'runnable_timing', 'label': '4bb0f7ef-e7bd-4d7c-b64f-b8b2257bf32b', 'context': [<snowplow_tracker.self_describing_json.SelfDescribingJson object at 0x000002B0040EA5B0>]}
[0m10:37:59.350275 [debug] [Thread-2 (]: Began running node model.aws_dbt_snowflake_project.bronze_bookings
[0m10:37:59.351770 [debug] [Thread-2 (]: Acquiring new snowflake connection 'model.aws_dbt_snowflake_project.bronze_bookings'
[0m10:37:59.352732 [debug] [Thread-2 (]: Began compiling node model.aws_dbt_snowflake_project.bronze_bookings
[0m10:37:59.366230 [debug] [Thread-2 (]: Writing injected SQL for node "model.aws_dbt_snowflake_project.bronze_bookings"
[0m10:37:59.369588 [debug] [Thread-2 (]: Began executing node model.aws_dbt_snowflake_project.bronze_bookings
[0m10:37:59.371680 [debug] [Thread-2 (]: Finished running node model.aws_dbt_snowflake_project.bronze_bookings
[0m10:37:59.372730 [debug] [Thread-2 (]: Began running node model.aws_dbt_snowflake_project.bronze_hosts
[0m10:37:59.373683 [debug] [Thread-2 (]: Re-using an available connection from the pool (formerly model.aws_dbt_snowflake_project.bronze_bookings, now model.aws_dbt_snowflake_project.bronze_hosts)
[0m10:37:59.374364 [debug] [Thread-2 (]: Began compiling node model.aws_dbt_snowflake_project.bronze_hosts
[0m10:37:59.377174 [debug] [Thread-2 (]: Writing injected SQL for node "model.aws_dbt_snowflake_project.bronze_hosts"
[0m10:37:59.378801 [debug] [Thread-2 (]: Began executing node model.aws_dbt_snowflake_project.bronze_hosts
[0m10:37:59.380053 [debug] [Thread-2 (]: Finished running node model.aws_dbt_snowflake_project.bronze_hosts
[0m10:37:59.380690 [debug] [Thread-2 (]: Began running node model.aws_dbt_snowflake_project.bronze_listings
[0m10:37:59.381316 [debug] [Thread-2 (]: Re-using an available connection from the pool (formerly model.aws_dbt_snowflake_project.bronze_hosts, now model.aws_dbt_snowflake_project.bronze_listings)
[0m10:37:59.381855 [debug] [Thread-2 (]: Began compiling node model.aws_dbt_snowflake_project.bronze_listings
[0m10:37:59.390763 [debug] [Thread-2 (]: Writing injected SQL for node "model.aws_dbt_snowflake_project.bronze_listings"
[0m10:37:59.392311 [debug] [Thread-2 (]: Began executing node model.aws_dbt_snowflake_project.bronze_listings
[0m10:37:59.393525 [debug] [Thread-2 (]: Finished running node model.aws_dbt_snowflake_project.bronze_listings
[0m10:37:59.394955 [debug] [MainThread]: Connection 'master' was properly closed.
[0m10:37:59.395399 [debug] [MainThread]: Connection 'list_AIRBNB_dbt_schema' was left open.
[0m10:37:59.395770 [debug] [MainThread]: On list_AIRBNB_dbt_schema: Close
[0m10:37:59.731250 [debug] [MainThread]: Connection 'model.aws_dbt_snowflake_project.bronze_listings' was properly closed.
[0m10:37:59.732919 [debug] [MainThread]: Command end result
[0m10:37:59.786694 [debug] [MainThread]: Wrote artifact WritableManifest to C:\Users\samee\OneDrive\Desktop\aws_dbt_snowflake\aws_dbt_snowflake_project\target\manifest.json
[0m10:37:59.792023 [debug] [MainThread]: Wrote artifact SemanticManifest to C:\Users\samee\OneDrive\Desktop\aws_dbt_snowflake\aws_dbt_snowflake_project\target\semantic_manifest.json
[0m10:37:59.798005 [debug] [MainThread]: Wrote artifact OsiDocument to C:\Users\samee\OneDrive\Desktop\aws_dbt_snowflake\aws_dbt_snowflake_project\target\osi_document.json
[0m10:37:59.809243 [debug] [MainThread]: Wrote artifact RunExecutionResult to C:\Users\samee\OneDrive\Desktop\aws_dbt_snowflake\aws_dbt_snowflake_project\target\run_results.json
[0m10:37:59.811120 [debug] [MainThread]: Command `dbt compile` succeeded at 10:37:59.810872 after 4.55 seconds
[0m10:37:59.811705 [debug] [MainThread]: Sending event: {'category': 'dbt', 'action': 'invocation', 'label': 'end', 'context': [<snowplow_tracker.self_describing_json.SelfDescribingJson object at 0x000002B07FE38B90>, <snowplow_tracker.self_describing_json.SelfDescribingJson object at 0x000002B00413EFC0>, <snowplow_tracker.self_describing_json.SelfDescribingJson object at 0x000002B00413F120>]}
[0m10:37:59.812189 [debug] [MainThread]: Flushing usage events
[0m10:38:01.069023 [debug] [MainThread]: An error was encountered while trying to flush usage events
[0m10:38:14.250779 [debug] [MainThread]: Sending event: {'category': 'dbt', 'action': 'invocation', 'label': 'start', 'context': [<snowplow_tracker.self_describing_json.SelfDescribingJson object at 0x000002069EB8E900>, <snowplow_tracker.self_describing_json.SelfDescribingJson object at 0x00000206A11DFED0>, <snowplow_tracker.self_describing_json.SelfDescribingJson object at 0x00000206A11DFB10>]}


============================== 10:38:14.259238 | accd6d41-991b-44e2-b55a-f2c466b710a7 ==============================
[0m10:38:14.259238 [info ] [MainThread]: Running with dbt=1.12.5
[0m10:38:14.260853 [debug] [MainThread]: running dbt with arguments {'maximum_seed_size_mib': '1', 'no_print': 'None', 'version_check': 'True', 'warn_error_options': 'WarnErrorOptionsV2(error=[], warn=[], silence=[])', 'static_parser': 'True', 'target_path': 'None', 'printer_width': '80', 'write_json': 'True', 'introspect': 'True', 'log_cache_events': 'False', 'empty': 'False', 'cache_selected_only': 'False', 'fail_fast': 'False', 'debug': 'False', 'log_format': 'default', 'partial_parse': 'True', 'send_anonymous_usage_stats': 'True', 'quiet': 'False', 'warn_error': 'None', 'profiles_dir': 'C:\\Users\\samee\\OneDrive\\Desktop\\aws_dbt_snowflake\\aws_dbt_snowflake_project', 'indirect_selection': 'eager', 'hints_enabled': 'True', 'use_colors': 'True', 'use_experimental_parser': 'False', 'invocation_command': 'dbt run', 'log_path': 'C:\\Users\\samee\\OneDrive\\Desktop\\aws_dbt_snowflake\\aws_dbt_snowflake_project\\logs'}
[0m10:38:15.049903 [debug] [MainThread]: Snowflake adapter: Setting snowflake.connector to ERROR (file logging only)
[0m10:38:15.050611 [debug] [MainThread]: Snowflake adapter: Setting botocore to ERROR (file logging only)
[0m10:38:15.051175 [debug] [MainThread]: Snowflake adapter: Setting boto3 to ERROR (file logging only)
[0m10:38:15.543245 [debug] [MainThread]: Sending event: {'category': 'dbt', 'action': 'project_id', 'label': 'accd6d41-991b-44e2-b55a-f2c466b710a7', 'context': [<snowplow_tracker.self_describing_json.SelfDescribingJson object at 0x000002069F0AEFD0>]}
[0m10:38:15.652946 [debug] [MainThread]: Sending event: {'category': 'dbt', 'action': 'adapter_info', 'label': 'accd6d41-991b-44e2-b55a-f2c466b710a7', 'context': [<snowplow_tracker.self_describing_json.SelfDescribingJson object at 0x000002069F6F8380>]}
[0m10:38:15.656093 [info ] [MainThread]: Registered adapter: snowflake=1.12.1
[0m10:38:16.212536 [debug] [MainThread]: checksum: 0ee1a1dce6b94271f7f4877021b9467e87e858ea987b298e8ea9f7304295ef8e, vars: {}, profile: aws_dbt_snowflake_project, target: dev, version: 1.12.5
[0m10:38:16.461575 [debug] [MainThread]: Partial parsing enabled: 0 files deleted, 0 files added, 0 files changed.
[0m10:38:16.462212 [debug] [MainThread]: Nothing changed, skipping partial parsing.
[0m10:38:16.462672 [debug] [MainThread]: Partial parsing enabled, no changes found, skipping parsing
[0m10:38:16.470994 [warn ] [MainThread]: [[33mWARNING[0m]: Configuration paths exist in your dbt_project.yml file which do not apply to any resources.
There are 1 unused configuration paths:
- models.aws_dbt_snowflake_project.demo
[0m10:38:16.477764 [debug] [MainThread]: Sending event: {'category': 'dbt', 'action': 'load_project', 'label': 'accd6d41-991b-44e2-b55a-f2c466b710a7', 'context': [<snowplow_tracker.self_describing_json.SelfDescribingJson object at 0x00000206A2F10450>]}
[0m10:38:16.695269 [debug] [MainThread]: Wrote artifact WritableManifest to C:\Users\samee\OneDrive\Desktop\aws_dbt_snowflake\aws_dbt_snowflake_project\target\manifest.json
[0m10:38:16.701292 [debug] [MainThread]: Wrote artifact SemanticManifest to C:\Users\samee\OneDrive\Desktop\aws_dbt_snowflake\aws_dbt_snowflake_project\target\semantic_manifest.json
[0m10:38:16.765269 [debug] [MainThread]: Wrote artifact OsiDocument to C:\Users\samee\OneDrive\Desktop\aws_dbt_snowflake\aws_dbt_snowflake_project\target\osi_document.json
[0m10:38:16.794467 [debug] [MainThread]: Sending event: {'category': 'dbt', 'action': 'resource_counts', 'label': 'accd6d41-991b-44e2-b55a-f2c466b710a7', 'context': [<snowplow_tracker.self_describing_json.SelfDescribingJson object at 0x00000206A4159F40>]}
[0m10:38:16.795992 [info ] [MainThread]: Found 3 models, 3 sources, 562 macros
[0m10:38:16.796996 [debug] [MainThread]: Sending event: {'category': 'dbt', 'action': 'runnable_timing', 'label': 'accd6d41-991b-44e2-b55a-f2c466b710a7', 'context': [<snowplow_tracker.self_describing_json.SelfDescribingJson object at 0x00000206A4232B30>]}
[0m10:38:16.800754 [info ] [MainThread]: 
[0m10:38:16.801695 [info ] [MainThread]: Concurrency: 1 threads (target='dev')
[0m10:38:16.802643 [info ] [MainThread]: 
[0m10:38:16.804386 [debug] [MainThread]: Acquiring new snowflake connection 'master'
[0m10:38:16.816858 [debug] [ThreadPool]: Acquiring new snowflake connection 'list_AIRBNB'
[0m10:38:16.863688 [debug] [ThreadPool]: Using snowflake connection "list_AIRBNB"
[0m10:38:16.864542 [debug] [ThreadPool]: On list_AIRBNB: show terse schemas in database AIRBNB
    limit 10000
/* {"app": "dbt", "dbt_version": "1.12.5", "profile_name": "aws_dbt_snowflake_project", "target_name": "dev", "connection_name": "list_AIRBNB"} */
[0m10:38:16.865264 [debug] [ThreadPool]: Opening a new connection, currently in state init
[0m10:38:18.398640 [debug] [ThreadPool]: SQL status: SUCCESS 4 in 1.533 seconds
[0m10:38:18.403067 [debug] [ThreadPool]: Acquiring new snowflake connection 'list_AIRBNB_dbt_schema'
[0m10:38:18.421630 [debug] [ThreadPool]: Using snowflake connection "list_AIRBNB_dbt_schema"
[0m10:38:18.422191 [debug] [ThreadPool]: On list_AIRBNB_dbt_schema: show objects in AIRBNB.dbt_schema
    limit 10000
    

/* {"app": "dbt", "dbt_version": "1.12.5", "profile_name": "aws_dbt_snowflake_project", "target_name": "dev", "connection_name": "list_AIRBNB_dbt_schema"} */;
[0m10:38:18.422600 [debug] [ThreadPool]: Opening a new connection, currently in state init
[0m10:38:19.635946 [debug] [ThreadPool]: SQL status: SUCCESS 1 in 1.213 seconds
[0m10:38:19.652428 [debug] [ThreadPool]: Using snowflake connection "list_AIRBNB_dbt_schema"
[0m10:38:19.653407 [debug] [ThreadPool]: On list_AIRBNB_dbt_schema: show user functions in AIRBNB.dbt_schema
/* {"app": "dbt", "dbt_version": "1.12.5", "profile_name": "aws_dbt_snowflake_project", "target_name": "dev", "connection_name": "list_AIRBNB_dbt_schema"} */
[0m10:38:19.903903 [debug] [ThreadPool]: SQL status: SUCCESS 0 in 0.250 seconds
[0m10:38:19.909124 [debug] [MainThread]: Sending event: {'category': 'dbt', 'action': 'runnable_timing', 'label': 'accd6d41-991b-44e2-b55a-f2c466b710a7', 'context': [<snowplow_tracker.self_describing_json.SelfDescribingJson object at 0x00000206A4252EA0>]}
[0m10:38:19.915248 [debug] [Thread-2 (]: Began running node model.aws_dbt_snowflake_project.bronze_bookings
[0m10:38:19.916491 [info ] [Thread-2 (]: 1 of 3 START sql view model dbt_schema.bronze_bookings ......................... [RUN]
[0m10:38:19.917766 [debug] [Thread-2 (]: Acquiring new snowflake connection 'model.aws_dbt_snowflake_project.bronze_bookings'
[0m10:38:19.918381 [debug] [Thread-2 (]: Began compiling node model.aws_dbt_snowflake_project.bronze_bookings
[0m10:38:19.934892 [debug] [Thread-2 (]: Writing injected SQL for node "model.aws_dbt_snowflake_project.bronze_bookings"
[0m10:38:19.936900 [debug] [Thread-2 (]: Began executing node model.aws_dbt_snowflake_project.bronze_bookings
[0m10:38:20.119331 [debug] [Thread-2 (]: Writing runtime sql for node "model.aws_dbt_snowflake_project.bronze_bookings"
[0m10:38:20.123426 [debug] [Thread-2 (]: Using snowflake connection "model.aws_dbt_snowflake_project.bronze_bookings"
[0m10:38:20.124320 [debug] [Thread-2 (]: On model.aws_dbt_snowflake_project.bronze_bookings: create or replace   view AIRBNB.dbt_schema.bronze_bookings
  
  
  
  
  as (
    select * from AIRBNB.staging.bookings
  )
/* {"app": "dbt", "dbt_version": "1.12.5", "profile_name": "aws_dbt_snowflake_project", "target_name": "dev", "node_id": "model.aws_dbt_snowflake_project.bronze_bookings"} */;
[0m10:38:20.125665 [debug] [Thread-2 (]: Opening a new connection, currently in state init
[0m10:38:21.346818 [debug] [Thread-2 (]: SQL status: SUCCESS 1 in 1.221 seconds
[0m10:38:21.404463 [debug] [Thread-2 (]: Sending event: {'category': 'dbt', 'action': 'run_model', 'label': 'accd6d41-991b-44e2-b55a-f2c466b710a7', 'context': [<snowplow_tracker.self_describing_json.SelfDescribingJson object at 0x00000206A43D71D0>]}
[0m10:38:21.405510 [info ] [Thread-2 (]: 1 of 3 OK created sql view model dbt_schema.bronze_bookings .................... [[32mSUCCESS 1[0m in 1.48s]
[0m10:38:21.406636 [debug] [Thread-2 (]: Finished running node model.aws_dbt_snowflake_project.bronze_bookings
[0m10:38:21.407315 [debug] [Thread-2 (]: Began running node model.aws_dbt_snowflake_project.bronze_hosts
[0m10:38:21.408276 [info ] [Thread-2 (]: 2 of 3 START sql view model dbt_schema.bronze_hosts ............................ [RUN]
[0m10:38:21.409263 [debug] [Thread-2 (]: Re-using an available connection from the pool (formerly model.aws_dbt_snowflake_project.bronze_bookings, now model.aws_dbt_snowflake_project.bronze_hosts)
[0m10:38:21.409848 [debug] [Thread-2 (]: Began compiling node model.aws_dbt_snowflake_project.bronze_hosts
[0m10:38:21.411986 [debug] [Thread-2 (]: Writing injected SQL for node "model.aws_dbt_snowflake_project.bronze_hosts"
[0m10:38:21.413180 [debug] [Thread-2 (]: Began executing node model.aws_dbt_snowflake_project.bronze_hosts
[0m10:38:21.416612 [debug] [Thread-2 (]: Writing runtime sql for node "model.aws_dbt_snowflake_project.bronze_hosts"
[0m10:38:21.418282 [debug] [Thread-2 (]: Using snowflake connection "model.aws_dbt_snowflake_project.bronze_hosts"
[0m10:38:21.419086 [debug] [Thread-2 (]: On model.aws_dbt_snowflake_project.bronze_hosts: create or replace   view AIRBNB.dbt_schema.bronze_hosts
  
  
  
  
  as (
    select * from AIRBNB.staging.hosts
  )
/* {"app": "dbt", "dbt_version": "1.12.5", "profile_name": "aws_dbt_snowflake_project", "target_name": "dev", "node_id": "model.aws_dbt_snowflake_project.bronze_hosts"} */;
[0m10:38:21.797747 [debug] [Thread-2 (]: SQL status: SUCCESS 1 in 0.378 seconds
[0m10:38:21.805379 [debug] [Thread-2 (]: Sending event: {'category': 'dbt', 'action': 'run_model', 'label': 'accd6d41-991b-44e2-b55a-f2c466b710a7', 'context': [<snowplow_tracker.self_describing_json.SelfDescribingJson object at 0x00000206A43DA6D0>]}
[0m10:38:21.807268 [info ] [Thread-2 (]: 2 of 3 OK created sql view model dbt_schema.bronze_hosts ....................... [[32mSUCCESS 1[0m in 0.40s]
[0m10:38:21.809048 [debug] [Thread-2 (]: Finished running node model.aws_dbt_snowflake_project.bronze_hosts
[0m10:38:21.810021 [debug] [Thread-2 (]: Began running node model.aws_dbt_snowflake_project.bronze_listings
[0m10:38:21.811057 [info ] [Thread-2 (]: 3 of 3 START sql view model dbt_schema.bronze_listings ......................... [RUN]
[0m10:38:21.812343 [debug] [Thread-2 (]: Re-using an available connection from the pool (formerly model.aws_dbt_snowflake_project.bronze_hosts, now model.aws_dbt_snowflake_project.bronze_listings)
[0m10:38:21.813151 [debug] [Thread-2 (]: Began compiling node model.aws_dbt_snowflake_project.bronze_listings
[0m10:38:21.817877 [debug] [Thread-2 (]: Writing injected SQL for node "model.aws_dbt_snowflake_project.bronze_listings"
[0m10:38:21.820204 [debug] [Thread-2 (]: Began executing node model.aws_dbt_snowflake_project.bronze_listings
[0m10:38:21.825256 [debug] [Thread-2 (]: Writing runtime sql for node "model.aws_dbt_snowflake_project.bronze_listings"
[0m10:38:21.828160 [debug] [Thread-2 (]: Using snowflake connection "model.aws_dbt_snowflake_project.bronze_listings"
[0m10:38:21.829181 [debug] [Thread-2 (]: On model.aws_dbt_snowflake_project.bronze_listings: create or replace   view AIRBNB.dbt_schema.bronze_listings
  
  
  
  
  as (
    select * from AIRBNB.staging.listings
  )
/* {"app": "dbt", "dbt_version": "1.12.5", "profile_name": "aws_dbt_snowflake_project", "target_name": "dev", "node_id": "model.aws_dbt_snowflake_project.bronze_listings"} */;
[0m10:38:22.165069 [debug] [Thread-2 (]: SQL status: SUCCESS 1 in 0.335 seconds
[0m10:38:22.168639 [debug] [Thread-2 (]: Sending event: {'category': 'dbt', 'action': 'run_model', 'label': 'accd6d41-991b-44e2-b55a-f2c466b710a7', 'context': [<snowplow_tracker.self_describing_json.SelfDescribingJson object at 0x00000206A44520D0>]}
[0m10:38:22.169409 [info ] [Thread-2 (]: 3 of 3 OK created sql view model dbt_schema.bronze_listings .................... [[32mSUCCESS 1[0m in 0.36s]
[0m10:38:22.170398 [debug] [Thread-2 (]: Finished running node model.aws_dbt_snowflake_project.bronze_listings
[0m10:38:22.172223 [debug] [MainThread]: Connection 'master' was properly closed.
[0m10:38:22.172900 [debug] [MainThread]: Connection 'list_AIRBNB' was left open.
[0m10:38:22.173533 [debug] [MainThread]: On list_AIRBNB: Close
[0m10:38:22.487506 [debug] [MainThread]: Connection 'list_AIRBNB_dbt_schema' was left open.
[0m10:38:22.488347 [debug] [MainThread]: On list_AIRBNB_dbt_schema: Close
[0m10:38:22.805114 [debug] [MainThread]: Connection 'model.aws_dbt_snowflake_project.bronze_listings' was left open.
[0m10:38:22.806125 [debug] [MainThread]: On model.aws_dbt_snowflake_project.bronze_listings: Close
[0m10:38:23.120733 [info ] [MainThread]: 
[0m10:38:23.122472 [info ] [MainThread]: Finished running 3 view models in 0 hours 0 minutes and 6.32 seconds (6.32s).
[0m10:38:23.125239 [debug] [MainThread]: Command end result
[0m10:38:23.192848 [debug] [MainThread]: Wrote artifact WritableManifest to C:\Users\samee\OneDrive\Desktop\aws_dbt_snowflake\aws_dbt_snowflake_project\target\manifest.json
[0m10:38:23.198311 [debug] [MainThread]: Wrote artifact SemanticManifest to C:\Users\samee\OneDrive\Desktop\aws_dbt_snowflake\aws_dbt_snowflake_project\target\semantic_manifest.json
[0m10:38:23.205018 [debug] [MainThread]: Wrote artifact OsiDocument to C:\Users\samee\OneDrive\Desktop\aws_dbt_snowflake\aws_dbt_snowflake_project\target\osi_document.json
[0m10:38:23.218759 [debug] [MainThread]: Wrote artifact RunExecutionResult to C:\Users\samee\OneDrive\Desktop\aws_dbt_snowflake\aws_dbt_snowflake_project\target\run_results.json
[0m10:38:23.221250 [info ] [MainThread]: 
[0m10:38:23.222245 [info ] [MainThread]: [32mCompleted successfully[0m
[0m10:38:23.223006 [info ] [MainThread]: 
[0m10:38:23.223763 [info ] [MainThread]: Done. PASS=3 WARN=0 ERROR=0 SKIP=0 NO-OP=0 REUSED=0 TOTAL=3
[0m10:38:23.225544 [debug] [MainThread]: Command `dbt run` succeeded at 10:38:23.225339 after 9.20 seconds
[0m10:38:23.226089 [debug] [MainThread]: Sending event: {'category': 'dbt', 'action': 'invocation', 'label': 'end', 'context': [<snowplow_tracker.self_describing_json.SelfDescribingJson object at 0x00000206A420C450>, <snowplow_tracker.self_describing_json.SelfDescribingJson object at 0x00000206A4189150>, <snowplow_tracker.self_describing_json.SelfDescribingJson object at 0x00000206A121E7B0>]}
[0m10:38:23.226592 [debug] [MainThread]: Flushing usage events
[0m10:38:24.510361 [debug] [MainThread]: An error was encountered while trying to flush usage events
[0m10:41:46.070790 [debug] [MainThread]: Sending event: {'category': 'dbt', 'action': 'invocation', 'label': 'start', 'context': [<snowplow_tracker.self_describing_json.SelfDescribingJson object at 0x0000017AB2DCE900>, <snowplow_tracker.self_describing_json.SelfDescribingJson object at 0x0000017AB542FED0>, <snowplow_tracker.self_describing_json.SelfDescribingJson object at 0x0000017AB542FB10>]}


============================== 10:41:46.076469 | 5313dafe-65c2-4f18-a285-342536c69c48 ==============================
[0m10:41:46.076469 [info ] [MainThread]: Running with dbt=1.12.5
[0m10:41:46.077439 [debug] [MainThread]: running dbt with arguments {'maximum_seed_size_mib': '1', 'no_print': 'None', 'static_parser': 'True', 'warn_error_options': 'WarnErrorOptionsV2(error=[], warn=[], silence=[])', 'target_path': 'None', 'version_check': 'True', 'printer_width': '80', 'write_json': 'True', 'introspect': 'True', 'log_cache_events': 'False', 'empty': 'False', 'cache_selected_only': 'False', 'log_format': 'default', 'debug': 'False', 'fail_fast': 'False', 'partial_parse': 'True', 'send_anonymous_usage_stats': 'True', 'quiet': 'False', 'warn_error': 'None', 'profiles_dir': 'C:\\Users\\samee\\OneDrive\\Desktop\\aws_dbt_snowflake\\aws_dbt_snowflake_project', 'invocation_command': 'dbt run', 'hints_enabled': 'True', 'use_colors': 'True', 'use_experimental_parser': 'False', 'indirect_selection': 'eager', 'log_path': 'C:\\Users\\samee\\OneDrive\\Desktop\\aws_dbt_snowflake\\aws_dbt_snowflake_project\\logs'}
[0m10:41:46.800069 [debug] [MainThread]: Snowflake adapter: Setting snowflake.connector to ERROR (file logging only)
[0m10:41:46.800606 [debug] [MainThread]: Snowflake adapter: Setting botocore to ERROR (file logging only)
[0m10:41:46.801031 [debug] [MainThread]: Snowflake adapter: Setting boto3 to ERROR (file logging only)
[0m10:41:47.223079 [debug] [MainThread]: Sending event: {'category': 'dbt', 'action': 'project_id', 'label': '5313dafe-65c2-4f18-a285-342536c69c48', 'context': [<snowplow_tracker.self_describing_json.SelfDescribingJson object at 0x0000017AB32F2FD0>]}
[0m10:41:47.314893 [debug] [MainThread]: Sending event: {'category': 'dbt', 'action': 'adapter_info', 'label': '5313dafe-65c2-4f18-a285-342536c69c48', 'context': [<snowplow_tracker.self_describing_json.SelfDescribingJson object at 0x0000017AB3948380>]}
[0m10:41:47.317227 [info ] [MainThread]: Registered adapter: snowflake=1.12.1
[0m10:41:47.735933 [debug] [MainThread]: checksum: 0ee1a1dce6b94271f7f4877021b9467e87e858ea987b298e8ea9f7304295ef8e, vars: {}, profile: aws_dbt_snowflake_project, target: dev, version: 1.12.5
[0m10:41:47.931844 [debug] [MainThread]: Partial parsing enabled: 0 files deleted, 0 files added, 0 files changed.
[0m10:41:47.932298 [debug] [MainThread]: Nothing changed, skipping partial parsing.
[0m10:41:47.932611 [debug] [MainThread]: Partial parsing enabled, no changes found, skipping parsing
[0m10:41:47.943532 [debug] [MainThread]: Sending event: {'category': 'dbt', 'action': 'load_project', 'label': '5313dafe-65c2-4f18-a285-342536c69c48', 'context': [<snowplow_tracker.self_describing_json.SelfDescribingJson object at 0x0000017AB8244350>]}
[0m10:41:48.093782 [debug] [MainThread]: Wrote artifact WritableManifest to C:\Users\samee\OneDrive\Desktop\aws_dbt_snowflake\aws_dbt_snowflake_project\target\manifest.json
[0m10:41:48.099391 [debug] [MainThread]: Wrote artifact SemanticManifest to C:\Users\samee\OneDrive\Desktop\aws_dbt_snowflake\aws_dbt_snowflake_project\target\semantic_manifest.json
[0m10:41:48.153526 [debug] [MainThread]: Wrote artifact OsiDocument to C:\Users\samee\OneDrive\Desktop\aws_dbt_snowflake\aws_dbt_snowflake_project\target\osi_document.json
[0m10:41:48.175450 [debug] [MainThread]: Sending event: {'category': 'dbt', 'action': 'resource_counts', 'label': '5313dafe-65c2-4f18-a285-342536c69c48', 'context': [<snowplow_tracker.self_describing_json.SelfDescribingJson object at 0x0000017AB71D5F40>]}
[0m10:41:48.176330 [info ] [MainThread]: Found 3 models, 3 sources, 562 macros
[0m10:41:48.177231 [debug] [MainThread]: Sending event: {'category': 'dbt', 'action': 'runnable_timing', 'label': '5313dafe-65c2-4f18-a285-342536c69c48', 'context': [<snowplow_tracker.self_describing_json.SelfDescribingJson object at 0x0000017AB83DA7B0>]}
[0m10:41:48.180381 [info ] [MainThread]: 
[0m10:41:48.181175 [info ] [MainThread]: Concurrency: 1 threads (target='dev')
[0m10:41:48.181846 [info ] [MainThread]: 
[0m10:41:48.183175 [debug] [MainThread]: Acquiring new snowflake connection 'master'
[0m10:41:48.192972 [debug] [ThreadPool]: Acquiring new snowflake connection 'list_AIRBNB'
[0m10:41:48.217750 [debug] [ThreadPool]: Using snowflake connection "list_AIRBNB"
[0m10:41:48.218239 [debug] [ThreadPool]: On list_AIRBNB: show terse schemas in database AIRBNB
    limit 10000
/* {"app": "dbt", "dbt_version": "1.12.5", "profile_name": "aws_dbt_snowflake_project", "target_name": "dev", "connection_name": "list_AIRBNB"} */
[0m10:41:48.218682 [debug] [ThreadPool]: Opening a new connection, currently in state init
[0m10:41:49.520464 [debug] [ThreadPool]: SQL status: SUCCESS 4 in 1.301 seconds
[0m10:41:49.532111 [debug] [ThreadPool]: Acquiring new snowflake connection 'list_AIRBNB_dbt_schema'
[0m10:41:49.568319 [debug] [ThreadPool]: Using snowflake connection "list_AIRBNB_dbt_schema"
[0m10:41:49.568966 [debug] [ThreadPool]: On list_AIRBNB_dbt_schema: show objects in AIRBNB.dbt_schema
    limit 10000
    

/* {"app": "dbt", "dbt_version": "1.12.5", "profile_name": "aws_dbt_snowflake_project", "target_name": "dev", "connection_name": "list_AIRBNB_dbt_schema"} */;
[0m10:41:49.569442 [debug] [ThreadPool]: Opening a new connection, currently in state init
[0m10:41:50.958164 [debug] [ThreadPool]: SQL status: SUCCESS 4 in 1.388 seconds
[0m10:41:50.981765 [debug] [ThreadPool]: Using snowflake connection "list_AIRBNB_dbt_schema"
[0m10:41:50.982893 [debug] [ThreadPool]: On list_AIRBNB_dbt_schema: show user functions in AIRBNB.dbt_schema
/* {"app": "dbt", "dbt_version": "1.12.5", "profile_name": "aws_dbt_snowflake_project", "target_name": "dev", "connection_name": "list_AIRBNB_dbt_schema"} */
[0m10:41:51.152155 [debug] [ThreadPool]: SQL status: SUCCESS 0 in 0.168 seconds
[0m10:41:51.157455 [debug] [MainThread]: Sending event: {'category': 'dbt', 'action': 'runnable_timing', 'label': '5313dafe-65c2-4f18-a285-342536c69c48', 'context': [<snowplow_tracker.self_describing_json.SelfDescribingJson object at 0x0000017AB856DF30>]}
[0m10:41:51.163846 [debug] [Thread-2 (]: Began running node model.aws_dbt_snowflake_project.bronze_bookings
[0m10:41:51.165079 [info ] [Thread-2 (]: 1 of 3 START sql table model dbt_schema.bronze_bookings ........................ [RUN]
[0m10:41:51.166510 [debug] [Thread-2 (]: Acquiring new snowflake connection 'model.aws_dbt_snowflake_project.bronze_bookings'
[0m10:41:51.167307 [debug] [Thread-2 (]: Began compiling node model.aws_dbt_snowflake_project.bronze_bookings
[0m10:41:51.186040 [debug] [Thread-2 (]: Writing injected SQL for node "model.aws_dbt_snowflake_project.bronze_bookings"
[0m10:41:51.187717 [debug] [Thread-2 (]: Began executing node model.aws_dbt_snowflake_project.bronze_bookings
[0m10:41:51.229241 [debug] [Thread-2 (]:  adapter: Dropping relation "AIRBNB"."DBT_SCHEMA"."BRONZE_BOOKINGS" because it is a view and target relation AIRBNB.dbt_schema.bronze_bookings is of type table.
[0m10:41:51.239938 [debug] [Thread-2 (]: Applying DROP to: "AIRBNB"."DBT_SCHEMA"."BRONZE_BOOKINGS"
[0m10:41:51.256676 [debug] [Thread-2 (]: Using snowflake connection "model.aws_dbt_snowflake_project.bronze_bookings"
[0m10:41:51.257834 [debug] [Thread-2 (]: On model.aws_dbt_snowflake_project.bronze_bookings: drop view if exists "AIRBNB"."DBT_SCHEMA"."BRONZE_BOOKINGS" cascade
/* {"app": "dbt", "dbt_version": "1.12.5", "profile_name": "aws_dbt_snowflake_project", "target_name": "dev", "node_id": "model.aws_dbt_snowflake_project.bronze_bookings"} */
[0m10:41:51.259313 [debug] [Thread-2 (]: Opening a new connection, currently in state init
[0m10:41:52.279393 [debug] [Thread-2 (]: SQL status: SUCCESS 1 in 1.020 seconds
[0m10:41:52.335487 [debug] [Thread-2 (]: Writing runtime sql for node "model.aws_dbt_snowflake_project.bronze_bookings"
[0m10:41:52.338187 [debug] [Thread-2 (]: Using snowflake connection "model.aws_dbt_snowflake_project.bronze_bookings"
[0m10:41:52.339625 [debug] [Thread-2 (]: On model.aws_dbt_snowflake_project.bronze_bookings: create or replace transient table AIRBNB.dbt_schema.bronze_bookings
    
    
    
    
    

    as (select * from AIRBNB.staging.bookings
    )

/* {"app": "dbt", "dbt_version": "1.12.5", "profile_name": "aws_dbt_snowflake_project", "target_name": "dev", "node_id": "model.aws_dbt_snowflake_project.bronze_bookings"} */;
[0m10:41:53.507219 [debug] [Thread-2 (]: SQL status: SUCCESS 5000 in 1.166 seconds
[0m10:41:53.559887 [debug] [Thread-2 (]: Sending event: {'category': 'dbt', 'action': 'run_model', 'label': '5313dafe-65c2-4f18-a285-342536c69c48', 'context': [<snowplow_tracker.self_describing_json.SelfDescribingJson object at 0x0000017AB85A6D50>]}
[0m10:41:53.561134 [info ] [Thread-2 (]: 1 of 3 OK created sql table model dbt_schema.bronze_bookings ................... [[32mSUCCESS 5000[0m in 2.39s]
[0m10:41:53.562485 [debug] [Thread-2 (]: Finished running node model.aws_dbt_snowflake_project.bronze_bookings
[0m10:41:53.563192 [debug] [Thread-2 (]: Began running node model.aws_dbt_snowflake_project.bronze_hosts
[0m10:41:53.564248 [info ] [Thread-2 (]: 2 of 3 START sql table model dbt_schema.bronze_hosts ........................... [RUN]
[0m10:41:53.565149 [debug] [Thread-2 (]: Re-using an available connection from the pool (formerly model.aws_dbt_snowflake_project.bronze_bookings, now model.aws_dbt_snowflake_project.bronze_hosts)
[0m10:41:53.565598 [debug] [Thread-2 (]: Began compiling node model.aws_dbt_snowflake_project.bronze_hosts
[0m10:41:53.568333 [debug] [Thread-2 (]: Writing injected SQL for node "model.aws_dbt_snowflake_project.bronze_hosts"
[0m10:41:53.570477 [debug] [Thread-2 (]: Began executing node model.aws_dbt_snowflake_project.bronze_hosts
[0m10:41:53.574711 [debug] [Thread-2 (]:  adapter: Dropping relation "AIRBNB"."DBT_SCHEMA"."BRONZE_HOSTS" because it is a view and target relation AIRBNB.dbt_schema.bronze_hosts is of type table.
[0m10:41:53.578677 [debug] [Thread-2 (]: Applying DROP to: "AIRBNB"."DBT_SCHEMA"."BRONZE_HOSTS"
[0m10:41:53.583557 [debug] [Thread-2 (]: Using snowflake connection "model.aws_dbt_snowflake_project.bronze_hosts"
[0m10:41:53.584726 [debug] [Thread-2 (]: On model.aws_dbt_snowflake_project.bronze_hosts: drop view if exists "AIRBNB"."DBT_SCHEMA"."BRONZE_HOSTS" cascade
/* {"app": "dbt", "dbt_version": "1.12.5", "profile_name": "aws_dbt_snowflake_project", "target_name": "dev", "node_id": "model.aws_dbt_snowflake_project.bronze_hosts"} */
[0m10:41:53.814713 [debug] [Thread-2 (]: SQL status: SUCCESS 1 in 0.229 seconds
[0m10:41:53.821199 [debug] [Thread-2 (]: Writing runtime sql for node "model.aws_dbt_snowflake_project.bronze_hosts"
[0m10:41:53.824427 [debug] [Thread-2 (]: Using snowflake connection "model.aws_dbt_snowflake_project.bronze_hosts"
[0m10:41:53.825562 [debug] [Thread-2 (]: On model.aws_dbt_snowflake_project.bronze_hosts: create or replace transient table AIRBNB.dbt_schema.bronze_hosts
    
    
    
    
    

    as (select * from AIRBNB.staging.hosts
    )

/* {"app": "dbt", "dbt_version": "1.12.5", "profile_name": "aws_dbt_snowflake_project", "target_name": "dev", "node_id": "model.aws_dbt_snowflake_project.bronze_hosts"} */;
[0m10:41:54.529484 [debug] [Thread-2 (]: SQL status: SUCCESS 200 in 0.703 seconds
[0m10:41:54.534497 [debug] [Thread-2 (]: Sending event: {'category': 'dbt', 'action': 'run_model', 'label': '5313dafe-65c2-4f18-a285-342536c69c48', 'context': [<snowplow_tracker.self_describing_json.SelfDescribingJson object at 0x0000017AB85AD7B0>]}
[0m10:41:54.535642 [info ] [Thread-2 (]: 2 of 3 OK created sql table model dbt_schema.bronze_hosts ...................... [[32mSUCCESS 200[0m in 0.97s]
[0m10:41:54.536793 [debug] [Thread-2 (]: Finished running node model.aws_dbt_snowflake_project.bronze_hosts
[0m10:41:54.537323 [debug] [Thread-2 (]: Began running node model.aws_dbt_snowflake_project.bronze_listings
[0m10:41:54.538042 [info ] [Thread-2 (]: 3 of 3 START sql table model dbt_schema.bronze_listings ........................ [RUN]
[0m10:41:54.538861 [debug] [Thread-2 (]: Re-using an available connection from the pool (formerly model.aws_dbt_snowflake_project.bronze_hosts, now model.aws_dbt_snowflake_project.bronze_listings)
[0m10:41:54.539337 [debug] [Thread-2 (]: Began compiling node model.aws_dbt_snowflake_project.bronze_listings
[0m10:41:54.541476 [debug] [Thread-2 (]: Writing injected SQL for node "model.aws_dbt_snowflake_project.bronze_listings"
[0m10:41:54.543074 [debug] [Thread-2 (]: Began executing node model.aws_dbt_snowflake_project.bronze_listings
[0m10:41:54.546286 [debug] [Thread-2 (]:  adapter: Dropping relation "AIRBNB"."DBT_SCHEMA"."BRONZE_LISTINGS" because it is a view and target relation AIRBNB.dbt_schema.bronze_listings is of type table.
[0m10:41:54.549626 [debug] [Thread-2 (]: Applying DROP to: "AIRBNB"."DBT_SCHEMA"."BRONZE_LISTINGS"
[0m10:41:54.551749 [debug] [Thread-2 (]: Using snowflake connection "model.aws_dbt_snowflake_project.bronze_listings"
[0m10:41:54.552733 [debug] [Thread-2 (]: On model.aws_dbt_snowflake_project.bronze_listings: drop view if exists "AIRBNB"."DBT_SCHEMA"."BRONZE_LISTINGS" cascade
/* {"app": "dbt", "dbt_version": "1.12.5", "profile_name": "aws_dbt_snowflake_project", "target_name": "dev", "node_id": "model.aws_dbt_snowflake_project.bronze_listings"} */
[0m10:41:54.787034 [debug] [Thread-2 (]: SQL status: SUCCESS 1 in 0.233 seconds
[0m10:41:54.790156 [debug] [Thread-2 (]: Writing runtime sql for node "model.aws_dbt_snowflake_project.bronze_listings"
[0m10:41:54.792680 [debug] [Thread-2 (]: Using snowflake connection "model.aws_dbt_snowflake_project.bronze_listings"
[0m10:41:54.793887 [debug] [Thread-2 (]: On model.aws_dbt_snowflake_project.bronze_listings: create or replace transient table AIRBNB.dbt_schema.bronze_listings
    
    
    
    
    

    as (select * from AIRBNB.staging.listings
    )

/* {"app": "dbt", "dbt_version": "1.12.5", "profile_name": "aws_dbt_snowflake_project", "target_name": "dev", "node_id": "model.aws_dbt_snowflake_project.bronze_listings"} */;
[0m10:41:55.567037 [debug] [Thread-2 (]: SQL status: SUCCESS 500 in 0.772 seconds
[0m10:41:55.577251 [debug] [Thread-2 (]: Sending event: {'category': 'dbt', 'action': 'run_model', 'label': '5313dafe-65c2-4f18-a285-342536c69c48', 'context': [<snowplow_tracker.self_describing_json.SelfDescribingJson object at 0x0000017AB852D130>]}
[0m10:41:55.578237 [info ] [Thread-2 (]: 3 of 3 OK created sql table model dbt_schema.bronze_listings ................... [[32mSUCCESS 500[0m in 1.04s]
[0m10:41:55.579643 [debug] [Thread-2 (]: Finished running node model.aws_dbt_snowflake_project.bronze_listings
[0m10:41:55.581436 [debug] [MainThread]: Connection 'master' was properly closed.
[0m10:41:55.581932 [debug] [MainThread]: Connection 'list_AIRBNB' was left open.
[0m10:41:55.582360 [debug] [MainThread]: On list_AIRBNB: Close
[0m10:41:55.887362 [debug] [MainThread]: Connection 'list_AIRBNB_dbt_schema' was left open.
[0m10:41:55.888683 [debug] [MainThread]: On list_AIRBNB_dbt_schema: Close
[0m10:41:56.196763 [debug] [MainThread]: Connection 'model.aws_dbt_snowflake_project.bronze_listings' was left open.
[0m10:41:56.198445 [debug] [MainThread]: On model.aws_dbt_snowflake_project.bronze_listings: Close
[0m10:41:56.522056 [info ] [MainThread]: 
[0m10:41:56.524119 [info ] [MainThread]: Finished running 3 table models in 0 hours 0 minutes and 8.34 seconds (8.34s).
[0m10:41:56.528991 [debug] [MainThread]: Command end result
[0m10:41:56.588357 [debug] [MainThread]: Wrote artifact WritableManifest to C:\Users\samee\OneDrive\Desktop\aws_dbt_snowflake\aws_dbt_snowflake_project\target\manifest.json
[0m10:41:56.594244 [debug] [MainThread]: Wrote artifact SemanticManifest to C:\Users\samee\OneDrive\Desktop\aws_dbt_snowflake\aws_dbt_snowflake_project\target\semantic_manifest.json
[0m10:41:56.599282 [debug] [MainThread]: Wrote artifact OsiDocument to C:\Users\samee\OneDrive\Desktop\aws_dbt_snowflake\aws_dbt_snowflake_project\target\osi_document.json
[0m10:41:56.612298 [debug] [MainThread]: Wrote artifact RunExecutionResult to C:\Users\samee\OneDrive\Desktop\aws_dbt_snowflake\aws_dbt_snowflake_project\target\run_results.json
[0m10:41:56.613048 [info ] [MainThread]: 
[0m10:41:56.613881 [info ] [MainThread]: [32mCompleted successfully[0m
[0m10:41:56.614696 [info ] [MainThread]: 
[0m10:41:56.615556 [info ] [MainThread]: Done. PASS=3 WARN=0 ERROR=0 SKIP=0 NO-OP=0 REUSED=0 TOTAL=3
[0m10:41:56.617630 [debug] [MainThread]: Command `dbt run` succeeded at 10:41:56.617358 after 10.77 seconds
[0m10:41:56.618332 [debug] [MainThread]: Sending event: {'category': 'dbt', 'action': 'invocation', 'label': 'end', 'context': [<snowplow_tracker.self_describing_json.SelfDescribingJson object at 0x0000017AB719B7D0>, <snowplow_tracker.self_describing_json.SelfDescribingJson object at 0x0000017AB6F684D0>, <snowplow_tracker.self_describing_json.SelfDescribingJson object at 0x0000017AB546E7B0>]}
[0m10:41:56.619078 [debug] [MainThread]: Flushing usage events
[0m10:41:57.918685 [debug] [MainThread]: An error was encountered while trying to flush usage events
[0m10:58:53.277595 [debug] [MainThread]: Sending event: {'category': 'dbt', 'action': 'invocation', 'label': 'start', 'context': [<snowplow_tracker.self_describing_json.SelfDescribingJson object at 0x000001DFBA152900>, <snowplow_tracker.self_describing_json.SelfDescribingJson object at 0x000001DFBC79FED0>, <snowplow_tracker.self_describing_json.SelfDescribingJson object at 0x000001DFBC79FB10>]}


============================== 10:58:53.287653 | 5b8bf107-415f-4d65-8681-fb06100cb282 ==============================
[0m10:58:53.287653 [info ] [MainThread]: Running with dbt=1.12.5
[0m10:58:53.288712 [debug] [MainThread]: running dbt with arguments {'static_parser': 'True', 'no_print': 'None', 'version_check': 'True', 'target_path': 'None', 'warn_error_options': 'WarnErrorOptionsV2(error=[], warn=[], silence=[])', 'maximum_seed_size_mib': '1', 'printer_width': '80', 'write_json': 'True', 'empty': 'False', 'log_cache_events': 'False', 'introspect': 'True', 'cache_selected_only': 'False', 'fail_fast': 'False', 'debug': 'False', 'log_format': 'default', 'profiles_dir': 'C:\\Users\\samee\\OneDrive\\Desktop\\aws_dbt_snowflake\\aws_dbt_snowflake_project', 'send_anonymous_usage_stats': 'True', 'quiet': 'False', 'warn_error': 'None', 'partial_parse': 'True', 'invocation_command': 'dbt run', 'hints_enabled': 'True', 'use_colors': 'True', 'use_experimental_parser': 'False', 'indirect_selection': 'eager', 'log_path': 'C:\\Users\\samee\\OneDrive\\Desktop\\aws_dbt_snowflake\\aws_dbt_snowflake_project\\logs'}
[0m10:58:54.358963 [debug] [MainThread]: Snowflake adapter: Setting snowflake.connector to ERROR (file logging only)
[0m10:58:54.359647 [debug] [MainThread]: Snowflake adapter: Setting botocore to ERROR (file logging only)
[0m10:58:54.360175 [debug] [MainThread]: Snowflake adapter: Setting boto3 to ERROR (file logging only)
[0m10:58:54.908104 [debug] [MainThread]: Sending event: {'category': 'dbt', 'action': 'project_id', 'label': '5b8bf107-415f-4d65-8681-fb06100cb282', 'context': [<snowplow_tracker.self_describing_json.SelfDescribingJson object at 0x000001DFBA672FD0>]}
[0m10:58:55.007836 [debug] [MainThread]: Sending event: {'category': 'dbt', 'action': 'adapter_info', 'label': '5b8bf107-415f-4d65-8681-fb06100cb282', 'context': [<snowplow_tracker.self_describing_json.SelfDescribingJson object at 0x000001DFBACB8380>]}
[0m10:58:55.013534 [info ] [MainThread]: Registered adapter: snowflake=1.12.1
[0m10:58:55.665851 [debug] [MainThread]: checksum: 0ee1a1dce6b94271f7f4877021b9467e87e858ea987b298e8ea9f7304295ef8e, vars: {}, profile: aws_dbt_snowflake_project, target: dev, version: 1.12.5
[0m10:58:55.881148 [debug] [MainThread]: Partial parsing enabled: 0 files deleted, 0 files added, 0 files changed.
[0m10:58:55.881858 [debug] [MainThread]: Nothing changed, skipping partial parsing.
[0m10:58:55.882435 [debug] [MainThread]: Partial parsing enabled, no changes found, skipping parsing
[0m10:58:55.893780 [debug] [MainThread]: Sending event: {'category': 'dbt', 'action': 'load_project', 'label': '5b8bf107-415f-4d65-8681-fb06100cb282', 'context': [<snowplow_tracker.self_describing_json.SelfDescribingJson object at 0x000001DFBF5D4350>]}
[0m10:58:56.064328 [debug] [MainThread]: Wrote artifact WritableManifest to C:\Users\samee\OneDrive\Desktop\aws_dbt_snowflake\aws_dbt_snowflake_project\target\manifest.json
[0m10:58:56.071326 [debug] [MainThread]: Wrote artifact SemanticManifest to C:\Users\samee\OneDrive\Desktop\aws_dbt_snowflake\aws_dbt_snowflake_project\target\semantic_manifest.json
[0m10:58:56.159517 [debug] [MainThread]: Wrote artifact OsiDocument to C:\Users\samee\OneDrive\Desktop\aws_dbt_snowflake\aws_dbt_snowflake_project\target\osi_document.json
[0m10:58:56.232215 [debug] [MainThread]: Sending event: {'category': 'dbt', 'action': 'resource_counts', 'label': '5b8bf107-415f-4d65-8681-fb06100cb282', 'context': [<snowplow_tracker.self_describing_json.SelfDescribingJson object at 0x000001DFBE565F40>]}
[0m10:58:56.233344 [info ] [MainThread]: Found 3 models, 3 sources, 562 macros
[0m10:58:56.243331 [debug] [MainThread]: Sending event: {'category': 'dbt', 'action': 'runnable_timing', 'label': '5b8bf107-415f-4d65-8681-fb06100cb282', 'context': [<snowplow_tracker.self_describing_json.SelfDescribingJson object at 0x000001DFBF76A7B0>]}
[0m10:58:56.249085 [info ] [MainThread]: 
[0m10:58:56.249869 [info ] [MainThread]: Concurrency: 1 threads (target='dev')
[0m10:58:56.250609 [info ] [MainThread]: 
[0m10:58:56.251633 [debug] [MainThread]: Acquiring new snowflake connection 'master'
[0m10:58:56.258377 [debug] [ThreadPool]: Acquiring new snowflake connection 'list_AIRBNB'
[0m10:58:56.289412 [debug] [ThreadPool]: Using snowflake connection "list_AIRBNB"
[0m10:58:56.289887 [debug] [ThreadPool]: On list_AIRBNB: show terse schemas in database AIRBNB
    limit 10000
/* {"app": "dbt", "dbt_version": "1.12.5", "profile_name": "aws_dbt_snowflake_project", "target_name": "dev", "connection_name": "list_AIRBNB"} */
[0m10:58:56.290254 [debug] [ThreadPool]: Opening a new connection, currently in state init
[0m10:58:57.935349 [debug] [ThreadPool]: SQL status: SUCCESS 4 in 1.645 seconds
[0m10:58:57.937989 [debug] [ThreadPool]: Re-using an available connection from the pool (formerly list_AIRBNB, now create_AIRBNB_dbt_schema_bronze)
[0m10:58:57.939090 [debug] [ThreadPool]: Creating schema "database: "AIRBNB"
schema: "dbt_schema_bronze"
"
[0m10:58:57.944006 [debug] [ThreadPool]: Using snowflake connection "create_AIRBNB_dbt_schema_bronze"
[0m10:58:57.944507 [debug] [ThreadPool]: On create_AIRBNB_dbt_schema_bronze: create schema if not exists AIRBNB.dbt_schema_bronze
/* {"app": "dbt", "dbt_version": "1.12.5", "profile_name": "aws_dbt_snowflake_project", "target_name": "dev", "connection_name": "create_AIRBNB_dbt_schema_bronze"} */
[0m10:58:58.167393 [debug] [ThreadPool]: SQL status: SUCCESS 1 in 0.222 seconds
[0m10:58:58.172292 [debug] [ThreadPool]: Acquiring new snowflake connection 'list_AIRBNB_dbt_schema_bronze'
[0m10:58:58.202135 [debug] [ThreadPool]: Using snowflake connection "list_AIRBNB_dbt_schema_bronze"
[0m10:58:58.203017 [debug] [ThreadPool]: On list_AIRBNB_dbt_schema_bronze: show objects in AIRBNB.dbt_schema_bronze
    limit 10000
    

/* {"app": "dbt", "dbt_version": "1.12.5", "profile_name": "aws_dbt_snowflake_project", "target_name": "dev", "connection_name": "list_AIRBNB_dbt_schema_bronze"} */;
[0m10:58:58.203775 [debug] [ThreadPool]: Opening a new connection, currently in state init
[0m10:58:59.197057 [debug] [ThreadPool]: SQL status: SUCCESS 0 in 0.993 seconds
[0m10:58:59.214261 [debug] [ThreadPool]: Using snowflake connection "list_AIRBNB_dbt_schema_bronze"
[0m10:58:59.215489 [debug] [ThreadPool]: On list_AIRBNB_dbt_schema_bronze: show user functions in AIRBNB.dbt_schema_bronze
/* {"app": "dbt", "dbt_version": "1.12.5", "profile_name": "aws_dbt_snowflake_project", "target_name": "dev", "connection_name": "list_AIRBNB_dbt_schema_bronze"} */
[0m10:58:59.458399 [debug] [ThreadPool]: SQL status: SUCCESS 0 in 0.242 seconds
[0m10:58:59.463442 [debug] [MainThread]: Sending event: {'category': 'dbt', 'action': 'runnable_timing', 'label': '5b8bf107-415f-4d65-8681-fb06100cb282', 'context': [<snowplow_tracker.self_describing_json.SelfDescribingJson object at 0x000001DFBF8FE5B0>]}
[0m10:58:59.471283 [debug] [Thread-2 (]: Began running node model.aws_dbt_snowflake_project.bronze_bookings
[0m10:58:59.472126 [info ] [Thread-2 (]: 1 of 3 START sql table model dbt_schema_bronze.bronze_bookings ................. [RUN]
[0m10:58:59.473344 [debug] [Thread-2 (]: Acquiring new snowflake connection 'model.aws_dbt_snowflake_project.bronze_bookings'
[0m10:58:59.474281 [debug] [Thread-2 (]: Began compiling node model.aws_dbt_snowflake_project.bronze_bookings
[0m10:58:59.493356 [debug] [Thread-2 (]: Writing injected SQL for node "model.aws_dbt_snowflake_project.bronze_bookings"
[0m10:58:59.496139 [debug] [Thread-2 (]: Began executing node model.aws_dbt_snowflake_project.bronze_bookings
[0m10:58:59.592798 [debug] [Thread-2 (]: Writing runtime sql for node "model.aws_dbt_snowflake_project.bronze_bookings"
[0m10:58:59.596232 [debug] [Thread-2 (]: Using snowflake connection "model.aws_dbt_snowflake_project.bronze_bookings"
[0m10:58:59.597904 [debug] [Thread-2 (]: On model.aws_dbt_snowflake_project.bronze_bookings: create or replace transient table AIRBNB.dbt_schema_bronze.bronze_bookings
    
    
    
    
    

    as (select * from AIRBNB.staging.bookings
    )

/* {"app": "dbt", "dbt_version": "1.12.5", "profile_name": "aws_dbt_snowflake_project", "target_name": "dev", "node_id": "model.aws_dbt_snowflake_project.bronze_bookings"} */;
[0m10:58:59.599069 [debug] [Thread-2 (]: Opening a new connection, currently in state init
[0m10:59:01.316796 [debug] [Thread-2 (]: SQL status: SUCCESS 5000 in 1.718 seconds
[0m10:59:01.361841 [debug] [Thread-2 (]: Sending event: {'category': 'dbt', 'action': 'run_model', 'label': '5b8bf107-415f-4d65-8681-fb06100cb282', 'context': [<snowplow_tracker.self_describing_json.SelfDescribingJson object at 0x000001DFBF936D50>]}
[0m10:59:01.363185 [info ] [Thread-2 (]: 1 of 3 OK created sql table model dbt_schema_bronze.bronze_bookings ............ [[32mSUCCESS 5000[0m in 1.88s]
[0m10:59:01.364444 [debug] [Thread-2 (]: Finished running node model.aws_dbt_snowflake_project.bronze_bookings
[0m10:59:01.365029 [debug] [Thread-2 (]: Began running node model.aws_dbt_snowflake_project.bronze_hosts
[0m10:59:01.365692 [info ] [Thread-2 (]: 2 of 3 START sql table model dbt_schema_bronze.bronze_hosts .................... [RUN]
[0m10:59:01.366586 [debug] [Thread-2 (]: Re-using an available connection from the pool (formerly model.aws_dbt_snowflake_project.bronze_bookings, now model.aws_dbt_snowflake_project.bronze_hosts)
[0m10:59:01.367100 [debug] [Thread-2 (]: Began compiling node model.aws_dbt_snowflake_project.bronze_hosts
[0m10:59:01.369541 [debug] [Thread-2 (]: Writing injected SQL for node "model.aws_dbt_snowflake_project.bronze_hosts"
[0m10:59:01.371235 [debug] [Thread-2 (]: Began executing node model.aws_dbt_snowflake_project.bronze_hosts
[0m10:59:01.375152 [debug] [Thread-2 (]: Writing runtime sql for node "model.aws_dbt_snowflake_project.bronze_hosts"
[0m10:59:01.377635 [debug] [Thread-2 (]: Using snowflake connection "model.aws_dbt_snowflake_project.bronze_hosts"
[0m10:59:01.379919 [debug] [Thread-2 (]: On model.aws_dbt_snowflake_project.bronze_hosts: create or replace transient table AIRBNB.dbt_schema_bronze.bronze_hosts
    
    
    
    
    

    as (select * from AIRBNB.staging.hosts
    )

/* {"app": "dbt", "dbt_version": "1.12.5", "profile_name": "aws_dbt_snowflake_project", "target_name": "dev", "node_id": "model.aws_dbt_snowflake_project.bronze_hosts"} */;
[0m10:59:02.120509 [debug] [Thread-2 (]: SQL status: SUCCESS 200 in 0.739 seconds
[0m10:59:02.125508 [debug] [Thread-2 (]: Sending event: {'category': 'dbt', 'action': 'run_model', 'label': '5b8bf107-415f-4d65-8681-fb06100cb282', 'context': [<snowplow_tracker.self_describing_json.SelfDescribingJson object at 0x000001DFBF93E570>]}
[0m10:59:02.127023 [info ] [Thread-2 (]: 2 of 3 OK created sql table model dbt_schema_bronze.bronze_hosts ............... [[32mSUCCESS 200[0m in 0.76s]
[0m10:59:02.129299 [debug] [Thread-2 (]: Finished running node model.aws_dbt_snowflake_project.bronze_hosts
[0m10:59:02.130593 [debug] [Thread-2 (]: Began running node model.aws_dbt_snowflake_project.bronze_listings
[0m10:59:02.131751 [info ] [Thread-2 (]: 3 of 3 START sql table model dbt_schema_bronze.bronze_listings ................. [RUN]
[0m10:59:02.134373 [debug] [Thread-2 (]: Re-using an available connection from the pool (formerly model.aws_dbt_snowflake_project.bronze_hosts, now model.aws_dbt_snowflake_project.bronze_listings)
[0m10:59:02.135065 [debug] [Thread-2 (]: Began compiling node model.aws_dbt_snowflake_project.bronze_listings
[0m10:59:02.137734 [debug] [Thread-2 (]: Writing injected SQL for node "model.aws_dbt_snowflake_project.bronze_listings"
[0m10:59:02.139480 [debug] [Thread-2 (]: Began executing node model.aws_dbt_snowflake_project.bronze_listings
[0m10:59:02.144479 [debug] [Thread-2 (]: Writing runtime sql for node "model.aws_dbt_snowflake_project.bronze_listings"
[0m10:59:02.147686 [debug] [Thread-2 (]: Using snowflake connection "model.aws_dbt_snowflake_project.bronze_listings"
[0m10:59:02.148828 [debug] [Thread-2 (]: On model.aws_dbt_snowflake_project.bronze_listings: create or replace transient table AIRBNB.dbt_schema_bronze.bronze_listings
    
    
    
    
    

    as (select * from AIRBNB.staging.listings
    )

/* {"app": "dbt", "dbt_version": "1.12.5", "profile_name": "aws_dbt_snowflake_project", "target_name": "dev", "node_id": "model.aws_dbt_snowflake_project.bronze_listings"} */;
[0m10:59:02.836965 [debug] [Thread-2 (]: SQL status: SUCCESS 500 in 0.687 seconds
[0m10:59:02.842334 [debug] [Thread-2 (]: Sending event: {'category': 'dbt', 'action': 'run_model', 'label': '5b8bf107-415f-4d65-8681-fb06100cb282', 'context': [<snowplow_tracker.self_describing_json.SelfDescribingJson object at 0x000001DFBF8D6DF0>]}
[0m10:59:02.843574 [info ] [Thread-2 (]: 3 of 3 OK created sql table model dbt_schema_bronze.bronze_listings ............ [[32mSUCCESS 500[0m in 0.71s]
[0m10:59:02.846135 [debug] [Thread-2 (]: Finished running node model.aws_dbt_snowflake_project.bronze_listings
[0m10:59:02.848902 [debug] [MainThread]: Connection 'master' was properly closed.
[0m10:59:02.849469 [debug] [MainThread]: Connection 'create_AIRBNB_dbt_schema_bronze' was left open.
[0m10:59:02.849952 [debug] [MainThread]: On create_AIRBNB_dbt_schema_bronze: Close
[0m10:59:03.188135 [debug] [MainThread]: Connection 'list_AIRBNB_dbt_schema_bronze' was left open.
[0m10:59:03.188748 [debug] [MainThread]: On list_AIRBNB_dbt_schema_bronze: Close
[0m10:59:03.505907 [debug] [MainThread]: Connection 'model.aws_dbt_snowflake_project.bronze_listings' was left open.
[0m10:59:03.506620 [debug] [MainThread]: On model.aws_dbt_snowflake_project.bronze_listings: Close
[0m10:59:03.805694 [info ] [MainThread]: 
[0m10:59:03.806693 [info ] [MainThread]: Finished running 3 table models in 0 hours 0 minutes and 7.55 seconds (7.55s).
[0m10:59:03.809082 [debug] [MainThread]: Command end result
[0m10:59:03.873015 [debug] [MainThread]: Wrote artifact WritableManifest to C:\Users\samee\OneDrive\Desktop\aws_dbt_snowflake\aws_dbt_snowflake_project\target\manifest.json
[0m10:59:03.886188 [debug] [MainThread]: Wrote artifact SemanticManifest to C:\Users\samee\OneDrive\Desktop\aws_dbt_snowflake\aws_dbt_snowflake_project\target\semantic_manifest.json
[0m10:59:03.900425 [debug] [MainThread]: Wrote artifact OsiDocument to C:\Users\samee\OneDrive\Desktop\aws_dbt_snowflake\aws_dbt_snowflake_project\target\osi_document.json
[0m10:59:03.949534 [debug] [MainThread]: Wrote artifact RunExecutionResult to C:\Users\samee\OneDrive\Desktop\aws_dbt_snowflake\aws_dbt_snowflake_project\target\run_results.json
[0m10:59:03.950280 [info ] [MainThread]: 
[0m10:59:03.951506 [info ] [MainThread]: [32mCompleted successfully[0m
[0m10:59:03.952504 [info ] [MainThread]: 
[0m10:59:03.953420 [info ] [MainThread]: Done. PASS=3 WARN=0 ERROR=0 SKIP=0 NO-OP=0 REUSED=0 TOTAL=3
[0m10:59:03.955980 [debug] [MainThread]: Command `dbt run` succeeded at 10:59:03.955628 after 10.95 seconds
[0m10:59:03.956914 [debug] [MainThread]: Sending event: {'category': 'dbt', 'action': 'invocation', 'label': 'end', 'context': [<snowplow_tracker.self_describing_json.SelfDescribingJson object at 0x000001DFBE527850>, <snowplow_tracker.self_describing_json.SelfDescribingJson object at 0x000001DFBE2700D0>, <snowplow_tracker.self_describing_json.SelfDescribingJson object at 0x000001DFBC7DE7B0>]}
[0m10:59:03.957636 [debug] [MainThread]: Flushing usage events
[0m10:59:05.207233 [debug] [MainThread]: An error was encountered while trying to flush usage events
[0m11:01:27.639423 [debug] [MainThread]: Sending event: {'category': 'dbt', 'action': 'invocation', 'label': 'start', 'context': [<snowplow_tracker.self_describing_json.SelfDescribingJson object at 0x000001B678DCE900>, <snowplow_tracker.self_describing_json.SelfDescribingJson object at 0x000001B67B42FED0>, <snowplow_tracker.self_describing_json.SelfDescribingJson object at 0x000001B67B42FB10>]}


============================== 11:01:27.649103 | 65b8f8f1-6b1a-46e5-9328-7c3ecc53c522 ==============================
[0m11:01:27.649103 [info ] [MainThread]: Running with dbt=1.12.5
[0m11:01:27.651012 [debug] [MainThread]: running dbt with arguments {'static_parser': 'True', 'no_print': 'None', 'maximum_seed_size_mib': '1', 'warn_error_options': 'WarnErrorOptionsV2(error=[], warn=[], silence=[])', 'target_path': 'None', 'version_check': 'True', 'printer_width': '80', 'write_json': 'True', 'empty': 'False', 'log_cache_events': 'False', 'introspect': 'True', 'cache_selected_only': 'False', 'log_format': 'default', 'debug': 'False', 'fail_fast': 'False', 'profiles_dir': 'C:\\Users\\samee\\OneDrive\\Desktop\\aws_dbt_snowflake\\aws_dbt_snowflake_project', 'send_anonymous_usage_stats': 'True', 'quiet': 'False', 'warn_error': 'None', 'partial_parse': 'True', 'indirect_selection': 'eager', 'hints_enabled': 'True', 'invocation_command': 'dbt run', 'use_experimental_parser': 'False', 'use_colors': 'True', 'log_path': 'C:\\Users\\samee\\OneDrive\\Desktop\\aws_dbt_snowflake\\aws_dbt_snowflake_project\\logs'}
[0m11:01:28.610337 [debug] [MainThread]: Snowflake adapter: Setting snowflake.connector to ERROR (file logging only)
[0m11:01:28.612313 [debug] [MainThread]: Snowflake adapter: Setting botocore to ERROR (file logging only)
[0m11:01:28.613387 [debug] [MainThread]: Snowflake adapter: Setting boto3 to ERROR (file logging only)
[0m11:01:29.074436 [debug] [MainThread]: Sending event: {'category': 'dbt', 'action': 'project_id', 'label': '65b8f8f1-6b1a-46e5-9328-7c3ecc53c522', 'context': [<snowplow_tracker.self_describing_json.SelfDescribingJson object at 0x000001B6792F2FD0>]}
[0m11:01:29.180589 [debug] [MainThread]: Sending event: {'category': 'dbt', 'action': 'adapter_info', 'label': '65b8f8f1-6b1a-46e5-9328-7c3ecc53c522', 'context': [<snowplow_tracker.self_describing_json.SelfDescribingJson object at 0x000001B67994C380>]}
[0m11:01:29.183220 [info ] [MainThread]: Registered adapter: snowflake=1.12.1
[0m11:01:29.794600 [debug] [MainThread]: checksum: 0ee1a1dce6b94271f7f4877021b9467e87e858ea987b298e8ea9f7304295ef8e, vars: {}, profile: aws_dbt_snowflake_project, target: dev, version: 1.12.5
[0m11:01:30.073208 [debug] [MainThread]: Partial parsing enabled: 0 files deleted, 0 files added, 0 files changed.
[0m11:01:30.073877 [debug] [MainThread]: Nothing changed, skipping partial parsing.
[0m11:01:30.074427 [debug] [MainThread]: Partial parsing enabled, no changes found, skipping parsing
[0m11:01:30.096138 [debug] [MainThread]: Sending event: {'category': 'dbt', 'action': 'load_project', 'label': '65b8f8f1-6b1a-46e5-9328-7c3ecc53c522', 'context': [<snowplow_tracker.self_describing_json.SelfDescribingJson object at 0x000001B67D18C350>]}
[0m11:01:30.302975 [debug] [MainThread]: Wrote artifact WritableManifest to C:\Users\samee\OneDrive\Desktop\aws_dbt_snowflake\aws_dbt_snowflake_project\target\manifest.json
[0m11:01:30.354273 [debug] [MainThread]: Wrote artifact SemanticManifest to C:\Users\samee\OneDrive\Desktop\aws_dbt_snowflake\aws_dbt_snowflake_project\target\semantic_manifest.json
[0m11:01:30.429766 [debug] [MainThread]: Wrote artifact OsiDocument to C:\Users\samee\OneDrive\Desktop\aws_dbt_snowflake\aws_dbt_snowflake_project\target\osi_document.json
[0m11:01:30.453537 [debug] [MainThread]: Sending event: {'category': 'dbt', 'action': 'resource_counts', 'label': '65b8f8f1-6b1a-46e5-9328-7c3ecc53c522', 'context': [<snowplow_tracker.self_describing_json.SelfDescribingJson object at 0x000001B67E24DF40>]}
[0m11:01:30.455192 [info ] [MainThread]: Found 3 models, 3 sources, 563 macros
[0m11:01:30.456282 [debug] [MainThread]: Sending event: {'category': 'dbt', 'action': 'runnable_timing', 'label': '65b8f8f1-6b1a-46e5-9328-7c3ecc53c522', 'context': [<snowplow_tracker.self_describing_json.SelfDescribingJson object at 0x000001B67E3DA890>]}
[0m11:01:30.460913 [info ] [MainThread]: 
[0m11:01:30.462002 [info ] [MainThread]: Concurrency: 1 threads (target='dev')
[0m11:01:30.462984 [info ] [MainThread]: 
[0m11:01:30.464323 [debug] [MainThread]: Acquiring new snowflake connection 'master'
[0m11:01:30.480706 [debug] [ThreadPool]: Acquiring new snowflake connection 'list_AIRBNB'
[0m11:01:30.515033 [debug] [ThreadPool]: Using snowflake connection "list_AIRBNB"
[0m11:01:30.515675 [debug] [ThreadPool]: On list_AIRBNB: show terse schemas in database AIRBNB
    limit 10000
/* {"app": "dbt", "dbt_version": "1.12.5", "profile_name": "aws_dbt_snowflake_project", "target_name": "dev", "connection_name": "list_AIRBNB"} */
[0m11:01:30.516225 [debug] [ThreadPool]: Opening a new connection, currently in state init
[0m11:01:31.832824 [debug] [ThreadPool]: SQL status: SUCCESS 5 in 1.317 seconds
[0m11:01:31.835899 [debug] [ThreadPool]: Re-using an available connection from the pool (formerly list_AIRBNB, now create_AIRBNB_bronze)
[0m11:01:31.836964 [debug] [ThreadPool]: Creating schema "database: "AIRBNB"
schema: "bronze"
"
[0m11:01:31.844821 [debug] [ThreadPool]: Using snowflake connection "create_AIRBNB_bronze"
[0m11:01:31.845383 [debug] [ThreadPool]: On create_AIRBNB_bronze: create schema if not exists AIRBNB.bronze
/* {"app": "dbt", "dbt_version": "1.12.5", "profile_name": "aws_dbt_snowflake_project", "target_name": "dev", "connection_name": "create_AIRBNB_bronze"} */
[0m11:01:32.040778 [debug] [ThreadPool]: SQL status: SUCCESS 1 in 0.195 seconds
[0m11:01:32.046443 [debug] [ThreadPool]: Acquiring new snowflake connection 'list_AIRBNB_bronze'
[0m11:01:32.070226 [debug] [ThreadPool]: Using snowflake connection "list_AIRBNB_bronze"
[0m11:01:32.070915 [debug] [ThreadPool]: On list_AIRBNB_bronze: show objects in AIRBNB.bronze
    limit 10000
    

/* {"app": "dbt", "dbt_version": "1.12.5", "profile_name": "aws_dbt_snowflake_project", "target_name": "dev", "connection_name": "list_AIRBNB_bronze"} */;
[0m11:01:32.071503 [debug] [ThreadPool]: Opening a new connection, currently in state init
[0m11:01:33.079780 [debug] [ThreadPool]: SQL status: SUCCESS 0 in 1.008 seconds
[0m11:01:33.090679 [debug] [ThreadPool]: Using snowflake connection "list_AIRBNB_bronze"
[0m11:01:33.091696 [debug] [ThreadPool]: On list_AIRBNB_bronze: show user functions in AIRBNB.bronze
/* {"app": "dbt", "dbt_version": "1.12.5", "profile_name": "aws_dbt_snowflake_project", "target_name": "dev", "connection_name": "list_AIRBNB_bronze"} */
[0m11:01:33.267800 [debug] [ThreadPool]: SQL status: SUCCESS 0 in 0.175 seconds
[0m11:01:33.271112 [debug] [MainThread]: Sending event: {'category': 'dbt', 'action': 'runnable_timing', 'label': '65b8f8f1-6b1a-46e5-9328-7c3ecc53c522', 'context': [<snowplow_tracker.self_describing_json.SelfDescribingJson object at 0x000001B67E56A5B0>]}
[0m11:01:33.276352 [debug] [Thread-2 (]: Began running node model.aws_dbt_snowflake_project.bronze_bookings
[0m11:01:33.277419 [info ] [Thread-2 (]: 1 of 3 START sql table model bronze.bronze_bookings ............................ [RUN]
[0m11:01:33.278493 [debug] [Thread-2 (]: Acquiring new snowflake connection 'model.aws_dbt_snowflake_project.bronze_bookings'
[0m11:01:33.278988 [debug] [Thread-2 (]: Began compiling node model.aws_dbt_snowflake_project.bronze_bookings
[0m11:01:33.290959 [debug] [Thread-2 (]: Writing injected SQL for node "model.aws_dbt_snowflake_project.bronze_bookings"
[0m11:01:33.293698 [debug] [Thread-2 (]: Began executing node model.aws_dbt_snowflake_project.bronze_bookings
[0m11:01:33.378838 [debug] [Thread-2 (]: Writing runtime sql for node "model.aws_dbt_snowflake_project.bronze_bookings"
[0m11:01:33.381161 [debug] [Thread-2 (]: Using snowflake connection "model.aws_dbt_snowflake_project.bronze_bookings"
[0m11:01:33.381962 [debug] [Thread-2 (]: On model.aws_dbt_snowflake_project.bronze_bookings: create or replace transient table AIRBNB.bronze.bronze_bookings
    
    
    
    
    

    as (select * from AIRBNB.staging.bookings
    )

/* {"app": "dbt", "dbt_version": "1.12.5", "profile_name": "aws_dbt_snowflake_project", "target_name": "dev", "node_id": "model.aws_dbt_snowflake_project.bronze_bookings"} */;
[0m11:01:33.382549 [debug] [Thread-2 (]: Opening a new connection, currently in state init
[0m11:01:34.827098 [debug] [Thread-2 (]: SQL status: SUCCESS 5000 in 1.444 seconds
[0m11:01:34.870349 [debug] [Thread-2 (]: Sending event: {'category': 'dbt', 'action': 'run_model', 'label': '65b8f8f1-6b1a-46e5-9328-7c3ecc53c522', 'context': [<snowplow_tracker.self_describing_json.SelfDescribingJson object at 0x000001B67E5A2E10>]}
[0m11:01:34.871301 [info ] [Thread-2 (]: 1 of 3 OK created sql table model bronze.bronze_bookings ....................... [[32mSUCCESS 5000[0m in 1.59s]
[0m11:01:34.872395 [debug] [Thread-2 (]: Finished running node model.aws_dbt_snowflake_project.bronze_bookings
[0m11:01:34.872966 [debug] [Thread-2 (]: Began running node model.aws_dbt_snowflake_project.bronze_hosts
[0m11:01:34.873708 [info ] [Thread-2 (]: 2 of 3 START sql table model bronze.bronze_hosts ............................... [RUN]
[0m11:01:34.874663 [debug] [Thread-2 (]: Re-using an available connection from the pool (formerly model.aws_dbt_snowflake_project.bronze_bookings, now model.aws_dbt_snowflake_project.bronze_hosts)
[0m11:01:34.875208 [debug] [Thread-2 (]: Began compiling node model.aws_dbt_snowflake_project.bronze_hosts
[0m11:01:34.877535 [debug] [Thread-2 (]: Writing injected SQL for node "model.aws_dbt_snowflake_project.bronze_hosts"
[0m11:01:34.878990 [debug] [Thread-2 (]: Began executing node model.aws_dbt_snowflake_project.bronze_hosts
[0m11:01:34.882330 [debug] [Thread-2 (]: Writing runtime sql for node "model.aws_dbt_snowflake_project.bronze_hosts"
[0m11:01:34.884278 [debug] [Thread-2 (]: Using snowflake connection "model.aws_dbt_snowflake_project.bronze_hosts"
[0m11:01:34.885079 [debug] [Thread-2 (]: On model.aws_dbt_snowflake_project.bronze_hosts: create or replace transient table AIRBNB.bronze.bronze_hosts
    
    
    
    
    

    as (select * from AIRBNB.staging.hosts
    )

/* {"app": "dbt", "dbt_version": "1.12.5", "profile_name": "aws_dbt_snowflake_project", "target_name": "dev", "node_id": "model.aws_dbt_snowflake_project.bronze_hosts"} */;
[0m11:01:35.564887 [debug] [Thread-2 (]: SQL status: SUCCESS 200 in 0.679 seconds
[0m11:01:35.571133 [debug] [Thread-2 (]: Sending event: {'category': 'dbt', 'action': 'run_model', 'label': '65b8f8f1-6b1a-46e5-9328-7c3ecc53c522', 'context': [<snowplow_tracker.self_describing_json.SelfDescribingJson object at 0x000001B67E5AAAF0>]}
[0m11:01:35.572699 [info ] [Thread-2 (]: 2 of 3 OK created sql table model bronze.bronze_hosts .......................... [[32mSUCCESS 200[0m in 0.70s]
[0m11:01:35.574727 [debug] [Thread-2 (]: Finished running node model.aws_dbt_snowflake_project.bronze_hosts
[0m11:01:35.575889 [debug] [Thread-2 (]: Began running node model.aws_dbt_snowflake_project.bronze_listings
[0m11:01:35.577297 [info ] [Thread-2 (]: 3 of 3 START sql table model bronze.bronze_listings ............................ [RUN]
[0m11:01:35.579013 [debug] [Thread-2 (]: Re-using an available connection from the pool (formerly model.aws_dbt_snowflake_project.bronze_hosts, now model.aws_dbt_snowflake_project.bronze_listings)
[0m11:01:35.580000 [debug] [Thread-2 (]: Began compiling node model.aws_dbt_snowflake_project.bronze_listings
[0m11:01:35.584632 [debug] [Thread-2 (]: Writing injected SQL for node "model.aws_dbt_snowflake_project.bronze_listings"
[0m11:01:35.587057 [debug] [Thread-2 (]: Began executing node model.aws_dbt_snowflake_project.bronze_listings
[0m11:01:35.593453 [debug] [Thread-2 (]: Writing runtime sql for node "model.aws_dbt_snowflake_project.bronze_listings"
[0m11:01:35.596341 [debug] [Thread-2 (]: Using snowflake connection "model.aws_dbt_snowflake_project.bronze_listings"
[0m11:01:35.597847 [debug] [Thread-2 (]: On model.aws_dbt_snowflake_project.bronze_listings: create or replace transient table AIRBNB.bronze.bronze_listings
    
    
    
    
    

    as (select * from AIRBNB.staging.listings
    )

/* {"app": "dbt", "dbt_version": "1.12.5", "profile_name": "aws_dbt_snowflake_project", "target_name": "dev", "node_id": "model.aws_dbt_snowflake_project.bronze_listings"} */;
[0m11:01:36.285288 [debug] [Thread-2 (]: SQL status: SUCCESS 500 in 0.686 seconds
[0m11:01:36.290523 [debug] [Thread-2 (]: Sending event: {'category': 'dbt', 'action': 'run_model', 'label': '65b8f8f1-6b1a-46e5-9328-7c3ecc53c522', 'context': [<snowplow_tracker.self_describing_json.SelfDescribingJson object at 0x000001B67E542F30>]}
[0m11:01:36.292613 [info ] [Thread-2 (]: 3 of 3 OK created sql table model bronze.bronze_listings ....................... [[32mSUCCESS 500[0m in 0.71s]
[0m11:01:36.294636 [debug] [Thread-2 (]: Finished running node model.aws_dbt_snowflake_project.bronze_listings
[0m11:01:36.296310 [debug] [MainThread]: Connection 'master' was properly closed.
[0m11:01:36.296789 [debug] [MainThread]: Connection 'create_AIRBNB_bronze' was left open.
[0m11:01:36.297199 [debug] [MainThread]: On create_AIRBNB_bronze: Close
[0m11:01:36.688760 [debug] [MainThread]: Connection 'list_AIRBNB_bronze' was left open.
[0m11:01:36.689361 [debug] [MainThread]: On list_AIRBNB_bronze: Close
[0m11:01:36.977307 [debug] [MainThread]: Connection 'model.aws_dbt_snowflake_project.bronze_listings' was left open.
[0m11:01:36.979167 [debug] [MainThread]: On model.aws_dbt_snowflake_project.bronze_listings: Close
[0m11:01:37.283592 [info ] [MainThread]: 
[0m11:01:37.284726 [info ] [MainThread]: Finished running 3 table models in 0 hours 0 minutes and 6.82 seconds (6.82s).
[0m11:01:37.288035 [debug] [MainThread]: Command end result
[0m11:01:37.355212 [debug] [MainThread]: Wrote artifact WritableManifest to C:\Users\samee\OneDrive\Desktop\aws_dbt_snowflake\aws_dbt_snowflake_project\target\manifest.json
[0m11:01:37.363467 [debug] [MainThread]: Wrote artifact SemanticManifest to C:\Users\samee\OneDrive\Desktop\aws_dbt_snowflake\aws_dbt_snowflake_project\target\semantic_manifest.json
[0m11:01:37.369251 [debug] [MainThread]: Wrote artifact OsiDocument to C:\Users\samee\OneDrive\Desktop\aws_dbt_snowflake\aws_dbt_snowflake_project\target\osi_document.json
[0m11:01:37.380786 [debug] [MainThread]: Wrote artifact RunExecutionResult to C:\Users\samee\OneDrive\Desktop\aws_dbt_snowflake\aws_dbt_snowflake_project\target\run_results.json
[0m11:01:37.381493 [info ] [MainThread]: 
[0m11:01:37.382351 [info ] [MainThread]: [32mCompleted successfully[0m
[0m11:01:37.383045 [info ] [MainThread]: 
[0m11:01:37.383700 [info ] [MainThread]: Done. PASS=3 WARN=0 ERROR=0 SKIP=0 NO-OP=0 REUSED=0 TOTAL=3
[0m11:01:37.385358 [debug] [MainThread]: Command `dbt run` succeeded at 11:01:37.385167 after 10.28 seconds
[0m11:01:37.385857 [debug] [MainThread]: Sending event: {'category': 'dbt', 'action': 'invocation', 'label': 'end', 'context': [<snowplow_tracker.self_describing_json.SelfDescribingJson object at 0x000001B67CEE2050>, <snowplow_tracker.self_describing_json.SelfDescribingJson object at 0x000001B67E2187D0>, <snowplow_tracker.self_describing_json.SelfDescribingJson object at 0x000001B67B46E7B0>]}
[0m11:01:37.386289 [debug] [MainThread]: Flushing usage events
[0m11:01:38.605993 [debug] [MainThread]: An error was encountered while trying to flush usage events
[0m13:51:52.046086 [debug] [MainThread]: Sending event: {'category': 'dbt', 'action': 'invocation', 'label': 'start', 'context': [<snowplow_tracker.self_describing_json.SelfDescribingJson object at 0x00000241D1802900>, <snowplow_tracker.self_describing_json.SelfDescribingJson object at 0x00000241D3E5FED0>, <snowplow_tracker.self_describing_json.SelfDescribingJson object at 0x00000241D3E5FB10>]}


============================== 13:51:52.056821 | b8a737b7-c509-4ad0-a13b-51b112bf8cd4 ==============================
[0m13:51:52.056821 [info ] [MainThread]: Running with dbt=1.12.5
[0m13:51:52.057702 [debug] [MainThread]: running dbt with arguments {'static_parser': 'True', 'no_print': 'None', 'maximum_seed_size_mib': '1', 'target_path': 'None', 'version_check': 'True', 'warn_error_options': 'WarnErrorOptionsV2(error=[], warn=[], silence=[])', 'printer_width': '80', 'write_json': 'True', 'introspect': 'True', 'log_cache_events': 'False', 'empty': 'False', 'cache_selected_only': 'False', 'fail_fast': 'False', 'debug': 'False', 'log_format': 'default', 'partial_parse': 'True', 'send_anonymous_usage_stats': 'True', 'quiet': 'False', 'warn_error': 'None', 'profiles_dir': 'C:\\Users\\samee\\OneDrive\\Desktop\\aws_dbt_snowflake\\aws_dbt_snowflake_project', 'indirect_selection': 'eager', 'hints_enabled': 'True', 'use_colors': 'True', 'use_experimental_parser': 'False', 'invocation_command': 'dbt run', 'log_path': 'C:\\Users\\samee\\OneDrive\\Desktop\\aws_dbt_snowflake\\aws_dbt_snowflake_project\\logs'}
[0m13:51:53.753345 [debug] [MainThread]: Snowflake adapter: Setting snowflake.connector to ERROR (file logging only)
[0m13:51:53.754071 [debug] [MainThread]: Snowflake adapter: Setting botocore to ERROR (file logging only)
[0m13:51:53.754835 [debug] [MainThread]: Snowflake adapter: Setting boto3 to ERROR (file logging only)
[0m13:51:57.433712 [debug] [MainThread]: Sending event: {'category': 'dbt', 'action': 'project_id', 'label': 'b8a737b7-c509-4ad0-a13b-51b112bf8cd4', 'context': [<snowplow_tracker.self_describing_json.SelfDescribingJson object at 0x00000241D1D1EFD0>]}
[0m13:51:57.523552 [debug] [MainThread]: Sending event: {'category': 'dbt', 'action': 'adapter_info', 'label': 'b8a737b7-c509-4ad0-a13b-51b112bf8cd4', 'context': [<snowplow_tracker.self_describing_json.SelfDescribingJson object at 0x00000241D2378380>]}
[0m13:51:57.529886 [info ] [MainThread]: Registered adapter: snowflake=1.12.1
[0m13:51:58.156477 [debug] [MainThread]: checksum: 0ee1a1dce6b94271f7f4877021b9467e87e858ea987b298e8ea9f7304295ef8e, vars: {}, profile: aws_dbt_snowflake_project, target: dev, version: 1.12.5
[0m13:51:59.905658 [debug] [MainThread]: Partial parsing enabled: 0 files deleted, 0 files added, 3 files changed.
[0m13:51:59.906334 [debug] [MainThread]: Partial parsing: updated file: aws_dbt_snowflake_project://models\bronze\bronze_hosts.sql
[0m13:51:59.906813 [debug] [MainThread]: Partial parsing: updated file: aws_dbt_snowflake_project://models\bronze\bronze_listings.sql
[0m13:51:59.907279 [debug] [MainThread]: Partial parsing: updated file: aws_dbt_snowflake_project://models\bronze\bronze_bookings.sql
[0m13:52:00.370925 [debug] [MainThread]: Sending event: {'category': 'dbt', 'action': 'load_project', 'label': 'b8a737b7-c509-4ad0-a13b-51b112bf8cd4', 'context': [<snowplow_tracker.self_describing_json.SelfDescribingJson object at 0x00000241D5E20450>]}
[0m13:52:00.528594 [debug] [MainThread]: Wrote artifact WritableManifest to C:\Users\samee\OneDrive\Desktop\aws_dbt_snowflake\aws_dbt_snowflake_project\target\manifest.json
[0m13:52:00.557492 [debug] [MainThread]: Wrote artifact SemanticManifest to C:\Users\samee\OneDrive\Desktop\aws_dbt_snowflake\aws_dbt_snowflake_project\target\semantic_manifest.json
[0m13:52:00.665377 [debug] [MainThread]: Wrote artifact OsiDocument to C:\Users\samee\OneDrive\Desktop\aws_dbt_snowflake\aws_dbt_snowflake_project\target\osi_document.json
[0m13:52:00.699381 [debug] [MainThread]: Sending event: {'category': 'dbt', 'action': 'resource_counts', 'label': 'b8a737b7-c509-4ad0-a13b-51b112bf8cd4', 'context': [<snowplow_tracker.self_describing_json.SelfDescribingJson object at 0x00000241D5C86A80>]}
[0m13:52:00.700515 [info ] [MainThread]: Found 1 analysis, 3 models, 3 sources, 563 macros
[0m13:52:00.701585 [debug] [MainThread]: Sending event: {'category': 'dbt', 'action': 'runnable_timing', 'label': 'b8a737b7-c509-4ad0-a13b-51b112bf8cd4', 'context': [<snowplow_tracker.self_describing_json.SelfDescribingJson object at 0x00000241D6EA65F0>]}
[0m13:52:00.704264 [info ] [MainThread]: 
[0m13:52:00.704915 [info ] [MainThread]: Concurrency: 1 threads (target='dev')
[0m13:52:00.705442 [info ] [MainThread]: 
[0m13:52:00.706221 [debug] [MainThread]: Acquiring new snowflake connection 'master'
[0m13:52:00.715618 [debug] [ThreadPool]: Acquiring new snowflake connection 'list_AIRBNB'
[0m13:52:00.736219 [debug] [ThreadPool]: Using snowflake connection "list_AIRBNB"
[0m13:52:00.736679 [debug] [ThreadPool]: On list_AIRBNB: show terse schemas in database AIRBNB
    limit 10000
/* {"app": "dbt", "dbt_version": "1.12.5", "profile_name": "aws_dbt_snowflake_project", "target_name": "dev", "connection_name": "list_AIRBNB"} */
[0m13:52:00.737020 [debug] [ThreadPool]: Opening a new connection, currently in state init
[0m13:52:02.645986 [debug] [ThreadPool]: SQL status: SUCCESS 6 in 1.909 seconds
[0m13:52:02.656991 [debug] [ThreadPool]: Acquiring new snowflake connection 'list_AIRBNB_bronze'
[0m13:52:02.682704 [debug] [ThreadPool]: Using snowflake connection "list_AIRBNB_bronze"
[0m13:52:02.683327 [debug] [ThreadPool]: On list_AIRBNB_bronze: show objects in AIRBNB.bronze
    limit 10000
    

/* {"app": "dbt", "dbt_version": "1.12.5", "profile_name": "aws_dbt_snowflake_project", "target_name": "dev", "connection_name": "list_AIRBNB_bronze"} */;
[0m13:52:02.683854 [debug] [ThreadPool]: Opening a new connection, currently in state init
[0m13:52:05.352296 [debug] [ThreadPool]: SQL status: SUCCESS 3 in 2.668 seconds
[0m13:52:05.361251 [debug] [ThreadPool]: Using snowflake connection "list_AIRBNB_bronze"
[0m13:52:05.361803 [debug] [ThreadPool]: On list_AIRBNB_bronze: show user functions in AIRBNB.bronze
/* {"app": "dbt", "dbt_version": "1.12.5", "profile_name": "aws_dbt_snowflake_project", "target_name": "dev", "connection_name": "list_AIRBNB_bronze"} */
[0m13:52:05.561048 [debug] [ThreadPool]: SQL status: SUCCESS 0 in 0.199 seconds
[0m13:52:05.565566 [debug] [MainThread]: Sending event: {'category': 'dbt', 'action': 'runnable_timing', 'label': 'b8a737b7-c509-4ad0-a13b-51b112bf8cd4', 'context': [<snowplow_tracker.self_describing_json.SelfDescribingJson object at 0x00000241D706B2B0>]}
[0m13:52:05.576004 [debug] [Thread-2 (]: Began running node model.aws_dbt_snowflake_project.bronze_bookings
[0m13:52:05.576850 [info ] [Thread-2 (]: 1 of 3 START sql incremental model bronze.bronze_bookings ...................... [RUN]
[0m13:52:05.577948 [debug] [Thread-2 (]: Acquiring new snowflake connection 'model.aws_dbt_snowflake_project.bronze_bookings'
[0m13:52:05.578561 [debug] [Thread-2 (]: Began compiling node model.aws_dbt_snowflake_project.bronze_bookings
[0m13:52:05.591547 [debug] [Thread-2 (]: Writing injected SQL for node "model.aws_dbt_snowflake_project.bronze_bookings"
[0m13:52:05.593453 [debug] [Thread-2 (]: Began executing node model.aws_dbt_snowflake_project.bronze_bookings
[0m13:52:05.691753 [debug] [Thread-2 (]: Using snowflake connection "model.aws_dbt_snowflake_project.bronze_bookings"
[0m13:52:05.692387 [debug] [Thread-2 (]: On model.aws_dbt_snowflake_project.bronze_bookings: create or replace  temporary view AIRBNB.bronze.bronze_bookings__dbt_tmp
  
  
  
  
  as (
    


SELECT * FROM  AIRBNB.staging.bookings


    WHERE CREATED_AT > (SELECT COALESCE(MAX(CREATED_AT), '1900-01-01') FROM AIRBNB.bronze.bronze_bookings)

  )
/* {"app": "dbt", "dbt_version": "1.12.5", "profile_name": "aws_dbt_snowflake_project", "target_name": "dev", "node_id": "model.aws_dbt_snowflake_project.bronze_bookings"} */;
[0m13:52:05.693071 [debug] [Thread-2 (]: Opening a new connection, currently in state init
[0m13:52:07.054838 [debug] [Thread-2 (]: SQL status: SUCCESS 1 in 1.362 seconds
[0m13:52:07.068343 [debug] [Thread-2 (]: Using snowflake connection "model.aws_dbt_snowflake_project.bronze_bookings"
[0m13:52:07.069040 [debug] [Thread-2 (]: On model.aws_dbt_snowflake_project.bronze_bookings: describe table AIRBNB.bronze.bronze_bookings__dbt_tmp
/* {"app": "dbt", "dbt_version": "1.12.5", "profile_name": "aws_dbt_snowflake_project", "target_name": "dev", "node_id": "model.aws_dbt_snowflake_project.bronze_bookings"} */
[0m13:52:07.484747 [debug] [Thread-2 (]: SQL status: SUCCESS 9 in 0.415 seconds
[0m13:52:07.495110 [debug] [Thread-2 (]: Using snowflake connection "model.aws_dbt_snowflake_project.bronze_bookings"
[0m13:52:07.496292 [debug] [Thread-2 (]: On model.aws_dbt_snowflake_project.bronze_bookings: describe table AIRBNB.bronze.bronze_bookings
/* {"app": "dbt", "dbt_version": "1.12.5", "profile_name": "aws_dbt_snowflake_project", "target_name": "dev", "node_id": "model.aws_dbt_snowflake_project.bronze_bookings"} */
[0m13:52:07.763408 [debug] [Thread-2 (]: SQL status: SUCCESS 9 in 0.266 seconds
[0m13:52:07.785061 [debug] [Thread-2 (]: Using snowflake connection "model.aws_dbt_snowflake_project.bronze_bookings"
[0m13:52:07.785795 [debug] [Thread-2 (]: On model.aws_dbt_snowflake_project.bronze_bookings: describe table "AIRBNB"."BRONZE"."BRONZE_BOOKINGS"
/* {"app": "dbt", "dbt_version": "1.12.5", "profile_name": "aws_dbt_snowflake_project", "target_name": "dev", "node_id": "model.aws_dbt_snowflake_project.bronze_bookings"} */
[0m13:52:08.065937 [debug] [Thread-2 (]: SQL status: SUCCESS 9 in 0.279 seconds
[0m13:52:08.108202 [debug] [Thread-2 (]: Writing runtime sql for node "model.aws_dbt_snowflake_project.bronze_bookings"
[0m13:52:08.113721 [debug] [Thread-2 (]: Using snowflake connection "model.aws_dbt_snowflake_project.bronze_bookings"
[0m13:52:08.114259 [debug] [Thread-2 (]: On model.aws_dbt_snowflake_project.bronze_bookings: -- back compat for old kwarg name
  
  begin
/* {"app": "dbt", "dbt_version": "1.12.5", "profile_name": "aws_dbt_snowflake_project", "target_name": "dev", "node_id": "model.aws_dbt_snowflake_project.bronze_bookings"} */;
[0m13:52:08.384373 [debug] [Thread-2 (]: SQL status: SUCCESS 1 in 0.270 seconds
[0m13:52:08.385312 [debug] [Thread-2 (]: Using snowflake connection "model.aws_dbt_snowflake_project.bronze_bookings"
[0m13:52:08.386072 [debug] [Thread-2 (]: On model.aws_dbt_snowflake_project.bronze_bookings: insert into AIRBNB.bronze.bronze_bookings ("BOOKING_ID", "LISTING_ID", "BOOKING_DATE", "NIGHTS_BOOKED", "BOOKING_AMOUNT", "CLEANING_FEE", "SERVICE_FEE", "BOOKING_STATUS", "CREATED_AT")
        (
            select "BOOKING_ID", "LISTING_ID", "BOOKING_DATE", "NIGHTS_BOOKED", "BOOKING_AMOUNT", "CLEANING_FEE", "SERVICE_FEE", "BOOKING_STATUS", "CREATED_AT"
            from AIRBNB.bronze.bronze_bookings__dbt_tmp
        )
/* {"app": "dbt", "dbt_version": "1.12.5", "profile_name": "aws_dbt_snowflake_project", "target_name": "dev", "node_id": "model.aws_dbt_snowflake_project.bronze_bookings"} */;
[0m13:52:09.305702 [debug] [Thread-2 (]: SQL status: SUCCESS 0 in 0.919 seconds
[0m13:52:09.307066 [debug] [Thread-2 (]: Using snowflake connection "model.aws_dbt_snowflake_project.bronze_bookings"
[0m13:52:09.308259 [debug] [Thread-2 (]: On model.aws_dbt_snowflake_project.bronze_bookings: COMMIT
/* {"app": "dbt", "dbt_version": "1.12.5", "profile_name": "aws_dbt_snowflake_project", "target_name": "dev", "node_id": "model.aws_dbt_snowflake_project.bronze_bookings"} */
[0m13:52:09.543578 [debug] [Thread-2 (]: SQL status: SUCCESS 1 in 0.234 seconds
[0m13:52:09.554018 [debug] [Thread-2 (]: Applying DROP to: AIRBNB.bronze.bronze_bookings__dbt_tmp
[0m13:52:09.563090 [debug] [Thread-2 (]: Using snowflake connection "model.aws_dbt_snowflake_project.bronze_bookings"
[0m13:52:09.563630 [debug] [Thread-2 (]: On model.aws_dbt_snowflake_project.bronze_bookings: drop view if exists AIRBNB.bronze.bronze_bookings__dbt_tmp cascade
/* {"app": "dbt", "dbt_version": "1.12.5", "profile_name": "aws_dbt_snowflake_project", "target_name": "dev", "node_id": "model.aws_dbt_snowflake_project.bronze_bookings"} */
[0m13:52:09.819276 [debug] [Thread-2 (]: SQL status: SUCCESS 1 in 0.255 seconds
[0m13:52:09.854433 [debug] [Thread-2 (]: Sending event: {'category': 'dbt', 'action': 'run_model', 'label': 'b8a737b7-c509-4ad0-a13b-51b112bf8cd4', 'context': [<snowplow_tracker.self_describing_json.SelfDescribingJson object at 0x00000241D7073050>]}
[0m13:52:09.855459 [info ] [Thread-2 (]: 1 of 3 OK created sql incremental model bronze.bronze_bookings ................. [[32mSUCCESS 0[0m in 4.27s]
[0m13:52:09.856851 [debug] [Thread-2 (]: Finished running node model.aws_dbt_snowflake_project.bronze_bookings
[0m13:52:09.857818 [debug] [Thread-2 (]: Began running node model.aws_dbt_snowflake_project.bronze_hosts
[0m13:52:09.858882 [info ] [Thread-2 (]: 2 of 3 START sql incremental model bronze.bronze_hosts ......................... [RUN]
[0m13:52:09.859975 [debug] [Thread-2 (]: Re-using an available connection from the pool (formerly model.aws_dbt_snowflake_project.bronze_bookings, now model.aws_dbt_snowflake_project.bronze_hosts)
[0m13:52:09.860604 [debug] [Thread-2 (]: Began compiling node model.aws_dbt_snowflake_project.bronze_hosts
[0m13:52:09.864199 [debug] [Thread-2 (]: Writing injected SQL for node "model.aws_dbt_snowflake_project.bronze_hosts"
[0m13:52:09.865920 [debug] [Thread-2 (]: Began executing node model.aws_dbt_snowflake_project.bronze_hosts
[0m13:52:09.872817 [debug] [Thread-2 (]: Using snowflake connection "model.aws_dbt_snowflake_project.bronze_hosts"
[0m13:52:09.873471 [debug] [Thread-2 (]: On model.aws_dbt_snowflake_project.bronze_hosts: create or replace  temporary view AIRBNB.bronze.bronze_hosts__dbt_tmp
  
  
  
  
  as (
    


SELECT * FROM  AIRBNB.staging.hosts


    WHERE CREATED_AT > (SELECT COALESCE(MAX(CREATED_AT), '1900-01-01') FROM AIRBNB.bronze.bronze_hosts)

  )
/* {"app": "dbt", "dbt_version": "1.12.5", "profile_name": "aws_dbt_snowflake_project", "target_name": "dev", "node_id": "model.aws_dbt_snowflake_project.bronze_hosts"} */;
[0m13:52:10.321528 [debug] [Thread-2 (]: SQL status: SUCCESS 1 in 0.447 seconds
[0m13:52:10.323931 [debug] [Thread-2 (]: Using snowflake connection "model.aws_dbt_snowflake_project.bronze_hosts"
[0m13:52:10.324672 [debug] [Thread-2 (]: On model.aws_dbt_snowflake_project.bronze_hosts: describe table AIRBNB.bronze.bronze_hosts__dbt_tmp
/* {"app": "dbt", "dbt_version": "1.12.5", "profile_name": "aws_dbt_snowflake_project", "target_name": "dev", "node_id": "model.aws_dbt_snowflake_project.bronze_hosts"} */
[0m13:52:10.595279 [debug] [Thread-2 (]: SQL status: SUCCESS 6 in 0.269 seconds
[0m13:52:10.605823 [debug] [Thread-2 (]: Using snowflake connection "model.aws_dbt_snowflake_project.bronze_hosts"
[0m13:52:10.607205 [debug] [Thread-2 (]: On model.aws_dbt_snowflake_project.bronze_hosts: describe table AIRBNB.bronze.bronze_hosts
/* {"app": "dbt", "dbt_version": "1.12.5", "profile_name": "aws_dbt_snowflake_project", "target_name": "dev", "node_id": "model.aws_dbt_snowflake_project.bronze_hosts"} */
[0m13:52:10.868200 [debug] [Thread-2 (]: SQL status: SUCCESS 6 in 0.260 seconds
[0m13:52:10.875639 [debug] [Thread-2 (]: Using snowflake connection "model.aws_dbt_snowflake_project.bronze_hosts"
[0m13:52:10.876629 [debug] [Thread-2 (]: On model.aws_dbt_snowflake_project.bronze_hosts: describe table "AIRBNB"."BRONZE"."BRONZE_HOSTS"
/* {"app": "dbt", "dbt_version": "1.12.5", "profile_name": "aws_dbt_snowflake_project", "target_name": "dev", "node_id": "model.aws_dbt_snowflake_project.bronze_hosts"} */
[0m13:52:11.098009 [debug] [Thread-2 (]: SQL status: SUCCESS 6 in 0.220 seconds
[0m13:52:11.106372 [debug] [Thread-2 (]: Writing runtime sql for node "model.aws_dbt_snowflake_project.bronze_hosts"
[0m13:52:11.112581 [debug] [Thread-2 (]: Using snowflake connection "model.aws_dbt_snowflake_project.bronze_hosts"
[0m13:52:11.113912 [debug] [Thread-2 (]: On model.aws_dbt_snowflake_project.bronze_hosts: -- back compat for old kwarg name
  
  begin
/* {"app": "dbt", "dbt_version": "1.12.5", "profile_name": "aws_dbt_snowflake_project", "target_name": "dev", "node_id": "model.aws_dbt_snowflake_project.bronze_hosts"} */;
[0m13:52:11.608454 [debug] [Thread-2 (]: SQL status: SUCCESS 1 in 0.493 seconds
[0m13:52:11.609712 [debug] [Thread-2 (]: Using snowflake connection "model.aws_dbt_snowflake_project.bronze_hosts"
[0m13:52:11.610442 [debug] [Thread-2 (]: On model.aws_dbt_snowflake_project.bronze_hosts: insert into AIRBNB.bronze.bronze_hosts ("HOST_ID", "HOST_NAME", "HOST_SINCE", "IS_SUPERHOST", "RESPONSE_RATE", "CREATED_AT")
        (
            select "HOST_ID", "HOST_NAME", "HOST_SINCE", "IS_SUPERHOST", "RESPONSE_RATE", "CREATED_AT"
            from AIRBNB.bronze.bronze_hosts__dbt_tmp
        )
/* {"app": "dbt", "dbt_version": "1.12.5", "profile_name": "aws_dbt_snowflake_project", "target_name": "dev", "node_id": "model.aws_dbt_snowflake_project.bronze_hosts"} */;
[0m13:52:12.109546 [debug] [Thread-2 (]: SQL status: SUCCESS 0 in 0.498 seconds
[0m13:52:12.111723 [debug] [Thread-2 (]: Using snowflake connection "model.aws_dbt_snowflake_project.bronze_hosts"
[0m13:52:12.113484 [debug] [Thread-2 (]: On model.aws_dbt_snowflake_project.bronze_hosts: COMMIT
/* {"app": "dbt", "dbt_version": "1.12.5", "profile_name": "aws_dbt_snowflake_project", "target_name": "dev", "node_id": "model.aws_dbt_snowflake_project.bronze_hosts"} */
[0m13:52:12.378562 [debug] [Thread-2 (]: SQL status: SUCCESS 1 in 0.263 seconds
[0m13:52:12.386605 [debug] [Thread-2 (]: Applying DROP to: AIRBNB.bronze.bronze_hosts__dbt_tmp
[0m13:52:12.390905 [debug] [Thread-2 (]: Using snowflake connection "model.aws_dbt_snowflake_project.bronze_hosts"
[0m13:52:12.391997 [debug] [Thread-2 (]: On model.aws_dbt_snowflake_project.bronze_hosts: drop view if exists AIRBNB.bronze.bronze_hosts__dbt_tmp cascade
/* {"app": "dbt", "dbt_version": "1.12.5", "profile_name": "aws_dbt_snowflake_project", "target_name": "dev", "node_id": "model.aws_dbt_snowflake_project.bronze_hosts"} */
[0m13:52:12.633767 [debug] [Thread-2 (]: SQL status: SUCCESS 1 in 0.241 seconds
[0m13:52:12.636895 [debug] [Thread-2 (]: Sending event: {'category': 'dbt', 'action': 'run_model', 'label': 'b8a737b7-c509-4ad0-a13b-51b112bf8cd4', 'context': [<snowplow_tracker.self_describing_json.SelfDescribingJson object at 0x00000241D7026360>]}
[0m13:52:12.637814 [info ] [Thread-2 (]: 2 of 3 OK created sql incremental model bronze.bronze_hosts .................... [[32mSUCCESS 0[0m in 2.78s]
[0m13:52:12.639110 [debug] [Thread-2 (]: Finished running node model.aws_dbt_snowflake_project.bronze_hosts
[0m13:52:12.639724 [debug] [Thread-2 (]: Began running node model.aws_dbt_snowflake_project.bronze_listings
[0m13:52:12.640368 [info ] [Thread-2 (]: 3 of 3 START sql incremental model bronze.bronze_listings ...................... [RUN]
[0m13:52:12.641220 [debug] [Thread-2 (]: Re-using an available connection from the pool (formerly model.aws_dbt_snowflake_project.bronze_hosts, now model.aws_dbt_snowflake_project.bronze_listings)
[0m13:52:12.641750 [debug] [Thread-2 (]: Began compiling node model.aws_dbt_snowflake_project.bronze_listings
[0m13:52:12.645143 [debug] [Thread-2 (]: Writing injected SQL for node "model.aws_dbt_snowflake_project.bronze_listings"
[0m13:52:12.655549 [debug] [Thread-2 (]: Began executing node model.aws_dbt_snowflake_project.bronze_listings
[0m13:52:12.661958 [debug] [Thread-2 (]: Using snowflake connection "model.aws_dbt_snowflake_project.bronze_listings"
[0m13:52:12.662709 [debug] [Thread-2 (]: On model.aws_dbt_snowflake_project.bronze_listings: create or replace  temporary view AIRBNB.bronze.bronze_listings__dbt_tmp
  
  
  
  
  as (
    


SELECT * FROM  AIRBNB.staging.listings


    WHERE CREATED_AT > (SELECT COALESCE(MAX(CREATED_AT), '1900-01-01') FROM AIRBNB.bronze.bronze_listings)

  )
/* {"app": "dbt", "dbt_version": "1.12.5", "profile_name": "aws_dbt_snowflake_project", "target_name": "dev", "node_id": "model.aws_dbt_snowflake_project.bronze_listings"} */;
[0m13:52:12.995881 [debug] [Thread-2 (]: SQL status: SUCCESS 1 in 0.333 seconds
[0m13:52:13.000330 [debug] [Thread-2 (]: Using snowflake connection "model.aws_dbt_snowflake_project.bronze_listings"
[0m13:52:13.001599 [debug] [Thread-2 (]: On model.aws_dbt_snowflake_project.bronze_listings: describe table AIRBNB.bronze.bronze_listings__dbt_tmp
/* {"app": "dbt", "dbt_version": "1.12.5", "profile_name": "aws_dbt_snowflake_project", "target_name": "dev", "node_id": "model.aws_dbt_snowflake_project.bronze_listings"} */
[0m13:52:13.218759 [debug] [Thread-2 (]: SQL status: SUCCESS 11 in 0.216 seconds
[0m13:52:13.226028 [debug] [Thread-2 (]: Using snowflake connection "model.aws_dbt_snowflake_project.bronze_listings"
[0m13:52:13.226746 [debug] [Thread-2 (]: On model.aws_dbt_snowflake_project.bronze_listings: describe table AIRBNB.bronze.bronze_listings
/* {"app": "dbt", "dbt_version": "1.12.5", "profile_name": "aws_dbt_snowflake_project", "target_name": "dev", "node_id": "model.aws_dbt_snowflake_project.bronze_listings"} */
[0m13:52:13.446242 [debug] [Thread-2 (]: SQL status: SUCCESS 11 in 0.219 seconds
[0m13:52:13.455401 [debug] [Thread-2 (]: Using snowflake connection "model.aws_dbt_snowflake_project.bronze_listings"
[0m13:52:13.456491 [debug] [Thread-2 (]: On model.aws_dbt_snowflake_project.bronze_listings: describe table "AIRBNB"."BRONZE"."BRONZE_LISTINGS"
/* {"app": "dbt", "dbt_version": "1.12.5", "profile_name": "aws_dbt_snowflake_project", "target_name": "dev", "node_id": "model.aws_dbt_snowflake_project.bronze_listings"} */
[0m13:52:13.716846 [debug] [Thread-2 (]: SQL status: SUCCESS 11 in 0.259 seconds
[0m13:52:13.729375 [debug] [Thread-2 (]: Writing runtime sql for node "model.aws_dbt_snowflake_project.bronze_listings"
[0m13:52:13.740752 [debug] [Thread-2 (]: Using snowflake connection "model.aws_dbt_snowflake_project.bronze_listings"
[0m13:52:13.741760 [debug] [Thread-2 (]: On model.aws_dbt_snowflake_project.bronze_listings: -- back compat for old kwarg name
  
  begin
/* {"app": "dbt", "dbt_version": "1.12.5", "profile_name": "aws_dbt_snowflake_project", "target_name": "dev", "node_id": "model.aws_dbt_snowflake_project.bronze_listings"} */;
[0m13:52:13.936987 [debug] [Thread-2 (]: SQL status: SUCCESS 1 in 0.194 seconds
[0m13:52:13.937768 [debug] [Thread-2 (]: Using snowflake connection "model.aws_dbt_snowflake_project.bronze_listings"
[0m13:52:13.938425 [debug] [Thread-2 (]: On model.aws_dbt_snowflake_project.bronze_listings: insert into AIRBNB.bronze.bronze_listings ("LISTING_ID", "HOST_ID", "PROPERTY_TYPE", "ROOM_TYPE", "CITY", "COUNTRY", "ACCOMMODATES", "BEDROOMS", "BATHROOMS", "PRICE_PER_NIGHT", "CREATED_AT")
        (
            select "LISTING_ID", "HOST_ID", "PROPERTY_TYPE", "ROOM_TYPE", "CITY", "COUNTRY", "ACCOMMODATES", "BEDROOMS", "BATHROOMS", "PRICE_PER_NIGHT", "CREATED_AT"
            from AIRBNB.bronze.bronze_listings__dbt_tmp
        )
/* {"app": "dbt", "dbt_version": "1.12.5", "profile_name": "aws_dbt_snowflake_project", "target_name": "dev", "node_id": "model.aws_dbt_snowflake_project.bronze_listings"} */;
[0m13:52:14.934295 [debug] [Thread-2 (]: SQL status: SUCCESS 0 in 0.995 seconds
[0m13:52:14.936559 [debug] [Thread-2 (]: Using snowflake connection "model.aws_dbt_snowflake_project.bronze_listings"
[0m13:52:14.938530 [debug] [Thread-2 (]: On model.aws_dbt_snowflake_project.bronze_listings: COMMIT
/* {"app": "dbt", "dbt_version": "1.12.5", "profile_name": "aws_dbt_snowflake_project", "target_name": "dev", "node_id": "model.aws_dbt_snowflake_project.bronze_listings"} */
[0m13:52:15.159410 [debug] [Thread-2 (]: SQL status: SUCCESS 1 in 0.219 seconds
[0m13:52:15.165727 [debug] [Thread-2 (]: Applying DROP to: AIRBNB.bronze.bronze_listings__dbt_tmp
[0m13:52:15.168297 [debug] [Thread-2 (]: Using snowflake connection "model.aws_dbt_snowflake_project.bronze_listings"
[0m13:52:15.169461 [debug] [Thread-2 (]: On model.aws_dbt_snowflake_project.bronze_listings: drop view if exists AIRBNB.bronze.bronze_listings__dbt_tmp cascade
/* {"app": "dbt", "dbt_version": "1.12.5", "profile_name": "aws_dbt_snowflake_project", "target_name": "dev", "node_id": "model.aws_dbt_snowflake_project.bronze_listings"} */
[0m13:52:15.446001 [debug] [Thread-2 (]: SQL status: SUCCESS 1 in 0.275 seconds
[0m13:52:15.453503 [debug] [Thread-2 (]: Sending event: {'category': 'dbt', 'action': 'run_model', 'label': 'b8a737b7-c509-4ad0-a13b-51b112bf8cd4', 'context': [<snowplow_tracker.self_describing_json.SelfDescribingJson object at 0x00000241D6E47750>]}
[0m13:52:15.455035 [info ] [Thread-2 (]: 3 of 3 OK created sql incremental model bronze.bronze_listings ................. [[32mSUCCESS 0[0m in 2.81s]
[0m13:52:15.456924 [debug] [Thread-2 (]: Finished running node model.aws_dbt_snowflake_project.bronze_listings
[0m13:52:15.460433 [debug] [MainThread]: Connection 'master' was properly closed.
[0m13:52:15.461751 [debug] [MainThread]: Connection 'list_AIRBNB' was left open.
[0m13:52:15.462960 [debug] [MainThread]: On list_AIRBNB: Close
[0m13:52:15.854268 [debug] [MainThread]: Connection 'list_AIRBNB_bronze' was left open.
[0m13:52:15.854775 [debug] [MainThread]: On list_AIRBNB_bronze: Close
[0m13:52:16.160404 [debug] [MainThread]: Connection 'model.aws_dbt_snowflake_project.bronze_listings' was left open.
[0m13:52:16.160877 [debug] [MainThread]: On model.aws_dbt_snowflake_project.bronze_listings: Close
[0m13:52:16.475812 [info ] [MainThread]: 
[0m13:52:16.477354 [info ] [MainThread]: Finished running 3 incremental models in 0 hours 0 minutes and 15.77 seconds (15.77s).
[0m13:52:16.481124 [debug] [MainThread]: Command end result
[0m13:52:16.543539 [debug] [MainThread]: Wrote artifact WritableManifest to C:\Users\samee\OneDrive\Desktop\aws_dbt_snowflake\aws_dbt_snowflake_project\target\manifest.json
[0m13:52:16.551291 [debug] [MainThread]: Wrote artifact SemanticManifest to C:\Users\samee\OneDrive\Desktop\aws_dbt_snowflake\aws_dbt_snowflake_project\target\semantic_manifest.json
[0m13:52:16.559068 [debug] [MainThread]: Wrote artifact OsiDocument to C:\Users\samee\OneDrive\Desktop\aws_dbt_snowflake\aws_dbt_snowflake_project\target\osi_document.json
[0m13:52:16.570094 [debug] [MainThread]: Wrote artifact RunExecutionResult to C:\Users\samee\OneDrive\Desktop\aws_dbt_snowflake\aws_dbt_snowflake_project\target\run_results.json
[0m13:52:16.570728 [info ] [MainThread]: 
[0m13:52:16.571503 [info ] [MainThread]: [32mCompleted successfully[0m
[0m13:52:16.572269 [info ] [MainThread]: 
[0m13:52:16.572895 [info ] [MainThread]: Done. PASS=3 WARN=0 ERROR=0 SKIP=0 NO-OP=0 REUSED=0 TOTAL=3
[0m13:52:16.575006 [debug] [MainThread]: Command `dbt run` succeeded at 13:52:16.574753 after 24.76 seconds
[0m13:52:16.575711 [debug] [MainThread]: Sending event: {'category': 'dbt', 'action': 'invocation', 'label': 'end', 'context': [<snowplow_tracker.self_describing_json.SelfDescribingJson object at 0x00000241D5484150>, <snowplow_tracker.self_describing_json.SelfDescribingJson object at 0x00000241D7064850>, <snowplow_tracker.self_describing_json.SelfDescribingJson object at 0x00000241D3E9E7B0>]}
[0m13:52:16.576369 [debug] [MainThread]: Flushing usage events
[0m13:52:17.907921 [debug] [MainThread]: An error was encountered while trying to flush usage events
[0m15:45:11.625878 [debug] [MainThread]: Sending event: {'category': 'dbt', 'action': 'invocation', 'label': 'start', 'context': [<snowplow_tracker.self_describing_json.SelfDescribingJson object at 0x0000024A3E562900>, <snowplow_tracker.self_describing_json.SelfDescribingJson object at 0x0000024A40BBFED0>, <snowplow_tracker.self_describing_json.SelfDescribingJson object at 0x0000024A40BBFB10>]}


============================== 15:45:11.646901 | 9a6501ae-b926-45ee-8b3c-0963d4fac8f7 ==============================
[0m15:45:11.646901 [info ] [MainThread]: Running with dbt=1.12.5
[0m15:45:11.650919 [debug] [MainThread]: running dbt with arguments {'maximum_seed_size_mib': '1', 'no_print': 'None', 'version_check': 'True', 'warn_error_options': 'WarnErrorOptionsV2(error=[], warn=[], silence=[])', 'target_path': 'None', 'static_parser': 'True', 'printer_width': '80', 'write_json': 'True', 'introspect': 'True', 'log_cache_events': 'False', 'empty': 'False', 'cache_selected_only': 'False', 'fail_fast': 'False', 'debug': 'False', 'log_format': 'default', 'profiles_dir': 'C:\\Users\\samee\\OneDrive\\Desktop\\aws_dbt_snowflake\\aws_dbt_snowflake_project', 'send_anonymous_usage_stats': 'True', 'quiet': 'False', 'warn_error': 'None', 'partial_parse': 'True', 'invocation_command': 'dbt run --select silver_bookings', 'hints_enabled': 'True', 'use_colors': 'True', 'use_experimental_parser': 'False', 'indirect_selection': 'eager', 'log_path': 'C:\\Users\\samee\\OneDrive\\Desktop\\aws_dbt_snowflake\\aws_dbt_snowflake_project\\logs'}
[0m15:45:13.541336 [debug] [MainThread]: Snowflake adapter: Setting snowflake.connector to ERROR (file logging only)
[0m15:45:13.544241 [debug] [MainThread]: Snowflake adapter: Setting botocore to ERROR (file logging only)
[0m15:45:13.546422 [debug] [MainThread]: Snowflake adapter: Setting boto3 to ERROR (file logging only)
[0m15:45:14.846400 [debug] [MainThread]: Sending event: {'category': 'dbt', 'action': 'project_id', 'label': '9a6501ae-b926-45ee-8b3c-0963d4fac8f7', 'context': [<snowplow_tracker.self_describing_json.SelfDescribingJson object at 0x0000024A3EA82FD0>]}
[0m15:45:15.117912 [debug] [MainThread]: Sending event: {'category': 'dbt', 'action': 'adapter_info', 'label': '9a6501ae-b926-45ee-8b3c-0963d4fac8f7', 'context': [<snowplow_tracker.self_describing_json.SelfDescribingJson object at 0x0000024A3F0D8380>]}
[0m15:45:15.122559 [info ] [MainThread]: Registered adapter: snowflake=1.12.1
[0m15:45:16.790547 [debug] [MainThread]: checksum: 0ee1a1dce6b94271f7f4877021b9467e87e858ea987b298e8ea9f7304295ef8e, vars: {}, profile: aws_dbt_snowflake_project, target: dev, version: 1.12.5
[0m15:45:17.298736 [info ] [MainThread]: Unable to do partial parsing because a project config has changed
[0m15:45:17.300352 [debug] [MainThread]: Sending event: {'category': 'dbt', 'action': 'partial_parser', 'label': '9a6501ae-b926-45ee-8b3c-0963d4fac8f7', 'context': [<snowplow_tracker.self_describing_json.SelfDescribingJson object at 0x0000024A428CBC50>]}
[0m15:45:22.935872 [debug] [MainThread]: Sending event: {'category': 'dbt', 'action': 'invocation', 'label': 'start', 'context': [<snowplow_tracker.self_describing_json.SelfDescribingJson object at 0x000002457EB627B0>, <snowplow_tracker.self_describing_json.SelfDescribingJson object at 0x00000245011E3ED0>, <snowplow_tracker.self_describing_json.SelfDescribingJson object at 0x00000245011E3D90>]}


============================== 15:45:22.962714 | 75ea5754-52fc-48fa-af60-66c6e5cbf303 ==============================
[0m15:45:22.962714 [info ] [MainThread]: Running with dbt=1.12.5
[0m15:45:22.966615 [debug] [MainThread]: running dbt with arguments {'version_check': 'True', 'no_print': 'None', 'maximum_seed_size_mib': '1', 'warn_error_options': 'WarnErrorOptionsV2(error=[], warn=[], silence=[])', 'static_parser': 'True', 'target_path': 'None', 'printer_width': '80', 'write_json': 'True', 'introspect': 'True', 'log_cache_events': 'False', 'empty': 'None', 'cache_selected_only': 'False', 'fail_fast': 'False', 'debug': 'False', 'log_format': 'default', 'profiles_dir': 'c:\\Users\\samee\\OneDrive\\Desktop\\aws_dbt_snowflake\\aws_dbt_snowflake_project', 'send_anonymous_usage_stats': 'True', 'quiet': 'False', 'warn_error': 'None', 'partial_parse': 'True', 'indirect_selection': 'eager', 'hints_enabled': 'True', 'invocation_command': 'dbt ', 'use_experimental_parser': 'False', 'use_colors': 'True', 'log_path': 'c:\\Users\\samee\\OneDrive\\Desktop\\aws_dbt_snowflake\\aws_dbt_snowflake_project\\logs'}
[0m15:45:23.149757 [error] [MainThread]: [[31mERROR[0m]: Encountered an error:
Compilation Error in model silver_bookings (models\silver\silver_bookings.sql)
  expected token 'end of print statement', got '='
    line 2
      unique_key='BOOKING_ID' }}
[0m15:45:23.156118 [debug] [MainThread]: Command `dbt run` failed at 15:45:23.155491 after 12.07 seconds
[0m15:45:23.159180 [debug] [MainThread]: Sending event: {'category': 'dbt', 'action': 'invocation', 'label': 'end', 'context': [<snowplow_tracker.self_describing_json.SelfDescribingJson object at 0x0000024A424C0320>, <snowplow_tracker.self_describing_json.SelfDescribingJson object at 0x0000024A43991130>, <snowplow_tracker.self_describing_json.SelfDescribingJson object at 0x0000024A40B2FE70>]}
[0m15:45:23.162058 [debug] [MainThread]: Flushing usage events
[0m15:45:23.735553 [debug] [MainThread]: Sending event: {'category': 'dbt', 'action': 'project_id', 'label': '75ea5754-52fc-48fa-af60-66c6e5cbf303', 'context': [<snowplow_tracker.self_describing_json.SelfDescribingJson object at 0x000002457F07AEA0>]}
[0m15:45:23.884294 [info ] [MainThread]: Warning: No packages were found in packages.yml
[0m15:45:23.895171 [info ] [MainThread]: Warning: No packages were found in packages.yml
[0m15:45:23.899434 [debug] [MainThread]: Command `cli deps` succeeded at 15:45:23.898928 after 1.71 seconds
[0m15:45:23.900576 [debug] [MainThread]: Sending event: {'category': 'dbt', 'action': 'invocation', 'label': 'end', 'context': [<snowplow_tracker.self_describing_json.SelfDescribingJson object at 0x000002457D0F3020>, <snowplow_tracker.self_describing_json.SelfDescribingJson object at 0x00000245013C3790>, <snowplow_tracker.self_describing_json.SelfDescribingJson object at 0x0000024501275650>]}
[0m15:45:23.901817 [debug] [MainThread]: Flushing usage events
[0m15:45:24.725702 [debug] [MainThread]: An error was encountered while trying to flush usage events
[0m15:45:25.171546 [debug] [MainThread]: An error was encountered while trying to flush usage events
[0m15:48:58.181147 [debug] [MainThread]: Sending event: {'category': 'dbt', 'action': 'invocation', 'label': 'start', 'context': [<snowplow_tracker.self_describing_json.SelfDescribingJson object at 0x00000177C3242900>, <snowplow_tracker.self_describing_json.SelfDescribingJson object at 0x00000177C588FED0>, <snowplow_tracker.self_describing_json.SelfDescribingJson object at 0x00000177C588FB10>]}


============================== 15:48:58.192967 | 7673f3a4-15ea-476e-ac66-61e662a6709a ==============================
[0m15:48:58.192967 [info ] [MainThread]: Running with dbt=1.12.5
[0m15:48:58.195213 [debug] [MainThread]: running dbt with arguments {'static_parser': 'True', 'no_print': 'None', 'maximum_seed_size_mib': '1', 'warn_error_options': 'WarnErrorOptionsV2(error=[], warn=[], silence=[])', 'target_path': 'None', 'version_check': 'True', 'printer_width': '80', 'write_json': 'True', 'empty': 'False', 'log_cache_events': 'False', 'introspect': 'True', 'cache_selected_only': 'False', 'fail_fast': 'False', 'debug': 'False', 'log_format': 'default', 'profiles_dir': 'C:\\Users\\samee\\OneDrive\\Desktop\\aws_dbt_snowflake\\aws_dbt_snowflake_project', 'send_anonymous_usage_stats': 'True', 'quiet': 'False', 'warn_error': 'None', 'partial_parse': 'True', 'use_colors': 'True', 'hints_enabled': 'True', 'invocation_command': 'dbt run --select silver_bookings', 'use_experimental_parser': 'False', 'indirect_selection': 'eager', 'log_path': 'C:\\Users\\samee\\OneDrive\\Desktop\\aws_dbt_snowflake\\aws_dbt_snowflake_project\\logs'}
[0m15:48:59.120564 [debug] [MainThread]: Snowflake adapter: Setting snowflake.connector to ERROR (file logging only)
[0m15:48:59.121964 [debug] [MainThread]: Snowflake adapter: Setting botocore to ERROR (file logging only)
[0m15:48:59.123139 [debug] [MainThread]: Snowflake adapter: Setting boto3 to ERROR (file logging only)
[0m15:48:59.641280 [debug] [MainThread]: Sending event: {'category': 'dbt', 'action': 'project_id', 'label': '7673f3a4-15ea-476e-ac66-61e662a6709a', 'context': [<snowplow_tracker.self_describing_json.SelfDescribingJson object at 0x00000177C3762FD0>]}
[0m15:48:59.751496 [debug] [MainThread]: Sending event: {'category': 'dbt', 'action': 'adapter_info', 'label': '7673f3a4-15ea-476e-ac66-61e662a6709a', 'context': [<snowplow_tracker.self_describing_json.SelfDescribingJson object at 0x00000177C3DA8380>]}
[0m15:48:59.753474 [info ] [MainThread]: Registered adapter: snowflake=1.12.1
[0m15:49:00.402240 [debug] [MainThread]: checksum: 0ee1a1dce6b94271f7f4877021b9467e87e858ea987b298e8ea9f7304295ef8e, vars: {}, profile: aws_dbt_snowflake_project, target: dev, version: 1.12.5
[0m15:49:00.601027 [info ] [MainThread]: Unable to do partial parsing because a project config has changed
[0m15:49:00.602330 [debug] [MainThread]: Sending event: {'category': 'dbt', 'action': 'partial_parser', 'label': '7673f3a4-15ea-476e-ac66-61e662a6709a', 'context': [<snowplow_tracker.self_describing_json.SelfDescribingJson object at 0x00000177C75FBC50>]}
[0m15:49:02.661819 [error] [MainThread]: [[31mERROR[0m]: Encountered an error:
Compilation Error in model silver_bookings (models\silver\silver_bookings.sql)
  expected token 'end of print statement', got '='
    line 2
      unique_key='BOOKING_ID' }}
[0m15:49:02.664526 [debug] [MainThread]: Command `dbt run` failed at 15:49:02.664279 after 4.85 seconds
[0m15:49:02.665159 [debug] [MainThread]: Sending event: {'category': 'dbt', 'action': 'invocation', 'label': 'end', 'context': [<snowplow_tracker.self_describing_json.SelfDescribingJson object at 0x00000177C71F0320>, <snowplow_tracker.self_describing_json.SelfDescribingJson object at 0x00000177C76E1130>, <snowplow_tracker.self_describing_json.SelfDescribingJson object at 0x00000177C57FFE70>]}
[0m15:49:02.665764 [debug] [MainThread]: Flushing usage events
[0m15:49:04.123878 [debug] [MainThread]: An error was encountered while trying to flush usage events
[0m15:49:49.143124 [debug] [MainThread]: Sending event: {'category': 'dbt', 'action': 'invocation', 'label': 'start', 'context': [<snowplow_tracker.self_describing_json.SelfDescribingJson object at 0x000001F71777E900>, <snowplow_tracker.self_describing_json.SelfDescribingJson object at 0x000001F719DCFED0>, <snowplow_tracker.self_describing_json.SelfDescribingJson object at 0x000001F719DCFB10>]}


============================== 15:49:49.155026 | f4cb5f71-2732-48ca-bfd1-b9bb5e53d42c ==============================
[0m15:49:49.155026 [info ] [MainThread]: Running with dbt=1.12.5
[0m15:49:49.158119 [debug] [MainThread]: running dbt with arguments {'static_parser': 'True', 'no_print': 'None', 'maximum_seed_size_mib': '1', 'warn_error_options': 'WarnErrorOptionsV2(error=[], warn=[], silence=[])', 'target_path': 'None', 'version_check': 'True', 'printer_width': '80', 'write_json': 'True', 'empty': 'False', 'log_cache_events': 'False', 'introspect': 'True', 'cache_selected_only': 'False', 'fail_fast': 'False', 'debug': 'False', 'log_format': 'default', 'profiles_dir': 'C:\\Users\\samee\\OneDrive\\Desktop\\aws_dbt_snowflake\\aws_dbt_snowflake_project', 'send_anonymous_usage_stats': 'True', 'quiet': 'False', 'warn_error': 'None', 'partial_parse': 'True', 'indirect_selection': 'eager', 'hints_enabled': 'True', 'invocation_command': 'dbt run --select silver_bookings', 'use_experimental_parser': 'False', 'use_colors': 'True', 'log_path': 'C:\\Users\\samee\\OneDrive\\Desktop\\aws_dbt_snowflake\\aws_dbt_snowflake_project\\logs'}
[0m15:49:50.208172 [debug] [MainThread]: Snowflake adapter: Setting snowflake.connector to ERROR (file logging only)
[0m15:49:50.209865 [debug] [MainThread]: Snowflake adapter: Setting botocore to ERROR (file logging only)
[0m15:49:50.211234 [debug] [MainThread]: Snowflake adapter: Setting boto3 to ERROR (file logging only)
[0m15:49:50.791688 [debug] [MainThread]: Sending event: {'category': 'dbt', 'action': 'project_id', 'label': 'f4cb5f71-2732-48ca-bfd1-b9bb5e53d42c', 'context': [<snowplow_tracker.self_describing_json.SelfDescribingJson object at 0x000001F717CA2FD0>]}
[0m15:49:50.892562 [debug] [MainThread]: Sending event: {'category': 'dbt', 'action': 'adapter_info', 'label': 'f4cb5f71-2732-48ca-bfd1-b9bb5e53d42c', 'context': [<snowplow_tracker.self_describing_json.SelfDescribingJson object at 0x000001F7182E8380>]}
[0m15:49:50.894472 [info ] [MainThread]: Registered adapter: snowflake=1.12.1
[0m15:49:51.474512 [debug] [MainThread]: checksum: 0ee1a1dce6b94271f7f4877021b9467e87e858ea987b298e8ea9f7304295ef8e, vars: {}, profile: aws_dbt_snowflake_project, target: dev, version: 1.12.5
[0m15:49:51.753495 [info ] [MainThread]: Unable to do partial parsing because a project config has changed
[0m15:49:51.755621 [debug] [MainThread]: Sending event: {'category': 'dbt', 'action': 'partial_parser', 'label': 'f4cb5f71-2732-48ca-bfd1-b9bb5e53d42c', 'context': [<snowplow_tracker.self_describing_json.SelfDescribingJson object at 0x000001F71BBA7C50>]}
[0m15:49:55.723568 [debug] [MainThread]: Sending event: {'category': 'dbt', 'action': 'load_project', 'label': 'f4cb5f71-2732-48ca-bfd1-b9bb5e53d42c', 'context': [<snowplow_tracker.self_describing_json.SelfDescribingJson object at 0x000001F71B7A2E40>]}
[0m15:49:56.137521 [debug] [MainThread]: Wrote artifact WritableManifest to C:\Users\samee\OneDrive\Desktop\aws_dbt_snowflake\aws_dbt_snowflake_project\target\manifest.json
[0m15:49:56.157562 [debug] [MainThread]: Wrote artifact SemanticManifest to C:\Users\samee\OneDrive\Desktop\aws_dbt_snowflake\aws_dbt_snowflake_project\target\semantic_manifest.json
[0m15:49:56.338359 [debug] [MainThread]: Wrote artifact OsiDocument to C:\Users\samee\OneDrive\Desktop\aws_dbt_snowflake\aws_dbt_snowflake_project\target\osi_document.json
[0m15:49:56.392182 [debug] [MainThread]: Sending event: {'category': 'dbt', 'action': 'resource_counts', 'label': 'f4cb5f71-2732-48ca-bfd1-b9bb5e53d42c', 'context': [<snowplow_tracker.self_describing_json.SelfDescribingJson object at 0x000001F71D0C9390>]}
[0m15:49:56.394632 [info ] [MainThread]: Found 6 models, 2 analyses, 3 sources, 566 macros
[0m15:49:56.396689 [debug] [MainThread]: Sending event: {'category': 'dbt', 'action': 'runnable_timing', 'label': 'f4cb5f71-2732-48ca-bfd1-b9bb5e53d42c', 'context': [<snowplow_tracker.self_describing_json.SelfDescribingJson object at 0x000001F71CD9CBB0>]}
[0m15:49:56.404064 [info ] [MainThread]: 
[0m15:49:56.406023 [info ] [MainThread]: Concurrency: 1 threads (target='dev')
[0m15:49:56.407827 [info ] [MainThread]: 
[0m15:49:56.410093 [debug] [MainThread]: Acquiring new snowflake connection 'master'
[0m15:49:56.413581 [debug] [ThreadPool]: Acquiring new snowflake connection 'list_AIRBNB'
[0m15:49:56.472624 [debug] [ThreadPool]: Using snowflake connection "list_AIRBNB"
[0m15:49:56.473974 [debug] [ThreadPool]: On list_AIRBNB: show terse schemas in database AIRBNB
    limit 10000
/* {"app": "dbt", "dbt_version": "1.12.5", "profile_name": "aws_dbt_snowflake_project", "target_name": "dev", "connection_name": "list_AIRBNB"} */
[0m15:49:56.475342 [debug] [ThreadPool]: Opening a new connection, currently in state init
[0m15:49:59.116232 [debug] [ThreadPool]: SQL status: SUCCESS 6 in 2.641 seconds
[0m15:49:59.124489 [debug] [ThreadPool]: Re-using an available connection from the pool (formerly list_AIRBNB, now create_AIRBNB_silver)
[0m15:49:59.126724 [debug] [ThreadPool]: Creating schema "database: "AIRBNB"
schema: "silver"
"
[0m15:49:59.141650 [debug] [ThreadPool]: Using snowflake connection "create_AIRBNB_silver"
[0m15:49:59.142709 [debug] [ThreadPool]: On create_AIRBNB_silver: create schema if not exists AIRBNB.silver
/* {"app": "dbt", "dbt_version": "1.12.5", "profile_name": "aws_dbt_snowflake_project", "target_name": "dev", "connection_name": "create_AIRBNB_silver"} */
[0m15:49:59.643975 [debug] [ThreadPool]: SQL status: SUCCESS 1 in 0.500 seconds
[0m15:49:59.665543 [debug] [ThreadPool]: Acquiring new snowflake connection 'list_AIRBNB_bronze'
[0m15:49:59.699889 [debug] [ThreadPool]: Using snowflake connection "list_AIRBNB_bronze"
[0m15:49:59.700919 [debug] [ThreadPool]: On list_AIRBNB_bronze: show objects in AIRBNB.bronze
    limit 10000
    

/* {"app": "dbt", "dbt_version": "1.12.5", "profile_name": "aws_dbt_snowflake_project", "target_name": "dev", "connection_name": "list_AIRBNB_bronze"} */;
[0m15:49:59.701792 [debug] [ThreadPool]: Opening a new connection, currently in state init
[0m15:50:01.558902 [debug] [ThreadPool]: SQL status: SUCCESS 3 in 1.857 seconds
[0m15:50:01.584961 [debug] [ThreadPool]: Using snowflake connection "list_AIRBNB_bronze"
[0m15:50:01.586575 [debug] [ThreadPool]: On list_AIRBNB_bronze: show user functions in AIRBNB.bronze
/* {"app": "dbt", "dbt_version": "1.12.5", "profile_name": "aws_dbt_snowflake_project", "target_name": "dev", "connection_name": "list_AIRBNB_bronze"} */
[0m15:50:01.979608 [debug] [ThreadPool]: SQL status: SUCCESS 0 in 0.392 seconds
[0m15:50:01.987436 [debug] [ThreadPool]: Re-using an available connection from the pool (formerly list_AIRBNB_bronze, now list_AIRBNB_silver)
[0m15:50:01.995125 [debug] [ThreadPool]: Using snowflake connection "list_AIRBNB_silver"
[0m15:50:01.996668 [debug] [ThreadPool]: On list_AIRBNB_silver: show objects in AIRBNB.silver
    limit 10000
    

/* {"app": "dbt", "dbt_version": "1.12.5", "profile_name": "aws_dbt_snowflake_project", "target_name": "dev", "connection_name": "list_AIRBNB_silver"} */;
[0m15:50:02.717345 [debug] [ThreadPool]: SQL status: SUCCESS 0 in 0.719 seconds
[0m15:50:02.725760 [debug] [ThreadPool]: Using snowflake connection "list_AIRBNB_silver"
[0m15:50:02.726984 [debug] [ThreadPool]: On list_AIRBNB_silver: show user functions in AIRBNB.silver
/* {"app": "dbt", "dbt_version": "1.12.5", "profile_name": "aws_dbt_snowflake_project", "target_name": "dev", "connection_name": "list_AIRBNB_silver"} */
[0m15:50:03.236458 [debug] [ThreadPool]: SQL status: SUCCESS 0 in 0.508 seconds
[0m15:50:03.243493 [debug] [MainThread]: Sending event: {'category': 'dbt', 'action': 'runnable_timing', 'label': 'f4cb5f71-2732-48ca-bfd1-b9bb5e53d42c', 'context': [<snowplow_tracker.self_describing_json.SelfDescribingJson object at 0x000001F71D15F950>]}
[0m15:50:03.259677 [debug] [Thread-2 (]: Began running node model.aws_dbt_snowflake_project.silver_bookings
[0m15:50:03.261674 [info ] [Thread-2 (]: 1 of 1 START sql incremental model silver.silver_bookings ...................... [RUN]
[0m15:50:03.264188 [debug] [Thread-2 (]: Acquiring new snowflake connection 'model.aws_dbt_snowflake_project.silver_bookings'
[0m15:50:03.265552 [debug] [Thread-2 (]: Began compiling node model.aws_dbt_snowflake_project.silver_bookings
[0m15:50:03.291425 [debug] [Thread-2 (]: Writing injected SQL for node "model.aws_dbt_snowflake_project.silver_bookings"
[0m15:50:03.296672 [debug] [Thread-2 (]: Began executing node model.aws_dbt_snowflake_project.silver_bookings
[0m15:50:03.646677 [debug] [Thread-2 (]: Writing runtime sql for node "model.aws_dbt_snowflake_project.silver_bookings"
[0m15:50:03.653227 [debug] [Thread-2 (]: Using snowflake connection "model.aws_dbt_snowflake_project.silver_bookings"
[0m15:50:03.655184 [debug] [Thread-2 (]: On model.aws_dbt_snowflake_project.silver_bookings: create or replace transient table AIRBNB.silver.silver_bookings
    
    
    
    
    

    as (

select 
    BOOKING_ID,
    LISTING_ID,
    BOOKING_DATE,
    
    round(NIGHTS_BOOKED * BOOKING_AMOUNT,2)
 as TOTAL_BOOKING_PRICE ,
    SERVICE_FEE,
    CLEANING_FEE,
    BOOKING_STATUS,
    CREATED_AT 
FROM AIRBNB.bronze.bronze_bookings
    )

/* {"app": "dbt", "dbt_version": "1.12.5", "profile_name": "aws_dbt_snowflake_project", "target_name": "dev", "node_id": "model.aws_dbt_snowflake_project.silver_bookings"} */;
[0m15:50:03.657057 [debug] [Thread-2 (]: Opening a new connection, currently in state init
[0m15:50:05.685804 [debug] [Thread-2 (]: SQL status: SUCCESS 5000 in 2.029 seconds
[0m15:50:05.709336 [debug] [Thread-2 (]: Applying DROP to: AIRBNB.silver.silver_bookings__dbt_tmp
[0m15:50:05.730018 [debug] [Thread-2 (]: Using snowflake connection "model.aws_dbt_snowflake_project.silver_bookings"
[0m15:50:05.731216 [debug] [Thread-2 (]: On model.aws_dbt_snowflake_project.silver_bookings: drop view if exists AIRBNB.silver.silver_bookings__dbt_tmp cascade
/* {"app": "dbt", "dbt_version": "1.12.5", "profile_name": "aws_dbt_snowflake_project", "target_name": "dev", "node_id": "model.aws_dbt_snowflake_project.silver_bookings"} */
[0m15:50:05.902905 [debug] [Thread-2 (]: SQL status: SUCCESS 1 in 0.171 seconds
[0m15:50:05.971063 [debug] [Thread-2 (]: Sending event: {'category': 'dbt', 'action': 'run_model', 'label': 'f4cb5f71-2732-48ca-bfd1-b9bb5e53d42c', 'context': [<snowplow_tracker.self_describing_json.SelfDescribingJson object at 0x000001F71D2E9A70>]}
[0m15:50:05.974055 [info ] [Thread-2 (]: 1 of 1 OK created sql incremental model silver.silver_bookings ................. [[32mSUCCESS 5000[0m in 2.70s]
[0m15:50:05.977071 [debug] [Thread-2 (]: Finished running node model.aws_dbt_snowflake_project.silver_bookings
[0m15:50:05.980456 [debug] [MainThread]: Connection 'master' was properly closed.
[0m15:50:05.981373 [debug] [MainThread]: Connection 'create_AIRBNB_silver' was left open.
[0m15:50:05.982357 [debug] [MainThread]: On create_AIRBNB_silver: Close
[0m15:50:06.266844 [debug] [MainThread]: Connection 'list_AIRBNB_silver' was left open.
[0m15:50:06.268483 [debug] [MainThread]: On list_AIRBNB_silver: Close
[0m15:50:06.598443 [debug] [MainThread]: Connection 'model.aws_dbt_snowflake_project.silver_bookings' was left open.
[0m15:50:06.599486 [debug] [MainThread]: On model.aws_dbt_snowflake_project.silver_bookings: Close
[0m15:50:06.880755 [info ] [MainThread]: 
[0m15:50:06.882674 [info ] [MainThread]: Finished running 1 incremental model in 0 hours 0 minutes and 10.47 seconds (10.47s).
[0m15:50:06.885235 [debug] [MainThread]: Command end result
[0m15:50:07.009161 [debug] [MainThread]: Wrote artifact WritableManifest to C:\Users\samee\OneDrive\Desktop\aws_dbt_snowflake\aws_dbt_snowflake_project\target\manifest.json
[0m15:50:07.020266 [debug] [MainThread]: Wrote artifact SemanticManifest to C:\Users\samee\OneDrive\Desktop\aws_dbt_snowflake\aws_dbt_snowflake_project\target\semantic_manifest.json
[0m15:50:07.037570 [debug] [MainThread]: Wrote artifact OsiDocument to C:\Users\samee\OneDrive\Desktop\aws_dbt_snowflake\aws_dbt_snowflake_project\target\osi_document.json
[0m15:50:07.065240 [debug] [MainThread]: Wrote artifact RunExecutionResult to C:\Users\samee\OneDrive\Desktop\aws_dbt_snowflake\aws_dbt_snowflake_project\target\run_results.json
[0m15:50:07.066793 [info ] [MainThread]: 
[0m15:50:07.068817 [info ] [MainThread]: [32mCompleted successfully[0m
[0m15:50:07.070517 [info ] [MainThread]: 
[0m15:50:07.071836 [info ] [MainThread]: Done. PASS=1 WARN=0 ERROR=0 SKIP=0 NO-OP=0 REUSED=0 TOTAL=1
[0m15:50:07.076163 [debug] [MainThread]: Command `dbt run` succeeded at 15:50:07.075553 after 18.25 seconds
[0m15:50:07.077958 [debug] [MainThread]: Sending event: {'category': 'dbt', 'action': 'invocation', 'label': 'end', 'context': [<snowplow_tracker.self_describing_json.SelfDescribingJson object at 0x000001F71D39C730>, <snowplow_tracker.self_describing_json.SelfDescribingJson object at 0x000001F71D356570>, <snowplow_tracker.self_describing_json.SelfDescribingJson object at 0x000001F71B4C01D0>]}
[0m15:50:07.079719 [debug] [MainThread]: Flushing usage events
[0m15:50:08.550919 [debug] [MainThread]: An error was encountered while trying to flush usage events
[0m16:28:07.370453 [debug] [MainThread]: Sending event: {'category': 'dbt', 'action': 'invocation', 'label': 'start', 'context': [<snowplow_tracker.self_describing_json.SelfDescribingJson object at 0x000002D864CEE900>, <snowplow_tracker.self_describing_json.SelfDescribingJson object at 0x000002D86734FED0>, <snowplow_tracker.self_describing_json.SelfDescribingJson object at 0x000002D86734FB10>]}


============================== 16:28:07.387211 | 4d614fc5-7e0c-4360-8566-33e38c55a7b8 ==============================
[0m16:28:07.387211 [info ] [MainThread]: Running with dbt=1.12.5
[0m16:28:07.390013 [debug] [MainThread]: running dbt with arguments {'version_check': 'True', 'no_print': 'None', 'static_parser': 'True', 'warn_error_options': 'WarnErrorOptionsV2(error=[], warn=[], silence=[])', 'maximum_seed_size_mib': '1', 'target_path': 'None', 'printer_width': '80', 'write_json': 'True', 'empty': 'False', 'log_cache_events': 'False', 'introspect': 'True', 'cache_selected_only': 'False', 'log_format': 'default', 'debug': 'False', 'fail_fast': 'False', 'partial_parse': 'True', 'send_anonymous_usage_stats': 'True', 'quiet': 'False', 'warn_error': 'None', 'profiles_dir': 'C:\\Users\\samee\\OneDrive\\Desktop\\aws_dbt_snowflake\\aws_dbt_snowflake_project', 'indirect_selection': 'eager', 'hints_enabled': 'True', 'invocation_command': 'dbt compile', 'use_experimental_parser': 'False', 'use_colors': 'True', 'log_path': 'C:\\Users\\samee\\OneDrive\\Desktop\\aws_dbt_snowflake\\aws_dbt_snowflake_project\\logs'}
[0m16:28:09.243900 [debug] [MainThread]: Snowflake adapter: Setting snowflake.connector to ERROR (file logging only)
[0m16:28:09.245071 [debug] [MainThread]: Snowflake adapter: Setting botocore to ERROR (file logging only)
[0m16:28:09.246362 [debug] [MainThread]: Snowflake adapter: Setting boto3 to ERROR (file logging only)
[0m16:28:10.311187 [debug] [MainThread]: Sending event: {'category': 'dbt', 'action': 'project_id', 'label': '4d614fc5-7e0c-4360-8566-33e38c55a7b8', 'context': [<snowplow_tracker.self_describing_json.SelfDescribingJson object at 0x000002D86520EFD0>]}
[0m16:28:10.588009 [debug] [MainThread]: Sending event: {'category': 'dbt', 'action': 'adapter_info', 'label': '4d614fc5-7e0c-4360-8566-33e38c55a7b8', 'context': [<snowplow_tracker.self_describing_json.SelfDescribingJson object at 0x000002D865868380>]}
[0m16:28:10.593366 [info ] [MainThread]: Registered adapter: snowflake=1.12.1
[0m16:28:12.307709 [debug] [MainThread]: checksum: 0ee1a1dce6b94271f7f4877021b9467e87e858ea987b298e8ea9f7304295ef8e, vars: {}, profile: aws_dbt_snowflake_project, target: dev, version: 1.12.5
[0m16:28:13.049312 [debug] [MainThread]: Partial parsing enabled: 0 files deleted, 0 files added, 0 files changed.
[0m16:28:13.050043 [debug] [MainThread]: Nothing changed, skipping partial parsing.
[0m16:28:13.050600 [debug] [MainThread]: Partial parsing enabled, no changes found, skipping parsing
[0m16:28:13.076556 [debug] [MainThread]: Sending event: {'category': 'dbt', 'action': 'load_project', 'label': '4d614fc5-7e0c-4360-8566-33e38c55a7b8', 'context': [<snowplow_tracker.self_describing_json.SelfDescribingJson object at 0x000002D8690F4450>]}
[0m16:28:13.681804 [debug] [MainThread]: Wrote artifact WritableManifest to C:\Users\samee\OneDrive\Desktop\aws_dbt_snowflake\aws_dbt_snowflake_project\target\manifest.json
[0m16:28:13.695887 [debug] [MainThread]: Wrote artifact SemanticManifest to C:\Users\samee\OneDrive\Desktop\aws_dbt_snowflake\aws_dbt_snowflake_project\target\semantic_manifest.json
[0m16:28:13.865181 [debug] [MainThread]: Wrote artifact OsiDocument to C:\Users\samee\OneDrive\Desktop\aws_dbt_snowflake\aws_dbt_snowflake_project\target\osi_document.json
[0m16:28:13.914557 [debug] [MainThread]: Sending event: {'category': 'dbt', 'action': 'resource_counts', 'label': '4d614fc5-7e0c-4360-8566-33e38c55a7b8', 'context': [<snowplow_tracker.self_describing_json.SelfDescribingJson object at 0x000002D86A1398B0>]}
[0m16:28:13.916513 [info ] [MainThread]: Found 6 models, 2 analyses, 3 sources, 566 macros
[0m16:28:13.918515 [debug] [MainThread]: Sending event: {'category': 'dbt', 'action': 'runnable_timing', 'label': '4d614fc5-7e0c-4360-8566-33e38c55a7b8', 'context': [<snowplow_tracker.self_describing_json.SelfDescribingJson object at 0x000002D86A166430>]}
[0m16:28:13.927923 [info ] [MainThread]: 
[0m16:28:13.929460 [info ] [MainThread]: Concurrency: 1 threads (target='dev')
[0m16:28:13.931131 [info ] [MainThread]: 
[0m16:28:13.933680 [debug] [MainThread]: Acquiring new snowflake connection 'master'
[0m16:28:13.954405 [debug] [ThreadPool]: Acquiring new snowflake connection 'list_AIRBNB_bronze'
[0m16:28:14.017663 [debug] [ThreadPool]: Using snowflake connection "list_AIRBNB_bronze"
[0m16:28:14.018641 [debug] [ThreadPool]: On list_AIRBNB_bronze: show objects in AIRBNB.bronze
    limit 10000
    

/* {"app": "dbt", "dbt_version": "1.12.5", "profile_name": "aws_dbt_snowflake_project", "target_name": "dev", "connection_name": "list_AIRBNB_bronze"} */;
[0m16:28:14.019446 [debug] [ThreadPool]: Opening a new connection, currently in state init
[0m16:28:16.165102 [debug] [ThreadPool]: SQL status: SUCCESS 3 in 2.145 seconds
[0m16:28:16.192311 [debug] [ThreadPool]: Using snowflake connection "list_AIRBNB_bronze"
[0m16:28:16.193935 [debug] [ThreadPool]: On list_AIRBNB_bronze: show user functions in AIRBNB.bronze
/* {"app": "dbt", "dbt_version": "1.12.5", "profile_name": "aws_dbt_snowflake_project", "target_name": "dev", "connection_name": "list_AIRBNB_bronze"} */
[0m16:28:16.422953 [debug] [ThreadPool]: SQL status: SUCCESS 0 in 0.227 seconds
[0m16:28:16.431608 [debug] [ThreadPool]: Re-using an available connection from the pool (formerly list_AIRBNB_bronze, now list_AIRBNB_silver)
[0m16:28:16.444019 [debug] [ThreadPool]: Using snowflake connection "list_AIRBNB_silver"
[0m16:28:16.445918 [debug] [ThreadPool]: On list_AIRBNB_silver: show objects in AIRBNB.silver
    limit 10000
    

/* {"app": "dbt", "dbt_version": "1.12.5", "profile_name": "aws_dbt_snowflake_project", "target_name": "dev", "connection_name": "list_AIRBNB_silver"} */;
[0m16:28:16.640891 [debug] [ThreadPool]: SQL status: SUCCESS 1 in 0.193 seconds
[0m16:28:16.660994 [debug] [ThreadPool]: Using snowflake connection "list_AIRBNB_silver"
[0m16:28:16.663965 [debug] [ThreadPool]: On list_AIRBNB_silver: show user functions in AIRBNB.silver
/* {"app": "dbt", "dbt_version": "1.12.5", "profile_name": "aws_dbt_snowflake_project", "target_name": "dev", "connection_name": "list_AIRBNB_silver"} */
[0m16:28:16.891361 [debug] [ThreadPool]: SQL status: SUCCESS 0 in 0.225 seconds
[0m16:28:16.908301 [debug] [MainThread]: Sending event: {'category': 'dbt', 'action': 'runnable_timing', 'label': '4d614fc5-7e0c-4360-8566-33e38c55a7b8', 'context': [<snowplow_tracker.self_describing_json.SelfDescribingJson object at 0x000002D86A3397E0>]}
[0m16:28:16.953885 [debug] [Thread-2 (]: Began running node model.aws_dbt_snowflake_project.bronze_bookings
[0m16:28:16.958342 [debug] [Thread-2 (]: Acquiring new snowflake connection 'model.aws_dbt_snowflake_project.bronze_bookings'
[0m16:28:16.961297 [debug] [Thread-2 (]: Began compiling node model.aws_dbt_snowflake_project.bronze_bookings
[0m16:28:17.009819 [debug] [Thread-2 (]: Writing injected SQL for node "model.aws_dbt_snowflake_project.bronze_bookings"
[0m16:28:17.012779 [debug] [Thread-2 (]: Began executing node model.aws_dbt_snowflake_project.bronze_bookings
[0m16:28:17.015258 [debug] [Thread-2 (]: Finished running node model.aws_dbt_snowflake_project.bronze_bookings
[0m16:28:17.016639 [debug] [Thread-2 (]: Began running node model.aws_dbt_snowflake_project.bronze_hosts
[0m16:28:17.017952 [debug] [Thread-2 (]: Re-using an available connection from the pool (formerly model.aws_dbt_snowflake_project.bronze_bookings, now model.aws_dbt_snowflake_project.bronze_hosts)
[0m16:28:17.019525 [debug] [Thread-2 (]: Began compiling node model.aws_dbt_snowflake_project.bronze_hosts
[0m16:28:17.028156 [debug] [Thread-2 (]: Writing injected SQL for node "model.aws_dbt_snowflake_project.bronze_hosts"
[0m16:28:17.030873 [debug] [Thread-2 (]: Began executing node model.aws_dbt_snowflake_project.bronze_hosts
[0m16:28:17.033293 [debug] [Thread-2 (]: Finished running node model.aws_dbt_snowflake_project.bronze_hosts
[0m16:28:17.034751 [debug] [Thread-2 (]: Began running node model.aws_dbt_snowflake_project.bronze_listings
[0m16:28:17.036516 [debug] [Thread-2 (]: Re-using an available connection from the pool (formerly model.aws_dbt_snowflake_project.bronze_hosts, now model.aws_dbt_snowflake_project.bronze_listings)
[0m16:28:17.038401 [debug] [Thread-2 (]: Began compiling node model.aws_dbt_snowflake_project.bronze_listings
[0m16:28:17.047566 [debug] [Thread-2 (]: Writing injected SQL for node "model.aws_dbt_snowflake_project.bronze_listings"
[0m16:28:17.050188 [debug] [Thread-2 (]: Began executing node model.aws_dbt_snowflake_project.bronze_listings
[0m16:28:17.052938 [debug] [Thread-2 (]: Finished running node model.aws_dbt_snowflake_project.bronze_listings
[0m16:28:17.054821 [debug] [Thread-2 (]: Began running node analysis.aws_dbt_snowflake_project.explore_macros
[0m16:28:17.057192 [debug] [Thread-2 (]: Re-using an available connection from the pool (formerly model.aws_dbt_snowflake_project.bronze_listings, now analysis.aws_dbt_snowflake_project.explore_macros)
[0m16:28:17.059274 [debug] [Thread-2 (]: Began compiling node analysis.aws_dbt_snowflake_project.explore_macros
[0m16:28:17.064107 [debug] [Thread-2 (]: Writing injected SQL for node "analysis.aws_dbt_snowflake_project.explore_macros"
[0m16:28:17.067635 [debug] [Thread-2 (]: Began executing node analysis.aws_dbt_snowflake_project.explore_macros
[0m16:28:17.072296 [debug] [Thread-2 (]: Finished running node analysis.aws_dbt_snowflake_project.explore_macros
[0m16:28:17.073780 [debug] [Thread-2 (]: Began running node analysis.aws_dbt_snowflake_project.playing
[0m16:28:17.075361 [debug] [Thread-2 (]: Re-using an available connection from the pool (formerly analysis.aws_dbt_snowflake_project.explore_macros, now analysis.aws_dbt_snowflake_project.playing)
[0m16:28:17.076855 [debug] [Thread-2 (]: Began compiling node analysis.aws_dbt_snowflake_project.playing
[0m16:28:17.082728 [debug] [Thread-2 (]: Writing injected SQL for node "analysis.aws_dbt_snowflake_project.playing"
[0m16:28:17.092685 [debug] [Thread-2 (]: Began executing node analysis.aws_dbt_snowflake_project.playing
[0m16:28:17.095184 [debug] [Thread-2 (]: Finished running node analysis.aws_dbt_snowflake_project.playing
[0m16:28:17.096672 [debug] [Thread-2 (]: Began running node model.aws_dbt_snowflake_project.silver_bookings
[0m16:28:17.113625 [debug] [Thread-2 (]: Re-using an available connection from the pool (formerly analysis.aws_dbt_snowflake_project.playing, now model.aws_dbt_snowflake_project.silver_bookings)
[0m16:28:17.115129 [debug] [Thread-2 (]: Began compiling node model.aws_dbt_snowflake_project.silver_bookings
[0m16:28:17.128285 [debug] [Thread-2 (]: Writing injected SQL for node "model.aws_dbt_snowflake_project.silver_bookings"
[0m16:28:17.131980 [debug] [Thread-2 (]: Began executing node model.aws_dbt_snowflake_project.silver_bookings
[0m16:28:17.134997 [debug] [Thread-2 (]: Finished running node model.aws_dbt_snowflake_project.silver_bookings
[0m16:28:17.137237 [debug] [Thread-2 (]: Began running node model.aws_dbt_snowflake_project.silver_hosts
[0m16:28:17.139100 [debug] [Thread-2 (]: Re-using an available connection from the pool (formerly model.aws_dbt_snowflake_project.silver_bookings, now model.aws_dbt_snowflake_project.silver_hosts)
[0m16:28:17.140487 [debug] [Thread-2 (]: Began compiling node model.aws_dbt_snowflake_project.silver_hosts
[0m16:28:17.147322 [debug] [Thread-2 (]: Writing injected SQL for node "model.aws_dbt_snowflake_project.silver_hosts"
[0m16:28:17.150326 [debug] [Thread-2 (]: Began executing node model.aws_dbt_snowflake_project.silver_hosts
[0m16:28:17.152620 [debug] [Thread-2 (]: Finished running node model.aws_dbt_snowflake_project.silver_hosts
[0m16:28:17.155187 [debug] [Thread-2 (]: Began running node model.aws_dbt_snowflake_project.silver_listings
[0m16:28:17.156906 [debug] [Thread-2 (]: Re-using an available connection from the pool (formerly model.aws_dbt_snowflake_project.silver_hosts, now model.aws_dbt_snowflake_project.silver_listings)
[0m16:28:17.158157 [debug] [Thread-2 (]: Began compiling node model.aws_dbt_snowflake_project.silver_listings
[0m16:28:17.169140 [debug] [Thread-2 (]: Writing injected SQL for node "model.aws_dbt_snowflake_project.silver_listings"
[0m16:28:17.173671 [debug] [Thread-2 (]: Began executing node model.aws_dbt_snowflake_project.silver_listings
[0m16:28:17.176606 [debug] [Thread-2 (]: Finished running node model.aws_dbt_snowflake_project.silver_listings
[0m16:28:17.178933 [debug] [MainThread]: Connection 'master' was properly closed.
[0m16:28:17.179691 [debug] [MainThread]: Connection 'list_AIRBNB_silver' was left open.
[0m16:28:17.180383 [debug] [MainThread]: On list_AIRBNB_silver: Close
[0m16:28:17.494015 [debug] [MainThread]: Connection 'model.aws_dbt_snowflake_project.silver_listings' was properly closed.
[0m16:28:17.500802 [debug] [MainThread]: Command end result
[0m16:28:17.664964 [debug] [MainThread]: Wrote artifact WritableManifest to C:\Users\samee\OneDrive\Desktop\aws_dbt_snowflake\aws_dbt_snowflake_project\target\manifest.json
[0m16:28:17.676443 [debug] [MainThread]: Wrote artifact SemanticManifest to C:\Users\samee\OneDrive\Desktop\aws_dbt_snowflake\aws_dbt_snowflake_project\target\semantic_manifest.json
[0m16:28:17.684594 [debug] [MainThread]: Wrote artifact OsiDocument to C:\Users\samee\OneDrive\Desktop\aws_dbt_snowflake\aws_dbt_snowflake_project\target\osi_document.json
[0m16:28:17.710384 [debug] [MainThread]: Wrote artifact RunExecutionResult to C:\Users\samee\OneDrive\Desktop\aws_dbt_snowflake\aws_dbt_snowflake_project\target\run_results.json
[0m16:28:17.713270 [debug] [MainThread]: Command `dbt compile` succeeded at 16:28:17.712957 after 10.76 seconds
[0m16:28:17.714123 [debug] [MainThread]: Sending event: {'category': 'dbt', 'action': 'invocation', 'label': 'end', 'context': [<snowplow_tracker.self_describing_json.SelfDescribingJson object at 0x000002D8672B8B90>, <snowplow_tracker.self_describing_json.SelfDescribingJson object at 0x000002D86A4AA2B0>, <snowplow_tracker.self_describing_json.SelfDescribingJson object at 0x000002D86A4AA6D0>]}
[0m16:28:17.714906 [debug] [MainThread]: Flushing usage events
[0m16:28:19.093907 [debug] [MainThread]: An error was encountered while trying to flush usage events
[0m16:28:44.461507 [debug] [MainThread]: Sending event: {'category': 'dbt', 'action': 'invocation', 'label': 'start', 'context': [<snowplow_tracker.self_describing_json.SelfDescribingJson object at 0x0000014F19B02900>, <snowplow_tracker.self_describing_json.SelfDescribingJson object at 0x0000014F1C14FED0>, <snowplow_tracker.self_describing_json.SelfDescribingJson object at 0x0000014F1C14FB10>]}


============================== 16:28:44.472751 | 92dca970-d28b-4fef-8821-032eca9ace3e ==============================
[0m16:28:44.472751 [info ] [MainThread]: Running with dbt=1.12.5
[0m16:28:44.474678 [debug] [MainThread]: running dbt with arguments {'static_parser': 'True', 'no_print': 'None', 'maximum_seed_size_mib': '1', 'target_path': 'None', 'version_check': 'True', 'warn_error_options': 'WarnErrorOptionsV2(error=[], warn=[], silence=[])', 'printer_width': '80', 'write_json': 'True', 'empty': 'False', 'log_cache_events': 'False', 'introspect': 'True', 'cache_selected_only': 'False', 'fail_fast': 'False', 'debug': 'False', 'log_format': 'default', 'profiles_dir': 'C:\\Users\\samee\\OneDrive\\Desktop\\aws_dbt_snowflake\\aws_dbt_snowflake_project', 'send_anonymous_usage_stats': 'True', 'quiet': 'False', 'warn_error': 'None', 'partial_parse': 'True', 'indirect_selection': 'eager', 'hints_enabled': 'True', 'use_colors': 'True', 'use_experimental_parser': 'False', 'invocation_command': 'dbt run', 'log_path': 'C:\\Users\\samee\\OneDrive\\Desktop\\aws_dbt_snowflake\\aws_dbt_snowflake_project\\logs'}
[0m16:28:46.061934 [debug] [MainThread]: Snowflake adapter: Setting snowflake.connector to ERROR (file logging only)
[0m16:28:46.063140 [debug] [MainThread]: Snowflake adapter: Setting botocore to ERROR (file logging only)
[0m16:28:46.064158 [debug] [MainThread]: Snowflake adapter: Setting boto3 to ERROR (file logging only)
[0m16:28:46.964426 [debug] [MainThread]: Sending event: {'category': 'dbt', 'action': 'project_id', 'label': '92dca970-d28b-4fef-8821-032eca9ace3e', 'context': [<snowplow_tracker.self_describing_json.SelfDescribingJson object at 0x0000014F1A01EFD0>]}
[0m16:28:47.205728 [debug] [MainThread]: Sending event: {'category': 'dbt', 'action': 'adapter_info', 'label': '92dca970-d28b-4fef-8821-032eca9ace3e', 'context': [<snowplow_tracker.self_describing_json.SelfDescribingJson object at 0x0000014F1A668380>]}
[0m16:28:47.208503 [info ] [MainThread]: Registered adapter: snowflake=1.12.1
[0m16:28:48.579639 [debug] [MainThread]: checksum: 0ee1a1dce6b94271f7f4877021b9467e87e858ea987b298e8ea9f7304295ef8e, vars: {}, profile: aws_dbt_snowflake_project, target: dev, version: 1.12.5
[0m16:28:49.204041 [debug] [MainThread]: Partial parsing enabled: 0 files deleted, 0 files added, 0 files changed.
[0m16:28:49.204844 [debug] [MainThread]: Nothing changed, skipping partial parsing.
[0m16:28:49.205504 [debug] [MainThread]: Partial parsing enabled, no changes found, skipping parsing
[0m16:28:49.228461 [debug] [MainThread]: Sending event: {'category': 'dbt', 'action': 'load_project', 'label': '92dca970-d28b-4fef-8821-032eca9ace3e', 'context': [<snowplow_tracker.self_describing_json.SelfDescribingJson object at 0x0000014F1DF40450>]}
[0m16:28:49.838798 [debug] [MainThread]: Wrote artifact WritableManifest to C:\Users\samee\OneDrive\Desktop\aws_dbt_snowflake\aws_dbt_snowflake_project\target\manifest.json
[0m16:28:49.855348 [debug] [MainThread]: Wrote artifact SemanticManifest to C:\Users\samee\OneDrive\Desktop\aws_dbt_snowflake\aws_dbt_snowflake_project\target\semantic_manifest.json
[0m16:28:49.990315 [debug] [MainThread]: Wrote artifact OsiDocument to C:\Users\samee\OneDrive\Desktop\aws_dbt_snowflake\aws_dbt_snowflake_project\target\osi_document.json
[0m16:28:50.034998 [debug] [MainThread]: Sending event: {'category': 'dbt', 'action': 'resource_counts', 'label': '92dca970-d28b-4fef-8821-032eca9ace3e', 'context': [<snowplow_tracker.self_describing_json.SelfDescribingJson object at 0x0000014F1EF99F40>]}
[0m16:28:50.037079 [info ] [MainThread]: Found 6 models, 2 analyses, 3 sources, 566 macros
[0m16:28:50.039339 [debug] [MainThread]: Sending event: {'category': 'dbt', 'action': 'runnable_timing', 'label': '92dca970-d28b-4fef-8821-032eca9ace3e', 'context': [<snowplow_tracker.self_describing_json.SelfDescribingJson object at 0x0000014F1EFBA890>]}
[0m16:28:50.046560 [info ] [MainThread]: 
[0m16:28:50.048018 [info ] [MainThread]: Concurrency: 1 threads (target='dev')
[0m16:28:50.051698 [info ] [MainThread]: 
[0m16:28:50.054268 [debug] [MainThread]: Acquiring new snowflake connection 'master'
[0m16:28:50.081603 [debug] [ThreadPool]: Acquiring new snowflake connection 'list_AIRBNB'
[0m16:28:50.159173 [debug] [ThreadPool]: Using snowflake connection "list_AIRBNB"
[0m16:28:50.160214 [debug] [ThreadPool]: On list_AIRBNB: show terse schemas in database AIRBNB
    limit 10000
/* {"app": "dbt", "dbt_version": "1.12.5", "profile_name": "aws_dbt_snowflake_project", "target_name": "dev", "connection_name": "list_AIRBNB"} */
[0m16:28:50.161364 [debug] [ThreadPool]: Opening a new connection, currently in state init
[0m16:28:52.124792 [debug] [ThreadPool]: SQL status: SUCCESS 7 in 1.963 seconds
[0m16:28:52.137326 [debug] [ThreadPool]: Using snowflake connection "list_AIRBNB"
[0m16:28:52.139088 [debug] [ThreadPool]: On list_AIRBNB: show terse schemas in database AIRBNB
    limit 10000
/* {"app": "dbt", "dbt_version": "1.12.5", "profile_name": "aws_dbt_snowflake_project", "target_name": "dev", "connection_name": "list_AIRBNB"} */
[0m16:28:52.329377 [debug] [ThreadPool]: SQL status: SUCCESS 7 in 0.189 seconds
[0m16:28:52.340456 [debug] [ThreadPool]: Acquiring new snowflake connection 'list_AIRBNB_silver'
[0m16:28:52.400055 [debug] [ThreadPool]: Using snowflake connection "list_AIRBNB_silver"
[0m16:28:52.401755 [debug] [ThreadPool]: On list_AIRBNB_silver: show objects in AIRBNB.silver
    limit 10000
    

/* {"app": "dbt", "dbt_version": "1.12.5", "profile_name": "aws_dbt_snowflake_project", "target_name": "dev", "connection_name": "list_AIRBNB_silver"} */;
[0m16:28:52.402979 [debug] [ThreadPool]: Opening a new connection, currently in state init
[0m16:28:53.183255 [debug] [ThreadPool]: SQL status: SUCCESS 1 in 0.780 seconds
[0m16:28:53.214689 [debug] [ThreadPool]: Using snowflake connection "list_AIRBNB_silver"
[0m16:28:53.216762 [debug] [ThreadPool]: On list_AIRBNB_silver: show user functions in AIRBNB.silver
/* {"app": "dbt", "dbt_version": "1.12.5", "profile_name": "aws_dbt_snowflake_project", "target_name": "dev", "connection_name": "list_AIRBNB_silver"} */
[0m16:28:53.400786 [debug] [ThreadPool]: SQL status: SUCCESS 0 in 0.182 seconds
[0m16:28:53.405904 [debug] [ThreadPool]: Re-using an available connection from the pool (formerly list_AIRBNB_silver, now list_AIRBNB_bronze)
[0m16:28:53.423451 [debug] [ThreadPool]: Using snowflake connection "list_AIRBNB_bronze"
[0m16:28:53.425222 [debug] [ThreadPool]: On list_AIRBNB_bronze: show objects in AIRBNB.bronze
    limit 10000
    

/* {"app": "dbt", "dbt_version": "1.12.5", "profile_name": "aws_dbt_snowflake_project", "target_name": "dev", "connection_name": "list_AIRBNB_bronze"} */;
[0m16:28:53.616310 [debug] [ThreadPool]: SQL status: SUCCESS 3 in 0.190 seconds
[0m16:28:53.624943 [debug] [ThreadPool]: Using snowflake connection "list_AIRBNB_bronze"
[0m16:28:53.626234 [debug] [ThreadPool]: On list_AIRBNB_bronze: show user functions in AIRBNB.bronze
/* {"app": "dbt", "dbt_version": "1.12.5", "profile_name": "aws_dbt_snowflake_project", "target_name": "dev", "connection_name": "list_AIRBNB_bronze"} */
[0m16:28:53.798715 [debug] [ThreadPool]: SQL status: SUCCESS 0 in 0.171 seconds
[0m16:28:53.813479 [debug] [MainThread]: Sending event: {'category': 'dbt', 'action': 'runnable_timing', 'label': '92dca970-d28b-4fef-8821-032eca9ace3e', 'context': [<snowplow_tracker.self_describing_json.SelfDescribingJson object at 0x0000014F1F1E2820>]}
[0m16:28:53.830550 [debug] [Thread-2 (]: Began running node model.aws_dbt_snowflake_project.bronze_bookings
[0m16:28:53.833782 [info ] [Thread-2 (]: 1 of 6 START sql incremental model bronze.bronze_bookings ...................... [RUN]
[0m16:28:53.837101 [debug] [Thread-2 (]: Acquiring new snowflake connection 'model.aws_dbt_snowflake_project.bronze_bookings'
[0m16:28:53.839168 [debug] [Thread-2 (]: Began compiling node model.aws_dbt_snowflake_project.bronze_bookings
[0m16:28:53.909210 [debug] [Thread-2 (]: Writing injected SQL for node "model.aws_dbt_snowflake_project.bronze_bookings"
[0m16:28:53.914139 [debug] [Thread-2 (]: Began executing node model.aws_dbt_snowflake_project.bronze_bookings
[0m16:28:54.278753 [debug] [Thread-2 (]: Using snowflake connection "model.aws_dbt_snowflake_project.bronze_bookings"
[0m16:28:54.280006 [debug] [Thread-2 (]: On model.aws_dbt_snowflake_project.bronze_bookings: create or replace  temporary view AIRBNB.bronze.bronze_bookings__dbt_tmp
  
  
  
  
  as (
    


SELECT * FROM  AIRBNB.staging.bookings


    WHERE CREATED_AT > (SELECT COALESCE(MAX(CREATED_AT), '1900-01-01') FROM AIRBNB.bronze.bronze_bookings)

  )
/* {"app": "dbt", "dbt_version": "1.12.5", "profile_name": "aws_dbt_snowflake_project", "target_name": "dev", "node_id": "model.aws_dbt_snowflake_project.bronze_bookings"} */;
[0m16:28:54.281228 [debug] [Thread-2 (]: Opening a new connection, currently in state init
[0m16:28:55.438463 [debug] [Thread-2 (]: SQL status: SUCCESS 1 in 1.157 seconds
[0m16:28:55.479167 [debug] [Thread-2 (]: Using snowflake connection "model.aws_dbt_snowflake_project.bronze_bookings"
[0m16:28:55.481706 [debug] [Thread-2 (]: On model.aws_dbt_snowflake_project.bronze_bookings: describe table AIRBNB.bronze.bronze_bookings__dbt_tmp
/* {"app": "dbt", "dbt_version": "1.12.5", "profile_name": "aws_dbt_snowflake_project", "target_name": "dev", "node_id": "model.aws_dbt_snowflake_project.bronze_bookings"} */
[0m16:28:55.667648 [debug] [Thread-2 (]: SQL status: SUCCESS 9 in 0.183 seconds
[0m16:28:55.677474 [debug] [Thread-2 (]: Using snowflake connection "model.aws_dbt_snowflake_project.bronze_bookings"
[0m16:28:55.678398 [debug] [Thread-2 (]: On model.aws_dbt_snowflake_project.bronze_bookings: describe table AIRBNB.bronze.bronze_bookings
/* {"app": "dbt", "dbt_version": "1.12.5", "profile_name": "aws_dbt_snowflake_project", "target_name": "dev", "node_id": "model.aws_dbt_snowflake_project.bronze_bookings"} */
[0m16:28:55.854497 [debug] [Thread-2 (]: SQL status: SUCCESS 9 in 0.174 seconds
[0m16:28:55.921267 [debug] [Thread-2 (]: Using snowflake connection "model.aws_dbt_snowflake_project.bronze_bookings"
[0m16:28:55.924579 [debug] [Thread-2 (]: On model.aws_dbt_snowflake_project.bronze_bookings: describe table "AIRBNB"."BRONZE"."BRONZE_BOOKINGS"
/* {"app": "dbt", "dbt_version": "1.12.5", "profile_name": "aws_dbt_snowflake_project", "target_name": "dev", "node_id": "model.aws_dbt_snowflake_project.bronze_bookings"} */
[0m16:28:56.116182 [debug] [Thread-2 (]: SQL status: SUCCESS 9 in 0.188 seconds
[0m16:28:56.176936 [debug] [Thread-2 (]: Writing runtime sql for node "model.aws_dbt_snowflake_project.bronze_bookings"
[0m16:28:56.182692 [debug] [Thread-2 (]: Using snowflake connection "model.aws_dbt_snowflake_project.bronze_bookings"
[0m16:28:56.185022 [debug] [Thread-2 (]: On model.aws_dbt_snowflake_project.bronze_bookings: -- back compat for old kwarg name
  
  begin
/* {"app": "dbt", "dbt_version": "1.12.5", "profile_name": "aws_dbt_snowflake_project", "target_name": "dev", "node_id": "model.aws_dbt_snowflake_project.bronze_bookings"} */;
[0m16:28:56.367117 [debug] [Thread-2 (]: SQL status: SUCCESS 1 in 0.180 seconds
[0m16:28:56.369162 [debug] [Thread-2 (]: Using snowflake connection "model.aws_dbt_snowflake_project.bronze_bookings"
[0m16:28:56.370930 [debug] [Thread-2 (]: On model.aws_dbt_snowflake_project.bronze_bookings: insert into AIRBNB.bronze.bronze_bookings ("BOOKING_ID", "LISTING_ID", "BOOKING_DATE", "NIGHTS_BOOKED", "BOOKING_AMOUNT", "CLEANING_FEE", "SERVICE_FEE", "BOOKING_STATUS", "CREATED_AT")
        (
            select "BOOKING_ID", "LISTING_ID", "BOOKING_DATE", "NIGHTS_BOOKED", "BOOKING_AMOUNT", "CLEANING_FEE", "SERVICE_FEE", "BOOKING_STATUS", "CREATED_AT"
            from AIRBNB.bronze.bronze_bookings__dbt_tmp
        )
/* {"app": "dbt", "dbt_version": "1.12.5", "profile_name": "aws_dbt_snowflake_project", "target_name": "dev", "node_id": "model.aws_dbt_snowflake_project.bronze_bookings"} */;
[0m16:28:57.401253 [debug] [Thread-2 (]: SQL status: SUCCESS 0 in 1.028 seconds
[0m16:28:57.403972 [debug] [Thread-2 (]: Using snowflake connection "model.aws_dbt_snowflake_project.bronze_bookings"
[0m16:28:57.406153 [debug] [Thread-2 (]: On model.aws_dbt_snowflake_project.bronze_bookings: COMMIT
/* {"app": "dbt", "dbt_version": "1.12.5", "profile_name": "aws_dbt_snowflake_project", "target_name": "dev", "node_id": "model.aws_dbt_snowflake_project.bronze_bookings"} */
[0m16:28:57.585861 [debug] [Thread-2 (]: SQL status: SUCCESS 1 in 0.178 seconds
[0m16:28:57.624816 [debug] [Thread-2 (]: Applying DROP to: AIRBNB.bronze.bronze_bookings__dbt_tmp
[0m16:28:57.670688 [debug] [Thread-2 (]: Using snowflake connection "model.aws_dbt_snowflake_project.bronze_bookings"
[0m16:28:57.673309 [debug] [Thread-2 (]: On model.aws_dbt_snowflake_project.bronze_bookings: drop view if exists AIRBNB.bronze.bronze_bookings__dbt_tmp cascade
/* {"app": "dbt", "dbt_version": "1.12.5", "profile_name": "aws_dbt_snowflake_project", "target_name": "dev", "node_id": "model.aws_dbt_snowflake_project.bronze_bookings"} */
[0m16:28:57.901306 [debug] [Thread-2 (]: SQL status: SUCCESS 1 in 0.226 seconds
[0m16:28:58.015711 [debug] [Thread-2 (]: Sending event: {'category': 'dbt', 'action': 'run_model', 'label': '92dca970-d28b-4fef-8821-032eca9ace3e', 'context': [<snowplow_tracker.self_describing_json.SelfDescribingJson object at 0x0000014F1F2EBF50>]}
[0m16:28:58.017651 [info ] [Thread-2 (]: 1 of 6 OK created sql incremental model bronze.bronze_bookings ................. [[32mSUCCESS 0[0m in 4.17s]
[0m16:28:58.020634 [debug] [Thread-2 (]: Finished running node model.aws_dbt_snowflake_project.bronze_bookings
[0m16:28:58.021738 [debug] [Thread-2 (]: Began running node model.aws_dbt_snowflake_project.bronze_hosts
[0m16:28:58.023280 [info ] [Thread-2 (]: 2 of 6 START sql incremental model bronze.bronze_hosts ......................... [RUN]
[0m16:28:58.025001 [debug] [Thread-2 (]: Re-using an available connection from the pool (formerly model.aws_dbt_snowflake_project.bronze_bookings, now model.aws_dbt_snowflake_project.bronze_hosts)
[0m16:28:58.026910 [debug] [Thread-2 (]: Began compiling node model.aws_dbt_snowflake_project.bronze_hosts
[0m16:28:58.036692 [debug] [Thread-2 (]: Writing injected SQL for node "model.aws_dbt_snowflake_project.bronze_hosts"
[0m16:28:58.040094 [debug] [Thread-2 (]: Began executing node model.aws_dbt_snowflake_project.bronze_hosts
[0m16:28:58.054895 [debug] [Thread-2 (]: Using snowflake connection "model.aws_dbt_snowflake_project.bronze_hosts"
[0m16:28:58.056309 [debug] [Thread-2 (]: On model.aws_dbt_snowflake_project.bronze_hosts: create or replace  temporary view AIRBNB.bronze.bronze_hosts__dbt_tmp
  
  
  
  
  as (
    


SELECT * FROM  AIRBNB.staging.hosts


    WHERE CREATED_AT > (SELECT COALESCE(MAX(CREATED_AT), '1900-01-01') FROM AIRBNB.bronze.bronze_hosts)

  )
/* {"app": "dbt", "dbt_version": "1.12.5", "profile_name": "aws_dbt_snowflake_project", "target_name": "dev", "node_id": "model.aws_dbt_snowflake_project.bronze_hosts"} */;
[0m16:28:58.414738 [debug] [Thread-2 (]: SQL status: SUCCESS 1 in 0.356 seconds
[0m16:28:58.422870 [debug] [Thread-2 (]: Using snowflake connection "model.aws_dbt_snowflake_project.bronze_hosts"
[0m16:28:58.424707 [debug] [Thread-2 (]: On model.aws_dbt_snowflake_project.bronze_hosts: describe table AIRBNB.bronze.bronze_hosts__dbt_tmp
/* {"app": "dbt", "dbt_version": "1.12.5", "profile_name": "aws_dbt_snowflake_project", "target_name": "dev", "node_id": "model.aws_dbt_snowflake_project.bronze_hosts"} */
[0m16:28:58.612575 [debug] [Thread-2 (]: SQL status: SUCCESS 6 in 0.186 seconds
[0m16:28:58.624607 [debug] [Thread-2 (]: Using snowflake connection "model.aws_dbt_snowflake_project.bronze_hosts"
[0m16:28:58.626610 [debug] [Thread-2 (]: On model.aws_dbt_snowflake_project.bronze_hosts: describe table AIRBNB.bronze.bronze_hosts
/* {"app": "dbt", "dbt_version": "1.12.5", "profile_name": "aws_dbt_snowflake_project", "target_name": "dev", "node_id": "model.aws_dbt_snowflake_project.bronze_hosts"} */
[0m16:28:58.816331 [debug] [Thread-2 (]: SQL status: SUCCESS 6 in 0.188 seconds
[0m16:28:58.829937 [debug] [Thread-2 (]: Using snowflake connection "model.aws_dbt_snowflake_project.bronze_hosts"
[0m16:28:58.831960 [debug] [Thread-2 (]: On model.aws_dbt_snowflake_project.bronze_hosts: describe table "AIRBNB"."BRONZE"."BRONZE_HOSTS"
/* {"app": "dbt", "dbt_version": "1.12.5", "profile_name": "aws_dbt_snowflake_project", "target_name": "dev", "node_id": "model.aws_dbt_snowflake_project.bronze_hosts"} */
[0m16:28:59.020387 [debug] [Thread-2 (]: SQL status: SUCCESS 6 in 0.187 seconds
[0m16:28:59.028075 [debug] [Thread-2 (]: Writing runtime sql for node "model.aws_dbt_snowflake_project.bronze_hosts"
[0m16:28:59.034916 [debug] [Thread-2 (]: Using snowflake connection "model.aws_dbt_snowflake_project.bronze_hosts"
[0m16:28:59.036850 [debug] [Thread-2 (]: On model.aws_dbt_snowflake_project.bronze_hosts: -- back compat for old kwarg name
  
  begin
/* {"app": "dbt", "dbt_version": "1.12.5", "profile_name": "aws_dbt_snowflake_project", "target_name": "dev", "node_id": "model.aws_dbt_snowflake_project.bronze_hosts"} */;
[0m16:28:59.229420 [debug] [Thread-2 (]: SQL status: SUCCESS 1 in 0.191 seconds
[0m16:28:59.230804 [debug] [Thread-2 (]: Using snowflake connection "model.aws_dbt_snowflake_project.bronze_hosts"
[0m16:28:59.232258 [debug] [Thread-2 (]: On model.aws_dbt_snowflake_project.bronze_hosts: insert into AIRBNB.bronze.bronze_hosts ("HOST_ID", "HOST_NAME", "HOST_SINCE", "IS_SUPERHOST", "RESPONSE_RATE", "CREATED_AT")
        (
            select "HOST_ID", "HOST_NAME", "HOST_SINCE", "IS_SUPERHOST", "RESPONSE_RATE", "CREATED_AT"
            from AIRBNB.bronze.bronze_hosts__dbt_tmp
        )
/* {"app": "dbt", "dbt_version": "1.12.5", "profile_name": "aws_dbt_snowflake_project", "target_name": "dev", "node_id": "model.aws_dbt_snowflake_project.bronze_hosts"} */;
[0m16:28:59.851244 [debug] [Thread-2 (]: SQL status: SUCCESS 0 in 0.617 seconds
[0m16:28:59.853362 [debug] [Thread-2 (]: Using snowflake connection "model.aws_dbt_snowflake_project.bronze_hosts"
[0m16:28:59.855159 [debug] [Thread-2 (]: On model.aws_dbt_snowflake_project.bronze_hosts: COMMIT
/* {"app": "dbt", "dbt_version": "1.12.5", "profile_name": "aws_dbt_snowflake_project", "target_name": "dev", "node_id": "model.aws_dbt_snowflake_project.bronze_hosts"} */
[0m16:29:00.091806 [debug] [Thread-2 (]: SQL status: SUCCESS 1 in 0.235 seconds
[0m16:29:00.101188 [debug] [Thread-2 (]: Applying DROP to: AIRBNB.bronze.bronze_hosts__dbt_tmp
[0m16:29:00.105028 [debug] [Thread-2 (]: Using snowflake connection "model.aws_dbt_snowflake_project.bronze_hosts"
[0m16:29:00.106893 [debug] [Thread-2 (]: On model.aws_dbt_snowflake_project.bronze_hosts: drop view if exists AIRBNB.bronze.bronze_hosts__dbt_tmp cascade
/* {"app": "dbt", "dbt_version": "1.12.5", "profile_name": "aws_dbt_snowflake_project", "target_name": "dev", "node_id": "model.aws_dbt_snowflake_project.bronze_hosts"} */
[0m16:29:00.463989 [debug] [Thread-2 (]: SQL status: SUCCESS 1 in 0.355 seconds
[0m16:29:00.472284 [debug] [Thread-2 (]: Sending event: {'category': 'dbt', 'action': 'run_model', 'label': '92dca970-d28b-4fef-8821-032eca9ace3e', 'context': [<snowplow_tracker.self_describing_json.SelfDescribingJson object at 0x0000014F1F2D0AA0>]}
[0m16:29:00.473900 [info ] [Thread-2 (]: 2 of 6 OK created sql incremental model bronze.bronze_hosts .................... [[32mSUCCESS 0[0m in 2.45s]
[0m16:29:00.475819 [debug] [Thread-2 (]: Finished running node model.aws_dbt_snowflake_project.bronze_hosts
[0m16:29:00.476874 [debug] [Thread-2 (]: Began running node model.aws_dbt_snowflake_project.bronze_listings
[0m16:29:00.478154 [info ] [Thread-2 (]: 3 of 6 START sql incremental model bronze.bronze_listings ...................... [RUN]
[0m16:29:00.479588 [debug] [Thread-2 (]: Re-using an available connection from the pool (formerly model.aws_dbt_snowflake_project.bronze_hosts, now model.aws_dbt_snowflake_project.bronze_listings)
[0m16:29:00.480603 [debug] [Thread-2 (]: Began compiling node model.aws_dbt_snowflake_project.bronze_listings
[0m16:29:00.490084 [debug] [Thread-2 (]: Writing injected SQL for node "model.aws_dbt_snowflake_project.bronze_listings"
[0m16:29:00.492857 [debug] [Thread-2 (]: Began executing node model.aws_dbt_snowflake_project.bronze_listings
[0m16:29:00.509378 [debug] [Thread-2 (]: Using snowflake connection "model.aws_dbt_snowflake_project.bronze_listings"
[0m16:29:00.510383 [debug] [Thread-2 (]: On model.aws_dbt_snowflake_project.bronze_listings: create or replace  temporary view AIRBNB.bronze.bronze_listings__dbt_tmp
  
  
  
  
  as (
    


SELECT * FROM  AIRBNB.staging.listings


    WHERE CREATED_AT > (SELECT COALESCE(MAX(CREATED_AT), '1900-01-01') FROM AIRBNB.bronze.bronze_listings)

  )
/* {"app": "dbt", "dbt_version": "1.12.5", "profile_name": "aws_dbt_snowflake_project", "target_name": "dev", "node_id": "model.aws_dbt_snowflake_project.bronze_listings"} */;
[0m16:29:01.307589 [debug] [Thread-2 (]: SQL status: SUCCESS 1 in 0.796 seconds
[0m16:29:01.319000 [debug] [Thread-2 (]: Using snowflake connection "model.aws_dbt_snowflake_project.bronze_listings"
[0m16:29:01.320905 [debug] [Thread-2 (]: On model.aws_dbt_snowflake_project.bronze_listings: describe table AIRBNB.bronze.bronze_listings__dbt_tmp
/* {"app": "dbt", "dbt_version": "1.12.5", "profile_name": "aws_dbt_snowflake_project", "target_name": "dev", "node_id": "model.aws_dbt_snowflake_project.bronze_listings"} */
[0m16:29:01.533602 [debug] [Thread-2 (]: SQL status: SUCCESS 11 in 0.210 seconds
[0m16:29:01.547487 [debug] [Thread-2 (]: Using snowflake connection "model.aws_dbt_snowflake_project.bronze_listings"
[0m16:29:01.549371 [debug] [Thread-2 (]: On model.aws_dbt_snowflake_project.bronze_listings: describe table AIRBNB.bronze.bronze_listings
/* {"app": "dbt", "dbt_version": "1.12.5", "profile_name": "aws_dbt_snowflake_project", "target_name": "dev", "node_id": "model.aws_dbt_snowflake_project.bronze_listings"} */
[0m16:29:01.722144 [debug] [Thread-2 (]: SQL status: SUCCESS 11 in 0.171 seconds
[0m16:29:01.737278 [debug] [Thread-2 (]: Using snowflake connection "model.aws_dbt_snowflake_project.bronze_listings"
[0m16:29:01.739158 [debug] [Thread-2 (]: On model.aws_dbt_snowflake_project.bronze_listings: describe table "AIRBNB"."BRONZE"."BRONZE_LISTINGS"
/* {"app": "dbt", "dbt_version": "1.12.5", "profile_name": "aws_dbt_snowflake_project", "target_name": "dev", "node_id": "model.aws_dbt_snowflake_project.bronze_listings"} */
[0m16:29:01.915480 [debug] [Thread-2 (]: SQL status: SUCCESS 11 in 0.174 seconds
[0m16:29:01.930496 [debug] [Thread-2 (]: Writing runtime sql for node "model.aws_dbt_snowflake_project.bronze_listings"
[0m16:29:01.937910 [debug] [Thread-2 (]: Using snowflake connection "model.aws_dbt_snowflake_project.bronze_listings"
[0m16:29:01.939302 [debug] [Thread-2 (]: On model.aws_dbt_snowflake_project.bronze_listings: -- back compat for old kwarg name
  
  begin
/* {"app": "dbt", "dbt_version": "1.12.5", "profile_name": "aws_dbt_snowflake_project", "target_name": "dev", "node_id": "model.aws_dbt_snowflake_project.bronze_listings"} */;
[0m16:29:02.138922 [debug] [Thread-2 (]: SQL status: SUCCESS 1 in 0.198 seconds
[0m16:29:02.140859 [debug] [Thread-2 (]: Using snowflake connection "model.aws_dbt_snowflake_project.bronze_listings"
[0m16:29:02.142668 [debug] [Thread-2 (]: On model.aws_dbt_snowflake_project.bronze_listings: insert into AIRBNB.bronze.bronze_listings ("LISTING_ID", "HOST_ID", "PROPERTY_TYPE", "ROOM_TYPE", "CITY", "COUNTRY", "ACCOMMODATES", "BEDROOMS", "BATHROOMS", "PRICE_PER_NIGHT", "CREATED_AT")
        (
            select "LISTING_ID", "HOST_ID", "PROPERTY_TYPE", "ROOM_TYPE", "CITY", "COUNTRY", "ACCOMMODATES", "BEDROOMS", "BATHROOMS", "PRICE_PER_NIGHT", "CREATED_AT"
            from AIRBNB.bronze.bronze_listings__dbt_tmp
        )
/* {"app": "dbt", "dbt_version": "1.12.5", "profile_name": "aws_dbt_snowflake_project", "target_name": "dev", "node_id": "model.aws_dbt_snowflake_project.bronze_listings"} */;
[0m16:29:02.612043 [debug] [Thread-2 (]: SQL status: SUCCESS 0 in 0.468 seconds
[0m16:29:02.613470 [debug] [Thread-2 (]: Using snowflake connection "model.aws_dbt_snowflake_project.bronze_listings"
[0m16:29:02.614611 [debug] [Thread-2 (]: On model.aws_dbt_snowflake_project.bronze_listings: COMMIT
/* {"app": "dbt", "dbt_version": "1.12.5", "profile_name": "aws_dbt_snowflake_project", "target_name": "dev", "node_id": "model.aws_dbt_snowflake_project.bronze_listings"} */
[0m16:29:02.812871 [debug] [Thread-2 (]: SQL status: SUCCESS 1 in 0.197 seconds
[0m16:29:02.819907 [debug] [Thread-2 (]: Applying DROP to: AIRBNB.bronze.bronze_listings__dbt_tmp
[0m16:29:02.822291 [debug] [Thread-2 (]: Using snowflake connection "model.aws_dbt_snowflake_project.bronze_listings"
[0m16:29:02.823423 [debug] [Thread-2 (]: On model.aws_dbt_snowflake_project.bronze_listings: drop view if exists AIRBNB.bronze.bronze_listings__dbt_tmp cascade
/* {"app": "dbt", "dbt_version": "1.12.5", "profile_name": "aws_dbt_snowflake_project", "target_name": "dev", "node_id": "model.aws_dbt_snowflake_project.bronze_listings"} */
[0m16:29:03.017067 [debug] [Thread-2 (]: SQL status: SUCCESS 1 in 0.192 seconds
[0m16:29:03.026211 [debug] [Thread-2 (]: Sending event: {'category': 'dbt', 'action': 'run_model', 'label': '92dca970-d28b-4fef-8821-032eca9ace3e', 'context': [<snowplow_tracker.self_describing_json.SelfDescribingJson object at 0x0000014F1F359090>]}
[0m16:29:03.027903 [info ] [Thread-2 (]: 3 of 6 OK created sql incremental model bronze.bronze_listings ................. [[32mSUCCESS 0[0m in 2.55s]
[0m16:29:03.030227 [debug] [Thread-2 (]: Finished running node model.aws_dbt_snowflake_project.bronze_listings
[0m16:29:03.031428 [debug] [Thread-2 (]: Began running node model.aws_dbt_snowflake_project.silver_bookings
[0m16:29:03.032942 [info ] [Thread-2 (]: 4 of 6 START sql incremental model silver.silver_bookings ...................... [RUN]
[0m16:29:03.034779 [debug] [Thread-2 (]: Re-using an available connection from the pool (formerly model.aws_dbt_snowflake_project.bronze_listings, now model.aws_dbt_snowflake_project.silver_bookings)
[0m16:29:03.036294 [debug] [Thread-2 (]: Began compiling node model.aws_dbt_snowflake_project.silver_bookings
[0m16:29:03.046163 [debug] [Thread-2 (]: Writing injected SQL for node "model.aws_dbt_snowflake_project.silver_bookings"
[0m16:29:03.050442 [debug] [Thread-2 (]: Began executing node model.aws_dbt_snowflake_project.silver_bookings
[0m16:29:03.064298 [debug] [Thread-2 (]: Using snowflake connection "model.aws_dbt_snowflake_project.silver_bookings"
[0m16:29:03.066597 [debug] [Thread-2 (]: On model.aws_dbt_snowflake_project.silver_bookings: create or replace  temporary view AIRBNB.silver.silver_bookings__dbt_tmp
  
  
  
  
  as (
    

select 
    BOOKING_ID,
    LISTING_ID,
    BOOKING_DATE,
    
    round(NIGHTS_BOOKED * BOOKING_AMOUNT,2)
 as TOTAL_BOOKING_PRICE ,
    SERVICE_FEE,
    CLEANING_FEE,
    BOOKING_STATUS,
    CREATED_AT 
FROM AIRBNB.bronze.bronze_bookings
  )
/* {"app": "dbt", "dbt_version": "1.12.5", "profile_name": "aws_dbt_snowflake_project", "target_name": "dev", "node_id": "model.aws_dbt_snowflake_project.silver_bookings"} */;
[0m16:29:03.358279 [debug] [Thread-2 (]: SQL status: SUCCESS 1 in 0.290 seconds
[0m16:29:03.366245 [debug] [Thread-2 (]: Using snowflake connection "model.aws_dbt_snowflake_project.silver_bookings"
[0m16:29:03.368082 [debug] [Thread-2 (]: On model.aws_dbt_snowflake_project.silver_bookings: describe table AIRBNB.silver.silver_bookings__dbt_tmp
/* {"app": "dbt", "dbt_version": "1.12.5", "profile_name": "aws_dbt_snowflake_project", "target_name": "dev", "node_id": "model.aws_dbt_snowflake_project.silver_bookings"} */
[0m16:29:03.573343 [debug] [Thread-2 (]: SQL status: SUCCESS 8 in 0.203 seconds
[0m16:29:03.584214 [debug] [Thread-2 (]: Using snowflake connection "model.aws_dbt_snowflake_project.silver_bookings"
[0m16:29:03.586394 [debug] [Thread-2 (]: On model.aws_dbt_snowflake_project.silver_bookings: describe table AIRBNB.silver.silver_bookings
/* {"app": "dbt", "dbt_version": "1.12.5", "profile_name": "aws_dbt_snowflake_project", "target_name": "dev", "node_id": "model.aws_dbt_snowflake_project.silver_bookings"} */
[0m16:29:03.795080 [debug] [Thread-2 (]: SQL status: SUCCESS 8 in 0.206 seconds
[0m16:29:03.819025 [debug] [Thread-2 (]: Using snowflake connection "model.aws_dbt_snowflake_project.silver_bookings"
[0m16:29:03.821923 [debug] [Thread-2 (]: On model.aws_dbt_snowflake_project.silver_bookings: describe table "AIRBNB"."SILVER"."SILVER_BOOKINGS"
/* {"app": "dbt", "dbt_version": "1.12.5", "profile_name": "aws_dbt_snowflake_project", "target_name": "dev", "node_id": "model.aws_dbt_snowflake_project.silver_bookings"} */
[0m16:29:03.960566 [debug] [Thread-2 (]: SQL status: SUCCESS 8 in 0.136 seconds
[0m16:29:04.029438 [debug] [Thread-2 (]: Writing runtime sql for node "model.aws_dbt_snowflake_project.silver_bookings"
[0m16:29:04.037499 [debug] [Thread-2 (]: Using snowflake connection "model.aws_dbt_snowflake_project.silver_bookings"
[0m16:29:04.038704 [debug] [Thread-2 (]: On model.aws_dbt_snowflake_project.silver_bookings: -- back compat for old kwarg name
  
  begin
/* {"app": "dbt", "dbt_version": "1.12.5", "profile_name": "aws_dbt_snowflake_project", "target_name": "dev", "node_id": "model.aws_dbt_snowflake_project.silver_bookings"} */;
[0m16:29:04.195158 [debug] [Thread-2 (]: SQL status: SUCCESS 1 in 0.155 seconds
[0m16:29:04.197821 [debug] [Thread-2 (]: Using snowflake connection "model.aws_dbt_snowflake_project.silver_bookings"
[0m16:29:04.200353 [debug] [Thread-2 (]: On model.aws_dbt_snowflake_project.silver_bookings: merge into AIRBNB.silver.silver_bookings as DBT_INTERNAL_DEST
        using AIRBNB.silver.silver_bookings__dbt_tmp as DBT_INTERNAL_SOURCE
        on ((DBT_INTERNAL_SOURCE.BOOKING_ID = DBT_INTERNAL_DEST.BOOKING_ID))

    
    when matched then update set
        "BOOKING_ID" = DBT_INTERNAL_SOURCE."BOOKING_ID","LISTING_ID" = DBT_INTERNAL_SOURCE."LISTING_ID","BOOKING_DATE" = DBT_INTERNAL_SOURCE."BOOKING_DATE","TOTAL_BOOKING_PRICE" = DBT_INTERNAL_SOURCE."TOTAL_BOOKING_PRICE","SERVICE_FEE" = DBT_INTERNAL_SOURCE."SERVICE_FEE","CLEANING_FEE" = DBT_INTERNAL_SOURCE."CLEANING_FEE","BOOKING_STATUS" = DBT_INTERNAL_SOURCE."BOOKING_STATUS","CREATED_AT" = DBT_INTERNAL_SOURCE."CREATED_AT"
    

    when not matched then insert
        ("BOOKING_ID", "LISTING_ID", "BOOKING_DATE", "TOTAL_BOOKING_PRICE", "SERVICE_FEE", "CLEANING_FEE", "BOOKING_STATUS", "CREATED_AT")
    values
        ("BOOKING_ID", "LISTING_ID", "BOOKING_DATE", "TOTAL_BOOKING_PRICE", "SERVICE_FEE", "CLEANING_FEE", "BOOKING_STATUS", "CREATED_AT")


/* {"app": "dbt", "dbt_version": "1.12.5", "profile_name": "aws_dbt_snowflake_project", "target_name": "dev", "node_id": "model.aws_dbt_snowflake_project.silver_bookings"} */;
[0m16:29:04.965403 [debug] [Thread-2 (]: SQL status: SUCCESS 5000 in 0.763 seconds
[0m16:29:04.967709 [debug] [Thread-2 (]: Using snowflake connection "model.aws_dbt_snowflake_project.silver_bookings"
[0m16:29:04.969495 [debug] [Thread-2 (]: On model.aws_dbt_snowflake_project.silver_bookings: COMMIT
/* {"app": "dbt", "dbt_version": "1.12.5", "profile_name": "aws_dbt_snowflake_project", "target_name": "dev", "node_id": "model.aws_dbt_snowflake_project.silver_bookings"} */
[0m16:29:05.270202 [debug] [Thread-2 (]: SQL status: SUCCESS 1 in 0.299 seconds
[0m16:29:05.279384 [debug] [Thread-2 (]: Applying DROP to: AIRBNB.silver.silver_bookings__dbt_tmp
[0m16:29:05.283159 [debug] [Thread-2 (]: Using snowflake connection "model.aws_dbt_snowflake_project.silver_bookings"
[0m16:29:05.284948 [debug] [Thread-2 (]: On model.aws_dbt_snowflake_project.silver_bookings: drop view if exists AIRBNB.silver.silver_bookings__dbt_tmp cascade
/* {"app": "dbt", "dbt_version": "1.12.5", "profile_name": "aws_dbt_snowflake_project", "target_name": "dev", "node_id": "model.aws_dbt_snowflake_project.silver_bookings"} */
[0m16:29:05.476878 [debug] [Thread-2 (]: SQL status: SUCCESS 1 in 0.190 seconds
[0m16:29:05.485981 [debug] [Thread-2 (]: Sending event: {'category': 'dbt', 'action': 'run_model', 'label': '92dca970-d28b-4fef-8821-032eca9ace3e', 'context': [<snowplow_tracker.self_describing_json.SelfDescribingJson object at 0x0000014F1DF54350>]}
[0m16:29:05.488311 [info ] [Thread-2 (]: 4 of 6 OK created sql incremental model silver.silver_bookings ................. [[32mSUCCESS 5000[0m in 2.45s]
[0m16:29:05.491324 [debug] [Thread-2 (]: Finished running node model.aws_dbt_snowflake_project.silver_bookings
[0m16:29:05.493332 [debug] [Thread-2 (]: Began running node model.aws_dbt_snowflake_project.silver_hosts
[0m16:29:05.495212 [info ] [Thread-2 (]: 5 of 6 START sql incremental model silver.silver_hosts ......................... [RUN]
[0m16:29:05.497951 [debug] [Thread-2 (]: Re-using an available connection from the pool (formerly model.aws_dbt_snowflake_project.silver_bookings, now model.aws_dbt_snowflake_project.silver_hosts)
[0m16:29:05.499759 [debug] [Thread-2 (]: Began compiling node model.aws_dbt_snowflake_project.silver_hosts
[0m16:29:05.507758 [debug] [Thread-2 (]: Writing injected SQL for node "model.aws_dbt_snowflake_project.silver_hosts"
[0m16:29:05.512782 [debug] [Thread-2 (]: Began executing node model.aws_dbt_snowflake_project.silver_hosts
[0m16:29:05.651290 [debug] [Thread-2 (]: Writing runtime sql for node "model.aws_dbt_snowflake_project.silver_hosts"
[0m16:29:05.660208 [debug] [Thread-2 (]: Using snowflake connection "model.aws_dbt_snowflake_project.silver_hosts"
[0m16:29:05.662972 [debug] [Thread-2 (]: On model.aws_dbt_snowflake_project.silver_hosts: create or replace transient table AIRBNB.silver.silver_hosts
    
    
    
    
    

    as (

SELECT 
    HOST_ID,
    REPLACE(HOST_NAME, ' ', '_') AS HOST_NAME,
    HOST_SINCE AS HOST_SINCE,
    IS_SUPERHOST AS IS_SUPERHOST,
    RESPONSE_RATE AS RESPONSE_RATE,
    CASE 
    WHEN RESPONSE_RATE > 95 THEN 'VERY GOOD'
    WHEN RESPONSE_RATE > 80 THEN 'GOOD'
    WHEN RESPONSE_RATE > 60 THEN 'FAIR'
    ELSE 'POOR'
    END AS RESPONSE_RATE_QUALITY,
    CREATED_AT AS CREATED_AT
FROM 
    AIRBNB.bronze.bronze_hosts
    )

/* {"app": "dbt", "dbt_version": "1.12.5", "profile_name": "aws_dbt_snowflake_project", "target_name": "dev", "node_id": "model.aws_dbt_snowflake_project.silver_hosts"} */;
[0m16:29:06.318001 [debug] [Thread-2 (]: SQL status: SUCCESS 200 in 0.653 seconds
[0m16:29:06.324925 [debug] [Thread-2 (]: Applying DROP to: AIRBNB.silver.silver_hosts__dbt_tmp
[0m16:29:06.328225 [debug] [Thread-2 (]: Using snowflake connection "model.aws_dbt_snowflake_project.silver_hosts"
[0m16:29:06.329713 [debug] [Thread-2 (]: On model.aws_dbt_snowflake_project.silver_hosts: drop view if exists AIRBNB.silver.silver_hosts__dbt_tmp cascade
/* {"app": "dbt", "dbt_version": "1.12.5", "profile_name": "aws_dbt_snowflake_project", "target_name": "dev", "node_id": "model.aws_dbt_snowflake_project.silver_hosts"} */
[0m16:29:06.499845 [debug] [Thread-2 (]: SQL status: SUCCESS 1 in 0.168 seconds
[0m16:29:06.506421 [debug] [Thread-2 (]: Sending event: {'category': 'dbt', 'action': 'run_model', 'label': '92dca970-d28b-4fef-8821-032eca9ace3e', 'context': [<snowplow_tracker.self_describing_json.SelfDescribingJson object at 0x0000014F1EFB3D90>]}
[0m16:29:06.509041 [info ] [Thread-2 (]: 5 of 6 OK created sql incremental model silver.silver_hosts .................... [[32mSUCCESS 200[0m in 1.01s]
[0m16:29:06.511601 [debug] [Thread-2 (]: Finished running node model.aws_dbt_snowflake_project.silver_hosts
[0m16:29:06.512872 [debug] [Thread-2 (]: Began running node model.aws_dbt_snowflake_project.silver_listings
[0m16:29:06.515034 [info ] [Thread-2 (]: 6 of 6 START sql incremental model silver.silver_listings ...................... [RUN]
[0m16:29:06.517328 [debug] [Thread-2 (]: Re-using an available connection from the pool (formerly model.aws_dbt_snowflake_project.silver_hosts, now model.aws_dbt_snowflake_project.silver_listings)
[0m16:29:06.519266 [debug] [Thread-2 (]: Began compiling node model.aws_dbt_snowflake_project.silver_listings
[0m16:29:06.530638 [debug] [Thread-2 (]: Writing injected SQL for node "model.aws_dbt_snowflake_project.silver_listings"
[0m16:29:06.534993 [debug] [Thread-2 (]: Began executing node model.aws_dbt_snowflake_project.silver_listings
[0m16:29:06.550589 [debug] [Thread-2 (]: Writing runtime sql for node "model.aws_dbt_snowflake_project.silver_listings"
[0m16:29:06.556920 [debug] [Thread-2 (]: Using snowflake connection "model.aws_dbt_snowflake_project.silver_listings"
[0m16:29:06.559415 [debug] [Thread-2 (]: On model.aws_dbt_snowflake_project.silver_listings: create or replace transient table AIRBNB.silver.silver_listings
    
    
    
    
    

    as (

SELECT 
    LISTING_ID,
    HOST_ID,
    PROPERTY_TYPE,
    ROOM_TYPE,
    CITY,
    COUNTRY,
    ACCOMMODATES,
    BEDROOMS,
    BATHROOMS,
    PRICE_PER_NIGHT,
    
    CASE 
        WHEN CAST(PRICE_PER_NIGHT AS INT) < 100 THEN 'low'
        WHEN CAST(PRICE_PER_NIGHT AS INT) < 200 THEN 'medium'
        ELSE 'high'
    END
 AS PRICE_PER_NIGHT_TAG,
    CREATED_AT
FROM 
    AIRBNB.bronze.bronze_listings
    )

/* {"app": "dbt", "dbt_version": "1.12.5", "profile_name": "aws_dbt_snowflake_project", "target_name": "dev", "node_id": "model.aws_dbt_snowflake_project.silver_listings"} */;
[0m16:29:07.120810 [debug] [Thread-2 (]: SQL status: SUCCESS 500 in 0.559 seconds
[0m16:29:07.129374 [debug] [Thread-2 (]: Applying DROP to: AIRBNB.silver.silver_listings__dbt_tmp
[0m16:29:07.133529 [debug] [Thread-2 (]: Using snowflake connection "model.aws_dbt_snowflake_project.silver_listings"
[0m16:29:07.135468 [debug] [Thread-2 (]: On model.aws_dbt_snowflake_project.silver_listings: drop view if exists AIRBNB.silver.silver_listings__dbt_tmp cascade
/* {"app": "dbt", "dbt_version": "1.12.5", "profile_name": "aws_dbt_snowflake_project", "target_name": "dev", "node_id": "model.aws_dbt_snowflake_project.silver_listings"} */
[0m16:29:07.318900 [debug] [Thread-2 (]: SQL status: SUCCESS 1 in 0.182 seconds
[0m16:29:07.328769 [debug] [Thread-2 (]: Sending event: {'category': 'dbt', 'action': 'run_model', 'label': '92dca970-d28b-4fef-8821-032eca9ace3e', 'context': [<snowplow_tracker.self_describing_json.SelfDescribingJson object at 0x0000014F1F3CAED0>]}
[0m16:29:07.331311 [info ] [Thread-2 (]: 6 of 6 OK created sql incremental model silver.silver_listings ................. [[32mSUCCESS 500[0m in 0.81s]
[0m16:29:07.333716 [debug] [Thread-2 (]: Finished running node model.aws_dbt_snowflake_project.silver_listings
[0m16:29:07.337809 [debug] [MainThread]: Connection 'master' was properly closed.
[0m16:29:07.338871 [debug] [MainThread]: Connection 'list_AIRBNB' was left open.
[0m16:29:07.340251 [debug] [MainThread]: On list_AIRBNB: Close
[0m16:29:07.662991 [debug] [MainThread]: Connection 'list_AIRBNB_bronze' was left open.
[0m16:29:07.664406 [debug] [MainThread]: On list_AIRBNB_bronze: Close
[0m16:29:07.954582 [debug] [MainThread]: Connection 'model.aws_dbt_snowflake_project.silver_listings' was left open.
[0m16:29:07.956055 [debug] [MainThread]: On model.aws_dbt_snowflake_project.silver_listings: Close
[0m16:29:08.253319 [info ] [MainThread]: 
[0m16:29:08.255279 [info ] [MainThread]: Finished running 6 incremental models in 0 hours 0 minutes and 18.20 seconds (18.20s).
[0m16:29:08.263724 [debug] [MainThread]: Command end result
[0m16:29:08.420323 [debug] [MainThread]: Wrote artifact WritableManifest to C:\Users\samee\OneDrive\Desktop\aws_dbt_snowflake\aws_dbt_snowflake_project\target\manifest.json
[0m16:29:08.431592 [debug] [MainThread]: Wrote artifact SemanticManifest to C:\Users\samee\OneDrive\Desktop\aws_dbt_snowflake\aws_dbt_snowflake_project\target\semantic_manifest.json
[0m16:29:08.442604 [debug] [MainThread]: Wrote artifact OsiDocument to C:\Users\samee\OneDrive\Desktop\aws_dbt_snowflake\aws_dbt_snowflake_project\target\osi_document.json
[0m16:29:08.464858 [debug] [MainThread]: Wrote artifact RunExecutionResult to C:\Users\samee\OneDrive\Desktop\aws_dbt_snowflake\aws_dbt_snowflake_project\target\run_results.json
[0m16:29:08.465990 [info ] [MainThread]: 
[0m16:29:08.467667 [info ] [MainThread]: [32mCompleted successfully[0m
[0m16:29:08.469197 [info ] [MainThread]: 
[0m16:29:08.470922 [info ] [MainThread]: Done. PASS=6 WARN=0 ERROR=0 SKIP=0 NO-OP=0 REUSED=0 TOTAL=6
[0m16:29:08.475041 [debug] [MainThread]: Command `dbt run` succeeded at 16:29:08.474627 after 24.43 seconds
[0m16:29:08.476172 [debug] [MainThread]: Sending event: {'category': 'dbt', 'action': 'invocation', 'label': 'end', 'context': [<snowplow_tracker.self_describing_json.SelfDescribingJson object at 0x0000014F182211F0>, <snowplow_tracker.self_describing_json.SelfDescribingJson object at 0x0000014F1F377170>, <snowplow_tracker.self_describing_json.SelfDescribingJson object at 0x0000014F1F375C10>]}
[0m16:29:08.477242 [debug] [MainThread]: Flushing usage events
[0m16:29:10.078360 [debug] [MainThread]: An error was encountered while trying to flush usage events
[0m16:37:07.085033 [debug] [MainThread]: Sending event: {'category': 'dbt', 'action': 'invocation', 'label': 'start', 'context': [<snowplow_tracker.self_describing_json.SelfDescribingJson object at 0x000001A3A2B0E900>, <snowplow_tracker.self_describing_json.SelfDescribingJson object at 0x000001A3A516FED0>, <snowplow_tracker.self_describing_json.SelfDescribingJson object at 0x000001A3A516FB10>]}


============================== 16:37:07.097232 | a6a14ddb-6ffd-4673-a59d-db238eb4575e ==============================
[0m16:37:07.097232 [info ] [MainThread]: Running with dbt=1.12.5
[0m16:37:07.099570 [debug] [MainThread]: running dbt with arguments {'maximum_seed_size_mib': '1', 'no_print': 'None', 'version_check': 'True', 'target_path': 'None', 'warn_error_options': 'WarnErrorOptionsV2(error=[], warn=[], silence=[])', 'static_parser': 'True', 'printer_width': '80', 'write_json': 'True', 'empty': 'False', 'log_cache_events': 'False', 'introspect': 'True', 'cache_selected_only': 'False', 'log_format': 'default', 'debug': 'False', 'fail_fast': 'False', 'partial_parse': 'True', 'send_anonymous_usage_stats': 'True', 'quiet': 'False', 'warn_error': 'None', 'profiles_dir': 'C:\\Users\\samee\\OneDrive\\Desktop\\aws_dbt_snowflake\\aws_dbt_snowflake_project', 'use_colors': 'True', 'hints_enabled': 'True', 'invocation_command': 'dbt run', 'use_experimental_parser': 'False', 'indirect_selection': 'eager', 'log_path': 'C:\\Users\\samee\\OneDrive\\Desktop\\aws_dbt_snowflake\\aws_dbt_snowflake_project\\logs'}
[0m16:37:07.983911 [debug] [MainThread]: Snowflake adapter: Setting snowflake.connector to ERROR (file logging only)
[0m16:37:07.985265 [debug] [MainThread]: Snowflake adapter: Setting botocore to ERROR (file logging only)
[0m16:37:07.986035 [debug] [MainThread]: Snowflake adapter: Setting boto3 to ERROR (file logging only)
[0m16:37:08.455583 [debug] [MainThread]: Sending event: {'category': 'dbt', 'action': 'project_id', 'label': 'a6a14ddb-6ffd-4673-a59d-db238eb4575e', 'context': [<snowplow_tracker.self_describing_json.SelfDescribingJson object at 0x000001A3A302EFD0>]}
[0m16:37:08.548939 [debug] [MainThread]: Sending event: {'category': 'dbt', 'action': 'adapter_info', 'label': 'a6a14ddb-6ffd-4673-a59d-db238eb4575e', 'context': [<snowplow_tracker.self_describing_json.SelfDescribingJson object at 0x000001A3A3688380>]}
[0m16:37:08.550631 [info ] [MainThread]: Registered adapter: snowflake=1.12.1
[0m16:37:09.121915 [debug] [MainThread]: checksum: 0ee1a1dce6b94271f7f4877021b9467e87e858ea987b298e8ea9f7304295ef8e, vars: {}, profile: aws_dbt_snowflake_project, target: dev, version: 1.12.5
[0m16:37:09.476703 [debug] [MainThread]: Partial parsing enabled: 0 files deleted, 0 files added, 0 files changed.
[0m16:37:09.477546 [debug] [MainThread]: Nothing changed, skipping partial parsing.
[0m16:37:09.478205 [debug] [MainThread]: Partial parsing enabled, no changes found, skipping parsing
[0m16:37:09.500513 [debug] [MainThread]: Sending event: {'category': 'dbt', 'action': 'load_project', 'label': 'a6a14ddb-6ffd-4673-a59d-db238eb4575e', 'context': [<snowplow_tracker.self_describing_json.SelfDescribingJson object at 0x000001A3A6F90450>]}
[0m16:37:09.799529 [debug] [MainThread]: Wrote artifact WritableManifest to C:\Users\samee\OneDrive\Desktop\aws_dbt_snowflake\aws_dbt_snowflake_project\target\manifest.json
[0m16:37:09.809734 [debug] [MainThread]: Wrote artifact SemanticManifest to C:\Users\samee\OneDrive\Desktop\aws_dbt_snowflake\aws_dbt_snowflake_project\target\semantic_manifest.json
[0m16:37:09.913289 [debug] [MainThread]: Wrote artifact OsiDocument to C:\Users\samee\OneDrive\Desktop\aws_dbt_snowflake\aws_dbt_snowflake_project\target\osi_document.json
[0m16:37:09.949069 [debug] [MainThread]: Sending event: {'category': 'dbt', 'action': 'resource_counts', 'label': 'a6a14ddb-6ffd-4673-a59d-db238eb4575e', 'context': [<snowplow_tracker.self_describing_json.SelfDescribingJson object at 0x000001A3A7FE9F40>]}
[0m16:37:09.950624 [info ] [MainThread]: Found 6 models, 2 analyses, 3 sources, 566 macros
[0m16:37:09.952127 [debug] [MainThread]: Sending event: {'category': 'dbt', 'action': 'runnable_timing', 'label': 'a6a14ddb-6ffd-4673-a59d-db238eb4575e', 'context': [<snowplow_tracker.self_describing_json.SelfDescribingJson object at 0x000001A3A8006890>]}
[0m16:37:09.958765 [info ] [MainThread]: 
[0m16:37:09.960612 [info ] [MainThread]: Concurrency: 1 threads (target='dev')
[0m16:37:09.962398 [info ] [MainThread]: 
[0m16:37:09.964569 [debug] [MainThread]: Acquiring new snowflake connection 'master'
[0m16:37:09.981890 [debug] [ThreadPool]: Acquiring new snowflake connection 'list_AIRBNB'
[0m16:37:10.035099 [debug] [ThreadPool]: Using snowflake connection "list_AIRBNB"
[0m16:37:10.035796 [debug] [ThreadPool]: On list_AIRBNB: show terse schemas in database AIRBNB
    limit 10000
/* {"app": "dbt", "dbt_version": "1.12.5", "profile_name": "aws_dbt_snowflake_project", "target_name": "dev", "connection_name": "list_AIRBNB"} */
[0m16:37:10.036349 [debug] [ThreadPool]: Opening a new connection, currently in state init
[0m16:37:12.204824 [debug] [ThreadPool]: SQL status: SUCCESS 7 in 2.168 seconds
[0m16:37:12.217897 [debug] [ThreadPool]: Using snowflake connection "list_AIRBNB"
[0m16:37:12.219629 [debug] [ThreadPool]: On list_AIRBNB: show terse schemas in database AIRBNB
    limit 10000
/* {"app": "dbt", "dbt_version": "1.12.5", "profile_name": "aws_dbt_snowflake_project", "target_name": "dev", "connection_name": "list_AIRBNB"} */
[0m16:37:12.423945 [debug] [ThreadPool]: SQL status: SUCCESS 7 in 0.203 seconds
[0m16:37:12.435245 [debug] [ThreadPool]: Acquiring new snowflake connection 'list_AIRBNB_bronze'
[0m16:37:12.484025 [debug] [ThreadPool]: Using snowflake connection "list_AIRBNB_bronze"
[0m16:37:12.485442 [debug] [ThreadPool]: On list_AIRBNB_bronze: show objects in AIRBNB.bronze
    limit 10000
    

/* {"app": "dbt", "dbt_version": "1.12.5", "profile_name": "aws_dbt_snowflake_project", "target_name": "dev", "connection_name": "list_AIRBNB_bronze"} */;
[0m16:37:12.486661 [debug] [ThreadPool]: Opening a new connection, currently in state init
[0m16:37:13.518241 [debug] [ThreadPool]: SQL status: SUCCESS 3 in 1.032 seconds
[0m16:37:13.535117 [debug] [ThreadPool]: Using snowflake connection "list_AIRBNB_bronze"
[0m16:37:13.536264 [debug] [ThreadPool]: On list_AIRBNB_bronze: show user functions in AIRBNB.bronze
/* {"app": "dbt", "dbt_version": "1.12.5", "profile_name": "aws_dbt_snowflake_project", "target_name": "dev", "connection_name": "list_AIRBNB_bronze"} */
[0m16:37:13.724359 [debug] [ThreadPool]: SQL status: SUCCESS 0 in 0.187 seconds
[0m16:37:13.730924 [debug] [ThreadPool]: Re-using an available connection from the pool (formerly list_AIRBNB_bronze, now list_AIRBNB_silver)
[0m16:37:13.757839 [debug] [ThreadPool]: Using snowflake connection "list_AIRBNB_silver"
[0m16:37:13.759150 [debug] [ThreadPool]: On list_AIRBNB_silver: show objects in AIRBNB.silver
    limit 10000
    

/* {"app": "dbt", "dbt_version": "1.12.5", "profile_name": "aws_dbt_snowflake_project", "target_name": "dev", "connection_name": "list_AIRBNB_silver"} */;
[0m16:37:14.030152 [debug] [ThreadPool]: SQL status: SUCCESS 3 in 0.270 seconds
[0m16:37:14.038652 [debug] [ThreadPool]: Using snowflake connection "list_AIRBNB_silver"
[0m16:37:14.039835 [debug] [ThreadPool]: On list_AIRBNB_silver: show user functions in AIRBNB.silver
/* {"app": "dbt", "dbt_version": "1.12.5", "profile_name": "aws_dbt_snowflake_project", "target_name": "dev", "connection_name": "list_AIRBNB_silver"} */
[0m16:37:14.237028 [debug] [ThreadPool]: SQL status: SUCCESS 0 in 0.196 seconds
[0m16:37:14.252371 [debug] [MainThread]: Sending event: {'category': 'dbt', 'action': 'runnable_timing', 'label': 'a6a14ddb-6ffd-4673-a59d-db238eb4575e', 'context': [<snowplow_tracker.self_describing_json.SelfDescribingJson object at 0x000001A3A8232820>]}
[0m16:37:14.269305 [debug] [Thread-2 (]: Began running node model.aws_dbt_snowflake_project.bronze_bookings
[0m16:37:14.271953 [info ] [Thread-2 (]: 1 of 6 START sql incremental model bronze.bronze_bookings ...................... [RUN]
[0m16:37:14.275274 [debug] [Thread-2 (]: Acquiring new snowflake connection 'model.aws_dbt_snowflake_project.bronze_bookings'
[0m16:37:14.277103 [debug] [Thread-2 (]: Began compiling node model.aws_dbt_snowflake_project.bronze_bookings
[0m16:37:14.340747 [debug] [Thread-2 (]: Writing injected SQL for node "model.aws_dbt_snowflake_project.bronze_bookings"
[0m16:37:14.345936 [debug] [Thread-2 (]: Began executing node model.aws_dbt_snowflake_project.bronze_bookings
[0m16:37:14.553719 [debug] [Thread-2 (]: Using snowflake connection "model.aws_dbt_snowflake_project.bronze_bookings"
[0m16:37:14.555102 [debug] [Thread-2 (]: On model.aws_dbt_snowflake_project.bronze_bookings: create or replace  temporary view AIRBNB.bronze.bronze_bookings__dbt_tmp
  
  
  
  
  as (
    


SELECT * FROM  AIRBNB.staging.bookings


    WHERE CREATED_AT > (SELECT COALESCE(MAX(CREATED_AT), '1900-01-01') FROM AIRBNB.bronze.bronze_bookings)

  )
/* {"app": "dbt", "dbt_version": "1.12.5", "profile_name": "aws_dbt_snowflake_project", "target_name": "dev", "node_id": "model.aws_dbt_snowflake_project.bronze_bookings"} */;
[0m16:37:14.556254 [debug] [Thread-2 (]: Opening a new connection, currently in state init
[0m16:37:15.683493 [debug] [Thread-2 (]: SQL status: SUCCESS 1 in 1.127 seconds
[0m16:37:15.702479 [debug] [Thread-2 (]: Using snowflake connection "model.aws_dbt_snowflake_project.bronze_bookings"
[0m16:37:15.703851 [debug] [Thread-2 (]: On model.aws_dbt_snowflake_project.bronze_bookings: describe table AIRBNB.bronze.bronze_bookings__dbt_tmp
/* {"app": "dbt", "dbt_version": "1.12.5", "profile_name": "aws_dbt_snowflake_project", "target_name": "dev", "node_id": "model.aws_dbt_snowflake_project.bronze_bookings"} */
[0m16:37:15.872893 [debug] [Thread-2 (]: SQL status: SUCCESS 9 in 0.168 seconds
[0m16:37:15.882435 [debug] [Thread-2 (]: Using snowflake connection "model.aws_dbt_snowflake_project.bronze_bookings"
[0m16:37:15.883682 [debug] [Thread-2 (]: On model.aws_dbt_snowflake_project.bronze_bookings: describe table AIRBNB.bronze.bronze_bookings
/* {"app": "dbt", "dbt_version": "1.12.5", "profile_name": "aws_dbt_snowflake_project", "target_name": "dev", "node_id": "model.aws_dbt_snowflake_project.bronze_bookings"} */
[0m16:37:16.077639 [debug] [Thread-2 (]: SQL status: SUCCESS 9 in 0.193 seconds
[0m16:37:16.107619 [debug] [Thread-2 (]: Using snowflake connection "model.aws_dbt_snowflake_project.bronze_bookings"
[0m16:37:16.108645 [debug] [Thread-2 (]: On model.aws_dbt_snowflake_project.bronze_bookings: describe table "AIRBNB"."BRONZE"."BRONZE_BOOKINGS"
/* {"app": "dbt", "dbt_version": "1.12.5", "profile_name": "aws_dbt_snowflake_project", "target_name": "dev", "node_id": "model.aws_dbt_snowflake_project.bronze_bookings"} */
[0m16:37:16.284995 [debug] [Thread-2 (]: SQL status: SUCCESS 9 in 0.175 seconds
[0m16:37:16.367179 [debug] [Thread-2 (]: Writing runtime sql for node "model.aws_dbt_snowflake_project.bronze_bookings"
[0m16:37:16.373458 [debug] [Thread-2 (]: Using snowflake connection "model.aws_dbt_snowflake_project.bronze_bookings"
[0m16:37:16.375792 [debug] [Thread-2 (]: On model.aws_dbt_snowflake_project.bronze_bookings: -- back compat for old kwarg name
  
  begin
/* {"app": "dbt", "dbt_version": "1.12.5", "profile_name": "aws_dbt_snowflake_project", "target_name": "dev", "node_id": "model.aws_dbt_snowflake_project.bronze_bookings"} */;
[0m16:37:16.586259 [debug] [Thread-2 (]: SQL status: SUCCESS 1 in 0.208 seconds
[0m16:37:16.587881 [debug] [Thread-2 (]: Using snowflake connection "model.aws_dbt_snowflake_project.bronze_bookings"
[0m16:37:16.589466 [debug] [Thread-2 (]: On model.aws_dbt_snowflake_project.bronze_bookings: insert into AIRBNB.bronze.bronze_bookings ("BOOKING_ID", "LISTING_ID", "BOOKING_DATE", "NIGHTS_BOOKED", "BOOKING_AMOUNT", "CLEANING_FEE", "SERVICE_FEE", "BOOKING_STATUS", "CREATED_AT")
        (
            select "BOOKING_ID", "LISTING_ID", "BOOKING_DATE", "NIGHTS_BOOKED", "BOOKING_AMOUNT", "CLEANING_FEE", "SERVICE_FEE", "BOOKING_STATUS", "CREATED_AT"
            from AIRBNB.bronze.bronze_bookings__dbt_tmp
        )
/* {"app": "dbt", "dbt_version": "1.12.5", "profile_name": "aws_dbt_snowflake_project", "target_name": "dev", "node_id": "model.aws_dbt_snowflake_project.bronze_bookings"} */;
[0m16:37:17.209694 [debug] [Thread-2 (]: SQL status: SUCCESS 0 in 0.618 seconds
[0m16:37:17.211976 [debug] [Thread-2 (]: Using snowflake connection "model.aws_dbt_snowflake_project.bronze_bookings"
[0m16:37:17.214303 [debug] [Thread-2 (]: On model.aws_dbt_snowflake_project.bronze_bookings: COMMIT
/* {"app": "dbt", "dbt_version": "1.12.5", "profile_name": "aws_dbt_snowflake_project", "target_name": "dev", "node_id": "model.aws_dbt_snowflake_project.bronze_bookings"} */
[0m16:37:17.411238 [debug] [Thread-2 (]: SQL status: SUCCESS 1 in 0.195 seconds
[0m16:37:17.432759 [debug] [Thread-2 (]: Applying DROP to: AIRBNB.bronze.bronze_bookings__dbt_tmp
[0m16:37:17.449857 [debug] [Thread-2 (]: Using snowflake connection "model.aws_dbt_snowflake_project.bronze_bookings"
[0m16:37:17.450922 [debug] [Thread-2 (]: On model.aws_dbt_snowflake_project.bronze_bookings: drop view if exists AIRBNB.bronze.bronze_bookings__dbt_tmp cascade
/* {"app": "dbt", "dbt_version": "1.12.5", "profile_name": "aws_dbt_snowflake_project", "target_name": "dev", "node_id": "model.aws_dbt_snowflake_project.bronze_bookings"} */
[0m16:37:17.655541 [debug] [Thread-2 (]: SQL status: SUCCESS 1 in 0.204 seconds
[0m16:37:17.737450 [debug] [Thread-2 (]: Sending event: {'category': 'dbt', 'action': 'run_model', 'label': 'a6a14ddb-6ffd-4673-a59d-db238eb4575e', 'context': [<snowplow_tracker.self_describing_json.SelfDescribingJson object at 0x000001A3A833B650>]}
[0m16:37:17.739602 [info ] [Thread-2 (]: 1 of 6 OK created sql incremental model bronze.bronze_bookings ................. [[32mSUCCESS 0[0m in 3.46s]
[0m16:37:17.742151 [debug] [Thread-2 (]: Finished running node model.aws_dbt_snowflake_project.bronze_bookings
[0m16:37:17.743506 [debug] [Thread-2 (]: Began running node model.aws_dbt_snowflake_project.bronze_hosts
[0m16:37:17.745461 [info ] [Thread-2 (]: 2 of 6 START sql incremental model bronze.bronze_hosts ......................... [RUN]
[0m16:37:17.747540 [debug] [Thread-2 (]: Re-using an available connection from the pool (formerly model.aws_dbt_snowflake_project.bronze_bookings, now model.aws_dbt_snowflake_project.bronze_hosts)
[0m16:37:17.748944 [debug] [Thread-2 (]: Began compiling node model.aws_dbt_snowflake_project.bronze_hosts
[0m16:37:17.757229 [debug] [Thread-2 (]: Writing injected SQL for node "model.aws_dbt_snowflake_project.bronze_hosts"
[0m16:37:17.761335 [debug] [Thread-2 (]: Began executing node model.aws_dbt_snowflake_project.bronze_hosts
[0m16:37:17.771044 [debug] [Thread-2 (]: Using snowflake connection "model.aws_dbt_snowflake_project.bronze_hosts"
[0m16:37:17.772783 [debug] [Thread-2 (]: On model.aws_dbt_snowflake_project.bronze_hosts: create or replace  temporary view AIRBNB.bronze.bronze_hosts__dbt_tmp
  
  
  
  
  as (
    


SELECT * FROM  AIRBNB.staging.hosts


    WHERE CREATED_AT > (SELECT COALESCE(MAX(CREATED_AT), '1900-01-01') FROM AIRBNB.bronze.bronze_hosts)

  )
/* {"app": "dbt", "dbt_version": "1.12.5", "profile_name": "aws_dbt_snowflake_project", "target_name": "dev", "node_id": "model.aws_dbt_snowflake_project.bronze_hosts"} */;
[0m16:37:18.131894 [debug] [Thread-2 (]: SQL status: SUCCESS 1 in 0.357 seconds
[0m16:37:18.140783 [debug] [Thread-2 (]: Using snowflake connection "model.aws_dbt_snowflake_project.bronze_hosts"
[0m16:37:18.142584 [debug] [Thread-2 (]: On model.aws_dbt_snowflake_project.bronze_hosts: describe table AIRBNB.bronze.bronze_hosts__dbt_tmp
/* {"app": "dbt", "dbt_version": "1.12.5", "profile_name": "aws_dbt_snowflake_project", "target_name": "dev", "node_id": "model.aws_dbt_snowflake_project.bronze_hosts"} */
[0m16:37:18.327550 [debug] [Thread-2 (]: SQL status: SUCCESS 6 in 0.183 seconds
[0m16:37:18.337767 [debug] [Thread-2 (]: Using snowflake connection "model.aws_dbt_snowflake_project.bronze_hosts"
[0m16:37:18.339596 [debug] [Thread-2 (]: On model.aws_dbt_snowflake_project.bronze_hosts: describe table AIRBNB.bronze.bronze_hosts
/* {"app": "dbt", "dbt_version": "1.12.5", "profile_name": "aws_dbt_snowflake_project", "target_name": "dev", "node_id": "model.aws_dbt_snowflake_project.bronze_hosts"} */
[0m16:37:18.489509 [debug] [Thread-2 (]: SQL status: SUCCESS 6 in 0.148 seconds
[0m16:37:18.497493 [debug] [Thread-2 (]: Using snowflake connection "model.aws_dbt_snowflake_project.bronze_hosts"
[0m16:37:18.499620 [debug] [Thread-2 (]: On model.aws_dbt_snowflake_project.bronze_hosts: describe table "AIRBNB"."BRONZE"."BRONZE_HOSTS"
/* {"app": "dbt", "dbt_version": "1.12.5", "profile_name": "aws_dbt_snowflake_project", "target_name": "dev", "node_id": "model.aws_dbt_snowflake_project.bronze_hosts"} */
[0m16:37:18.675140 [debug] [Thread-2 (]: SQL status: SUCCESS 6 in 0.173 seconds
[0m16:37:18.689286 [debug] [Thread-2 (]: Writing runtime sql for node "model.aws_dbt_snowflake_project.bronze_hosts"
[0m16:37:18.696476 [debug] [Thread-2 (]: Using snowflake connection "model.aws_dbt_snowflake_project.bronze_hosts"
[0m16:37:18.699383 [debug] [Thread-2 (]: On model.aws_dbt_snowflake_project.bronze_hosts: -- back compat for old kwarg name
  
  begin
/* {"app": "dbt", "dbt_version": "1.12.5", "profile_name": "aws_dbt_snowflake_project", "target_name": "dev", "node_id": "model.aws_dbt_snowflake_project.bronze_hosts"} */;
[0m16:37:18.903853 [debug] [Thread-2 (]: SQL status: SUCCESS 1 in 0.202 seconds
[0m16:37:18.905266 [debug] [Thread-2 (]: Using snowflake connection "model.aws_dbt_snowflake_project.bronze_hosts"
[0m16:37:18.906547 [debug] [Thread-2 (]: On model.aws_dbt_snowflake_project.bronze_hosts: insert into AIRBNB.bronze.bronze_hosts ("HOST_ID", "HOST_NAME", "HOST_SINCE", "IS_SUPERHOST", "RESPONSE_RATE", "CREATED_AT")
        (
            select "HOST_ID", "HOST_NAME", "HOST_SINCE", "IS_SUPERHOST", "RESPONSE_RATE", "CREATED_AT"
            from AIRBNB.bronze.bronze_hosts__dbt_tmp
        )
/* {"app": "dbt", "dbt_version": "1.12.5", "profile_name": "aws_dbt_snowflake_project", "target_name": "dev", "node_id": "model.aws_dbt_snowflake_project.bronze_hosts"} */;
[0m16:37:19.276423 [debug] [Thread-2 (]: SQL status: SUCCESS 0 in 0.369 seconds
[0m16:37:19.277782 [debug] [Thread-2 (]: Using snowflake connection "model.aws_dbt_snowflake_project.bronze_hosts"
[0m16:37:19.278872 [debug] [Thread-2 (]: On model.aws_dbt_snowflake_project.bronze_hosts: COMMIT
/* {"app": "dbt", "dbt_version": "1.12.5", "profile_name": "aws_dbt_snowflake_project", "target_name": "dev", "node_id": "model.aws_dbt_snowflake_project.bronze_hosts"} */
[0m16:37:19.490135 [debug] [Thread-2 (]: SQL status: SUCCESS 1 in 0.210 seconds
[0m16:37:19.495957 [debug] [Thread-2 (]: Applying DROP to: AIRBNB.bronze.bronze_hosts__dbt_tmp
[0m16:37:19.498297 [debug] [Thread-2 (]: Using snowflake connection "model.aws_dbt_snowflake_project.bronze_hosts"
[0m16:37:19.499390 [debug] [Thread-2 (]: On model.aws_dbt_snowflake_project.bronze_hosts: drop view if exists AIRBNB.bronze.bronze_hosts__dbt_tmp cascade
/* {"app": "dbt", "dbt_version": "1.12.5", "profile_name": "aws_dbt_snowflake_project", "target_name": "dev", "node_id": "model.aws_dbt_snowflake_project.bronze_hosts"} */
[0m16:37:19.695909 [debug] [Thread-2 (]: SQL status: SUCCESS 1 in 0.195 seconds
[0m16:37:19.706011 [debug] [Thread-2 (]: Sending event: {'category': 'dbt', 'action': 'run_model', 'label': 'a6a14ddb-6ffd-4673-a59d-db238eb4575e', 'context': [<snowplow_tracker.self_describing_json.SelfDescribingJson object at 0x000001A3A8320AA0>]}
[0m16:37:19.708950 [info ] [Thread-2 (]: 2 of 6 OK created sql incremental model bronze.bronze_hosts .................... [[32mSUCCESS 0[0m in 1.96s]
[0m16:37:19.712671 [debug] [Thread-2 (]: Finished running node model.aws_dbt_snowflake_project.bronze_hosts
[0m16:37:19.714673 [debug] [Thread-2 (]: Began running node model.aws_dbt_snowflake_project.bronze_listings
[0m16:37:19.717417 [info ] [Thread-2 (]: 3 of 6 START sql incremental model bronze.bronze_listings ...................... [RUN]
[0m16:37:19.719979 [debug] [Thread-2 (]: Re-using an available connection from the pool (formerly model.aws_dbt_snowflake_project.bronze_hosts, now model.aws_dbt_snowflake_project.bronze_listings)
[0m16:37:19.722018 [debug] [Thread-2 (]: Began compiling node model.aws_dbt_snowflake_project.bronze_listings
[0m16:37:19.733851 [debug] [Thread-2 (]: Writing injected SQL for node "model.aws_dbt_snowflake_project.bronze_listings"
[0m16:37:19.738929 [debug] [Thread-2 (]: Began executing node model.aws_dbt_snowflake_project.bronze_listings
[0m16:37:19.760959 [debug] [Thread-2 (]: Using snowflake connection "model.aws_dbt_snowflake_project.bronze_listings"
[0m16:37:19.763977 [debug] [Thread-2 (]: On model.aws_dbt_snowflake_project.bronze_listings: create or replace  temporary view AIRBNB.bronze.bronze_listings__dbt_tmp
  
  
  
  
  as (
    


SELECT * FROM  AIRBNB.staging.listings


    WHERE CREATED_AT > (SELECT COALESCE(MAX(CREATED_AT), '1900-01-01') FROM AIRBNB.bronze.bronze_listings)

  )
/* {"app": "dbt", "dbt_version": "1.12.5", "profile_name": "aws_dbt_snowflake_project", "target_name": "dev", "node_id": "model.aws_dbt_snowflake_project.bronze_listings"} */;
[0m16:37:20.067093 [debug] [Thread-2 (]: SQL status: SUCCESS 1 in 0.301 seconds
[0m16:37:20.072412 [debug] [Thread-2 (]: Using snowflake connection "model.aws_dbt_snowflake_project.bronze_listings"
[0m16:37:20.073620 [debug] [Thread-2 (]: On model.aws_dbt_snowflake_project.bronze_listings: describe table AIRBNB.bronze.bronze_listings__dbt_tmp
/* {"app": "dbt", "dbt_version": "1.12.5", "profile_name": "aws_dbt_snowflake_project", "target_name": "dev", "node_id": "model.aws_dbt_snowflake_project.bronze_listings"} */
[0m16:37:20.272891 [debug] [Thread-2 (]: SQL status: SUCCESS 11 in 0.198 seconds
[0m16:37:20.280708 [debug] [Thread-2 (]: Using snowflake connection "model.aws_dbt_snowflake_project.bronze_listings"
[0m16:37:20.281850 [debug] [Thread-2 (]: On model.aws_dbt_snowflake_project.bronze_listings: describe table AIRBNB.bronze.bronze_listings
/* {"app": "dbt", "dbt_version": "1.12.5", "profile_name": "aws_dbt_snowflake_project", "target_name": "dev", "node_id": "model.aws_dbt_snowflake_project.bronze_listings"} */
[0m16:37:20.477273 [debug] [Thread-2 (]: SQL status: SUCCESS 11 in 0.194 seconds
[0m16:37:20.487100 [debug] [Thread-2 (]: Using snowflake connection "model.aws_dbt_snowflake_project.bronze_listings"
[0m16:37:20.488610 [debug] [Thread-2 (]: On model.aws_dbt_snowflake_project.bronze_listings: describe table "AIRBNB"."BRONZE"."BRONZE_LISTINGS"
/* {"app": "dbt", "dbt_version": "1.12.5", "profile_name": "aws_dbt_snowflake_project", "target_name": "dev", "node_id": "model.aws_dbt_snowflake_project.bronze_listings"} */
[0m16:37:20.642406 [debug] [Thread-2 (]: SQL status: SUCCESS 11 in 0.152 seconds
[0m16:37:20.656623 [debug] [Thread-2 (]: Writing runtime sql for node "model.aws_dbt_snowflake_project.bronze_listings"
[0m16:37:20.661874 [debug] [Thread-2 (]: Using snowflake connection "model.aws_dbt_snowflake_project.bronze_listings"
[0m16:37:20.664259 [debug] [Thread-2 (]: On model.aws_dbt_snowflake_project.bronze_listings: -- back compat for old kwarg name
  
  begin
/* {"app": "dbt", "dbt_version": "1.12.5", "profile_name": "aws_dbt_snowflake_project", "target_name": "dev", "node_id": "model.aws_dbt_snowflake_project.bronze_listings"} */;
[0m16:37:20.845808 [debug] [Thread-2 (]: SQL status: SUCCESS 1 in 0.180 seconds
[0m16:37:20.847070 [debug] [Thread-2 (]: Using snowflake connection "model.aws_dbt_snowflake_project.bronze_listings"
[0m16:37:20.848195 [debug] [Thread-2 (]: On model.aws_dbt_snowflake_project.bronze_listings: insert into AIRBNB.bronze.bronze_listings ("LISTING_ID", "HOST_ID", "PROPERTY_TYPE", "ROOM_TYPE", "CITY", "COUNTRY", "ACCOMMODATES", "BEDROOMS", "BATHROOMS", "PRICE_PER_NIGHT", "CREATED_AT")
        (
            select "LISTING_ID", "HOST_ID", "PROPERTY_TYPE", "ROOM_TYPE", "CITY", "COUNTRY", "ACCOMMODATES", "BEDROOMS", "BATHROOMS", "PRICE_PER_NIGHT", "CREATED_AT"
            from AIRBNB.bronze.bronze_listings__dbt_tmp
        )
/* {"app": "dbt", "dbt_version": "1.12.5", "profile_name": "aws_dbt_snowflake_project", "target_name": "dev", "node_id": "model.aws_dbt_snowflake_project.bronze_listings"} */;
[0m16:37:21.306955 [debug] [Thread-2 (]: SQL status: SUCCESS 0 in 0.457 seconds
[0m16:37:21.309201 [debug] [Thread-2 (]: Using snowflake connection "model.aws_dbt_snowflake_project.bronze_listings"
[0m16:37:21.310980 [debug] [Thread-2 (]: On model.aws_dbt_snowflake_project.bronze_listings: COMMIT
/* {"app": "dbt", "dbt_version": "1.12.5", "profile_name": "aws_dbt_snowflake_project", "target_name": "dev", "node_id": "model.aws_dbt_snowflake_project.bronze_listings"} */
[0m16:37:21.502485 [debug] [Thread-2 (]: SQL status: SUCCESS 1 in 0.190 seconds
[0m16:37:21.513905 [debug] [Thread-2 (]: Applying DROP to: AIRBNB.bronze.bronze_listings__dbt_tmp
[0m16:37:21.517452 [debug] [Thread-2 (]: Using snowflake connection "model.aws_dbt_snowflake_project.bronze_listings"
[0m16:37:21.519222 [debug] [Thread-2 (]: On model.aws_dbt_snowflake_project.bronze_listings: drop view if exists AIRBNB.bronze.bronze_listings__dbt_tmp cascade
/* {"app": "dbt", "dbt_version": "1.12.5", "profile_name": "aws_dbt_snowflake_project", "target_name": "dev", "node_id": "model.aws_dbt_snowflake_project.bronze_listings"} */
[0m16:37:21.708286 [debug] [Thread-2 (]: SQL status: SUCCESS 1 in 0.187 seconds
[0m16:37:21.717895 [debug] [Thread-2 (]: Sending event: {'category': 'dbt', 'action': 'run_model', 'label': 'a6a14ddb-6ffd-4673-a59d-db238eb4575e', 'context': [<snowplow_tracker.self_describing_json.SelfDescribingJson object at 0x000001A3A81D7E30>]}
[0m16:37:21.720626 [info ] [Thread-2 (]: 3 of 6 OK created sql incremental model bronze.bronze_listings ................. [[32mSUCCESS 0[0m in 2.00s]
[0m16:37:21.724828 [debug] [Thread-2 (]: Finished running node model.aws_dbt_snowflake_project.bronze_listings
[0m16:37:21.726769 [debug] [Thread-2 (]: Began running node model.aws_dbt_snowflake_project.silver_bookings
[0m16:37:21.730157 [info ] [Thread-2 (]: 4 of 6 START sql incremental model silver.silver_bookings ...................... [RUN]
[0m16:37:21.733277 [debug] [Thread-2 (]: Re-using an available connection from the pool (formerly model.aws_dbt_snowflake_project.bronze_listings, now model.aws_dbt_snowflake_project.silver_bookings)
[0m16:37:21.735684 [debug] [Thread-2 (]: Began compiling node model.aws_dbt_snowflake_project.silver_bookings
[0m16:37:21.758054 [debug] [Thread-2 (]: Writing injected SQL for node "model.aws_dbt_snowflake_project.silver_bookings"
[0m16:37:21.764235 [debug] [Thread-2 (]: Began executing node model.aws_dbt_snowflake_project.silver_bookings
[0m16:37:21.788649 [debug] [Thread-2 (]: Using snowflake connection "model.aws_dbt_snowflake_project.silver_bookings"
[0m16:37:21.791695 [debug] [Thread-2 (]: On model.aws_dbt_snowflake_project.silver_bookings: create or replace  temporary view AIRBNB.silver.silver_bookings__dbt_tmp
  
  
  
  
  as (
    

select 
    BOOKING_ID,
    LISTING_ID,
    BOOKING_DATE,
    
    round(NIGHTS_BOOKED * BOOKING_AMOUNT,2)
 as TOTAL_BOOKING_PRICE ,
    SERVICE_FEE,
    CLEANING_FEE,
    BOOKING_STATUS,
    CREATED_AT 
FROM AIRBNB.bronze.bronze_bookings
  )
/* {"app": "dbt", "dbt_version": "1.12.5", "profile_name": "aws_dbt_snowflake_project", "target_name": "dev", "node_id": "model.aws_dbt_snowflake_project.silver_bookings"} */;
[0m16:37:22.054232 [debug] [Thread-2 (]: SQL status: SUCCESS 1 in 0.260 seconds
[0m16:37:22.059995 [debug] [Thread-2 (]: Using snowflake connection "model.aws_dbt_snowflake_project.silver_bookings"
[0m16:37:22.061432 [debug] [Thread-2 (]: On model.aws_dbt_snowflake_project.silver_bookings: describe table AIRBNB.silver.silver_bookings__dbt_tmp
/* {"app": "dbt", "dbt_version": "1.12.5", "profile_name": "aws_dbt_snowflake_project", "target_name": "dev", "node_id": "model.aws_dbt_snowflake_project.silver_bookings"} */
[0m16:37:22.226044 [debug] [Thread-2 (]: SQL status: SUCCESS 8 in 0.163 seconds
[0m16:37:22.233374 [debug] [Thread-2 (]: Using snowflake connection "model.aws_dbt_snowflake_project.silver_bookings"
[0m16:37:22.234567 [debug] [Thread-2 (]: On model.aws_dbt_snowflake_project.silver_bookings: describe table AIRBNB.silver.silver_bookings
/* {"app": "dbt", "dbt_version": "1.12.5", "profile_name": "aws_dbt_snowflake_project", "target_name": "dev", "node_id": "model.aws_dbt_snowflake_project.silver_bookings"} */
[0m16:37:22.384813 [debug] [Thread-2 (]: SQL status: SUCCESS 8 in 0.149 seconds
[0m16:37:22.396385 [debug] [Thread-2 (]: Using snowflake connection "model.aws_dbt_snowflake_project.silver_bookings"
[0m16:37:22.397923 [debug] [Thread-2 (]: On model.aws_dbt_snowflake_project.silver_bookings: describe table "AIRBNB"."SILVER"."SILVER_BOOKINGS"
/* {"app": "dbt", "dbt_version": "1.12.5", "profile_name": "aws_dbt_snowflake_project", "target_name": "dev", "node_id": "model.aws_dbt_snowflake_project.silver_bookings"} */
[0m16:37:22.577004 [debug] [Thread-2 (]: SQL status: SUCCESS 8 in 0.178 seconds
[0m16:37:22.653427 [debug] [Thread-2 (]: Writing runtime sql for node "model.aws_dbt_snowflake_project.silver_bookings"
[0m16:37:22.658980 [debug] [Thread-2 (]: Using snowflake connection "model.aws_dbt_snowflake_project.silver_bookings"
[0m16:37:22.660571 [debug] [Thread-2 (]: On model.aws_dbt_snowflake_project.silver_bookings: -- back compat for old kwarg name
  
  begin
/* {"app": "dbt", "dbt_version": "1.12.5", "profile_name": "aws_dbt_snowflake_project", "target_name": "dev", "node_id": "model.aws_dbt_snowflake_project.silver_bookings"} */;
[0m16:37:22.831172 [debug] [Thread-2 (]: SQL status: SUCCESS 1 in 0.169 seconds
[0m16:37:22.832452 [debug] [Thread-2 (]: Using snowflake connection "model.aws_dbt_snowflake_project.silver_bookings"
[0m16:37:22.833645 [debug] [Thread-2 (]: On model.aws_dbt_snowflake_project.silver_bookings: merge into AIRBNB.silver.silver_bookings as DBT_INTERNAL_DEST
        using AIRBNB.silver.silver_bookings__dbt_tmp as DBT_INTERNAL_SOURCE
        on ((DBT_INTERNAL_SOURCE.BOOKING_ID = DBT_INTERNAL_DEST.BOOKING_ID))

    
    when matched then update set
        "BOOKING_ID" = DBT_INTERNAL_SOURCE."BOOKING_ID","LISTING_ID" = DBT_INTERNAL_SOURCE."LISTING_ID","BOOKING_DATE" = DBT_INTERNAL_SOURCE."BOOKING_DATE","TOTAL_BOOKING_PRICE" = DBT_INTERNAL_SOURCE."TOTAL_BOOKING_PRICE","SERVICE_FEE" = DBT_INTERNAL_SOURCE."SERVICE_FEE","CLEANING_FEE" = DBT_INTERNAL_SOURCE."CLEANING_FEE","BOOKING_STATUS" = DBT_INTERNAL_SOURCE."BOOKING_STATUS","CREATED_AT" = DBT_INTERNAL_SOURCE."CREATED_AT"
    

    when not matched then insert
        ("BOOKING_ID", "LISTING_ID", "BOOKING_DATE", "TOTAL_BOOKING_PRICE", "SERVICE_FEE", "CLEANING_FEE", "BOOKING_STATUS", "CREATED_AT")
    values
        ("BOOKING_ID", "LISTING_ID", "BOOKING_DATE", "TOTAL_BOOKING_PRICE", "SERVICE_FEE", "CLEANING_FEE", "BOOKING_STATUS", "CREATED_AT")


/* {"app": "dbt", "dbt_version": "1.12.5", "profile_name": "aws_dbt_snowflake_project", "target_name": "dev", "node_id": "model.aws_dbt_snowflake_project.silver_bookings"} */;
[0m16:37:23.559849 [debug] [Thread-2 (]: SQL status: SUCCESS 5000 in 0.725 seconds
[0m16:37:23.562111 [debug] [Thread-2 (]: Using snowflake connection "model.aws_dbt_snowflake_project.silver_bookings"
[0m16:37:23.564569 [debug] [Thread-2 (]: On model.aws_dbt_snowflake_project.silver_bookings: COMMIT
/* {"app": "dbt", "dbt_version": "1.12.5", "profile_name": "aws_dbt_snowflake_project", "target_name": "dev", "node_id": "model.aws_dbt_snowflake_project.silver_bookings"} */
[0m16:37:23.858436 [debug] [Thread-2 (]: SQL status: SUCCESS 1 in 0.292 seconds
[0m16:37:23.867748 [debug] [Thread-2 (]: Applying DROP to: AIRBNB.silver.silver_bookings__dbt_tmp
[0m16:37:23.871748 [debug] [Thread-2 (]: Using snowflake connection "model.aws_dbt_snowflake_project.silver_bookings"
[0m16:37:23.873340 [debug] [Thread-2 (]: On model.aws_dbt_snowflake_project.silver_bookings: drop view if exists AIRBNB.silver.silver_bookings__dbt_tmp cascade
/* {"app": "dbt", "dbt_version": "1.12.5", "profile_name": "aws_dbt_snowflake_project", "target_name": "dev", "node_id": "model.aws_dbt_snowflake_project.silver_bookings"} */
[0m16:37:24.070893 [debug] [Thread-2 (]: SQL status: SUCCESS 1 in 0.196 seconds
[0m16:37:24.080040 [debug] [Thread-2 (]: Sending event: {'category': 'dbt', 'action': 'run_model', 'label': 'a6a14ddb-6ffd-4673-a59d-db238eb4575e', 'context': [<snowplow_tracker.self_describing_json.SelfDescribingJson object at 0x000001A3A6FA7A50>]}
[0m16:37:24.082508 [info ] [Thread-2 (]: 4 of 6 OK created sql incremental model silver.silver_bookings ................. [[32mSUCCESS 5000[0m in 2.35s]
[0m16:37:24.085644 [debug] [Thread-2 (]: Finished running node model.aws_dbt_snowflake_project.silver_bookings
[0m16:37:24.087362 [debug] [Thread-2 (]: Began running node model.aws_dbt_snowflake_project.silver_hosts
[0m16:37:24.089559 [info ] [Thread-2 (]: 5 of 6 START sql incremental model silver.silver_hosts ......................... [RUN]
[0m16:37:24.091911 [debug] [Thread-2 (]: Re-using an available connection from the pool (formerly model.aws_dbt_snowflake_project.silver_bookings, now model.aws_dbt_snowflake_project.silver_hosts)
[0m16:37:24.093638 [debug] [Thread-2 (]: Began compiling node model.aws_dbt_snowflake_project.silver_hosts
[0m16:37:24.102374 [debug] [Thread-2 (]: Writing injected SQL for node "model.aws_dbt_snowflake_project.silver_hosts"
[0m16:37:24.106959 [debug] [Thread-2 (]: Began executing node model.aws_dbt_snowflake_project.silver_hosts
[0m16:37:24.125054 [debug] [Thread-2 (]: Using snowflake connection "model.aws_dbt_snowflake_project.silver_hosts"
[0m16:37:24.127028 [debug] [Thread-2 (]: On model.aws_dbt_snowflake_project.silver_hosts: create or replace  temporary view AIRBNB.silver.silver_hosts__dbt_tmp
  
  
  
  
  as (
    

SELECT 
    HOST_ID,
    REPLACE(HOST_NAME, ' ', '_') AS HOST_NAME,
    HOST_SINCE AS HOST_SINCE,
    IS_SUPERHOST AS IS_SUPERHOST,
    RESPONSE_RATE AS RESPONSE_RATE,
    CASE 
    WHEN RESPONSE_RATE > 95 THEN 'VERY GOOD'
    WHEN RESPONSE_RATE > 80 THEN 'GOOD'
    WHEN RESPONSE_RATE > 60 THEN 'FAIR'
    ELSE 'POOR'
    END AS RESPONSE_RATE_QUALITY,
    CREATED_AT AS CREATED_AT
FROM 
    AIRBNB.bronze.bronze_hosts
  )
/* {"app": "dbt", "dbt_version": "1.12.5", "profile_name": "aws_dbt_snowflake_project", "target_name": "dev", "node_id": "model.aws_dbt_snowflake_project.silver_hosts"} */;
[0m16:37:24.390078 [debug] [Thread-2 (]: SQL status: SUCCESS 1 in 0.261 seconds
[0m16:37:24.395215 [debug] [Thread-2 (]: Using snowflake connection "model.aws_dbt_snowflake_project.silver_hosts"
[0m16:37:24.396542 [debug] [Thread-2 (]: On model.aws_dbt_snowflake_project.silver_hosts: describe table AIRBNB.silver.silver_hosts__dbt_tmp
/* {"app": "dbt", "dbt_version": "1.12.5", "profile_name": "aws_dbt_snowflake_project", "target_name": "dev", "node_id": "model.aws_dbt_snowflake_project.silver_hosts"} */
[0m16:37:24.572703 [debug] [Thread-2 (]: SQL status: SUCCESS 7 in 0.175 seconds
[0m16:37:24.579487 [debug] [Thread-2 (]: Using snowflake connection "model.aws_dbt_snowflake_project.silver_hosts"
[0m16:37:24.580590 [debug] [Thread-2 (]: On model.aws_dbt_snowflake_project.silver_hosts: describe table AIRBNB.silver.silver_hosts
/* {"app": "dbt", "dbt_version": "1.12.5", "profile_name": "aws_dbt_snowflake_project", "target_name": "dev", "node_id": "model.aws_dbt_snowflake_project.silver_hosts"} */
[0m16:37:24.741117 [debug] [Thread-2 (]: SQL status: SUCCESS 7 in 0.159 seconds
[0m16:37:24.751357 [debug] [Thread-2 (]: Using snowflake connection "model.aws_dbt_snowflake_project.silver_hosts"
[0m16:37:24.752835 [debug] [Thread-2 (]: On model.aws_dbt_snowflake_project.silver_hosts: describe table "AIRBNB"."SILVER"."SILVER_HOSTS"
/* {"app": "dbt", "dbt_version": "1.12.5", "profile_name": "aws_dbt_snowflake_project", "target_name": "dev", "node_id": "model.aws_dbt_snowflake_project.silver_hosts"} */
[0m16:37:24.934627 [debug] [Thread-2 (]: SQL status: SUCCESS 7 in 0.180 seconds
[0m16:37:24.944484 [debug] [Thread-2 (]: Writing runtime sql for node "model.aws_dbt_snowflake_project.silver_hosts"
[0m16:37:24.951208 [debug] [Thread-2 (]: Using snowflake connection "model.aws_dbt_snowflake_project.silver_hosts"
[0m16:37:24.952681 [debug] [Thread-2 (]: On model.aws_dbt_snowflake_project.silver_hosts: -- back compat for old kwarg name
  
  begin
/* {"app": "dbt", "dbt_version": "1.12.5", "profile_name": "aws_dbt_snowflake_project", "target_name": "dev", "node_id": "model.aws_dbt_snowflake_project.silver_hosts"} */;
[0m16:37:25.142336 [debug] [Thread-2 (]: SQL status: SUCCESS 1 in 0.188 seconds
[0m16:37:25.143599 [debug] [Thread-2 (]: Using snowflake connection "model.aws_dbt_snowflake_project.silver_hosts"
[0m16:37:25.144777 [debug] [Thread-2 (]: On model.aws_dbt_snowflake_project.silver_hosts: merge into AIRBNB.silver.silver_hosts as DBT_INTERNAL_DEST
        using AIRBNB.silver.silver_hosts__dbt_tmp as DBT_INTERNAL_SOURCE
        on ((DBT_INTERNAL_SOURCE.HOST_ID = DBT_INTERNAL_DEST.HOST_ID))

    
    when matched then update set
        "HOST_ID" = DBT_INTERNAL_SOURCE."HOST_ID","HOST_NAME" = DBT_INTERNAL_SOURCE."HOST_NAME","HOST_SINCE" = DBT_INTERNAL_SOURCE."HOST_SINCE","IS_SUPERHOST" = DBT_INTERNAL_SOURCE."IS_SUPERHOST","RESPONSE_RATE" = DBT_INTERNAL_SOURCE."RESPONSE_RATE","RESPONSE_RATE_QUALITY" = DBT_INTERNAL_SOURCE."RESPONSE_RATE_QUALITY","CREATED_AT" = DBT_INTERNAL_SOURCE."CREATED_AT"
    

    when not matched then insert
        ("HOST_ID", "HOST_NAME", "HOST_SINCE", "IS_SUPERHOST", "RESPONSE_RATE", "RESPONSE_RATE_QUALITY", "CREATED_AT")
    values
        ("HOST_ID", "HOST_NAME", "HOST_SINCE", "IS_SUPERHOST", "RESPONSE_RATE", "RESPONSE_RATE_QUALITY", "CREATED_AT")


/* {"app": "dbt", "dbt_version": "1.12.5", "profile_name": "aws_dbt_snowflake_project", "target_name": "dev", "node_id": "model.aws_dbt_snowflake_project.silver_hosts"} */;
[0m16:37:25.812273 [debug] [Thread-2 (]: SQL status: SUCCESS 200 in 0.666 seconds
[0m16:37:25.814528 [debug] [Thread-2 (]: Using snowflake connection "model.aws_dbt_snowflake_project.silver_hosts"
[0m16:37:25.816366 [debug] [Thread-2 (]: On model.aws_dbt_snowflake_project.silver_hosts: COMMIT
/* {"app": "dbt", "dbt_version": "1.12.5", "profile_name": "aws_dbt_snowflake_project", "target_name": "dev", "node_id": "model.aws_dbt_snowflake_project.silver_hosts"} */
[0m16:37:26.112233 [debug] [Thread-2 (]: SQL status: SUCCESS 1 in 0.294 seconds
[0m16:37:26.119510 [debug] [Thread-2 (]: Applying DROP to: AIRBNB.silver.silver_hosts__dbt_tmp
[0m16:37:26.121855 [debug] [Thread-2 (]: Using snowflake connection "model.aws_dbt_snowflake_project.silver_hosts"
[0m16:37:26.122993 [debug] [Thread-2 (]: On model.aws_dbt_snowflake_project.silver_hosts: drop view if exists AIRBNB.silver.silver_hosts__dbt_tmp cascade
/* {"app": "dbt", "dbt_version": "1.12.5", "profile_name": "aws_dbt_snowflake_project", "target_name": "dev", "node_id": "model.aws_dbt_snowflake_project.silver_hosts"} */
[0m16:37:26.328473 [debug] [Thread-2 (]: SQL status: SUCCESS 1 in 0.204 seconds
[0m16:37:26.336548 [debug] [Thread-2 (]: Sending event: {'category': 'dbt', 'action': 'run_model', 'label': 'a6a14ddb-6ffd-4673-a59d-db238eb4575e', 'context': [<snowplow_tracker.self_describing_json.SelfDescribingJson object at 0x000001A3A82EBEE0>]}
[0m16:37:26.338709 [info ] [Thread-2 (]: 5 of 6 OK created sql incremental model silver.silver_hosts .................... [[32mSUCCESS 200[0m in 2.24s]
[0m16:37:26.341475 [debug] [Thread-2 (]: Finished running node model.aws_dbt_snowflake_project.silver_hosts
[0m16:37:26.342985 [debug] [Thread-2 (]: Began running node model.aws_dbt_snowflake_project.silver_listings
[0m16:37:26.345045 [info ] [Thread-2 (]: 6 of 6 START sql incremental model silver.silver_listings ...................... [RUN]
[0m16:37:26.347227 [debug] [Thread-2 (]: Re-using an available connection from the pool (formerly model.aws_dbt_snowflake_project.silver_hosts, now model.aws_dbt_snowflake_project.silver_listings)
[0m16:37:26.348973 [debug] [Thread-2 (]: Began compiling node model.aws_dbt_snowflake_project.silver_listings
[0m16:37:26.360827 [debug] [Thread-2 (]: Writing injected SQL for node "model.aws_dbt_snowflake_project.silver_listings"
[0m16:37:26.366695 [debug] [Thread-2 (]: Began executing node model.aws_dbt_snowflake_project.silver_listings
[0m16:37:26.380875 [debug] [Thread-2 (]: Using snowflake connection "model.aws_dbt_snowflake_project.silver_listings"
[0m16:37:26.383290 [debug] [Thread-2 (]: On model.aws_dbt_snowflake_project.silver_listings: create or replace  temporary view AIRBNB.silver.silver_listings__dbt_tmp
  
  
  
  
  as (
    

SELECT 
    LISTING_ID,
    HOST_ID,
    PROPERTY_TYPE,
    ROOM_TYPE,
    CITY,
    COUNTRY,
    ACCOMMODATES,
    BEDROOMS,
    BATHROOMS,
    PRICE_PER_NIGHT,
    
    CASE 
        WHEN CAST(PRICE_PER_NIGHT AS INT) < 100 THEN 'low'
        WHEN CAST(PRICE_PER_NIGHT AS INT) < 200 THEN 'medium'
        ELSE 'high'
    END
 AS PRICE_PER_NIGHT_TAG,
    CREATED_AT
FROM 
    AIRBNB.bronze.bronze_listings
  )
/* {"app": "dbt", "dbt_version": "1.12.5", "profile_name": "aws_dbt_snowflake_project", "target_name": "dev", "node_id": "model.aws_dbt_snowflake_project.silver_listings"} */;
[0m16:37:26.659373 [debug] [Thread-2 (]: SQL status: SUCCESS 1 in 0.274 seconds
[0m16:37:26.664785 [debug] [Thread-2 (]: Using snowflake connection "model.aws_dbt_snowflake_project.silver_listings"
[0m16:37:26.666059 [debug] [Thread-2 (]: On model.aws_dbt_snowflake_project.silver_listings: describe table AIRBNB.silver.silver_listings__dbt_tmp
/* {"app": "dbt", "dbt_version": "1.12.5", "profile_name": "aws_dbt_snowflake_project", "target_name": "dev", "node_id": "model.aws_dbt_snowflake_project.silver_listings"} */
[0m16:37:26.878509 [debug] [Thread-2 (]: SQL status: SUCCESS 12 in 0.211 seconds
[0m16:37:26.886390 [debug] [Thread-2 (]: Using snowflake connection "model.aws_dbt_snowflake_project.silver_listings"
[0m16:37:26.887581 [debug] [Thread-2 (]: On model.aws_dbt_snowflake_project.silver_listings: describe table AIRBNB.silver.silver_listings
/* {"app": "dbt", "dbt_version": "1.12.5", "profile_name": "aws_dbt_snowflake_project", "target_name": "dev", "node_id": "model.aws_dbt_snowflake_project.silver_listings"} */
[0m16:37:27.143055 [debug] [Thread-2 (]: SQL status: SUCCESS 12 in 0.252 seconds
[0m16:37:27.163211 [debug] [Thread-2 (]: Using snowflake connection "model.aws_dbt_snowflake_project.silver_listings"
[0m16:37:27.166339 [debug] [Thread-2 (]: On model.aws_dbt_snowflake_project.silver_listings: describe table "AIRBNB"."SILVER"."SILVER_LISTINGS"
/* {"app": "dbt", "dbt_version": "1.12.5", "profile_name": "aws_dbt_snowflake_project", "target_name": "dev", "node_id": "model.aws_dbt_snowflake_project.silver_listings"} */
[0m16:37:27.343470 [debug] [Thread-2 (]: SQL status: SUCCESS 12 in 0.175 seconds
[0m16:37:27.358185 [debug] [Thread-2 (]: Writing runtime sql for node "model.aws_dbt_snowflake_project.silver_listings"
[0m16:37:27.367784 [debug] [Thread-2 (]: Using snowflake connection "model.aws_dbt_snowflake_project.silver_listings"
[0m16:37:27.370042 [debug] [Thread-2 (]: On model.aws_dbt_snowflake_project.silver_listings: -- back compat for old kwarg name
  
  begin
/* {"app": "dbt", "dbt_version": "1.12.5", "profile_name": "aws_dbt_snowflake_project", "target_name": "dev", "node_id": "model.aws_dbt_snowflake_project.silver_listings"} */;
[0m16:37:27.679045 [debug] [Thread-2 (]: SQL status: SUCCESS 1 in 0.307 seconds
[0m16:37:27.680314 [debug] [Thread-2 (]: Using snowflake connection "model.aws_dbt_snowflake_project.silver_listings"
[0m16:37:27.681544 [debug] [Thread-2 (]: On model.aws_dbt_snowflake_project.silver_listings: merge into AIRBNB.silver.silver_listings as DBT_INTERNAL_DEST
        using AIRBNB.silver.silver_listings__dbt_tmp as DBT_INTERNAL_SOURCE
        on ((DBT_INTERNAL_SOURCE.LISTING_ID = DBT_INTERNAL_DEST.LISTING_ID))

    
    when matched then update set
        "LISTING_ID" = DBT_INTERNAL_SOURCE."LISTING_ID","HOST_ID" = DBT_INTERNAL_SOURCE."HOST_ID","PROPERTY_TYPE" = DBT_INTERNAL_SOURCE."PROPERTY_TYPE","ROOM_TYPE" = DBT_INTERNAL_SOURCE."ROOM_TYPE","CITY" = DBT_INTERNAL_SOURCE."CITY","COUNTRY" = DBT_INTERNAL_SOURCE."COUNTRY","ACCOMMODATES" = DBT_INTERNAL_SOURCE."ACCOMMODATES","BEDROOMS" = DBT_INTERNAL_SOURCE."BEDROOMS","BATHROOMS" = DBT_INTERNAL_SOURCE."BATHROOMS","PRICE_PER_NIGHT" = DBT_INTERNAL_SOURCE."PRICE_PER_NIGHT","PRICE_PER_NIGHT_TAG" = DBT_INTERNAL_SOURCE."PRICE_PER_NIGHT_TAG","CREATED_AT" = DBT_INTERNAL_SOURCE."CREATED_AT"
    

    when not matched then insert
        ("LISTING_ID", "HOST_ID", "PROPERTY_TYPE", "ROOM_TYPE", "CITY", "COUNTRY", "ACCOMMODATES", "BEDROOMS", "BATHROOMS", "PRICE_PER_NIGHT", "PRICE_PER_NIGHT_TAG", "CREATED_AT")
    values
        ("LISTING_ID", "HOST_ID", "PROPERTY_TYPE", "ROOM_TYPE", "CITY", "COUNTRY", "ACCOMMODATES", "BEDROOMS", "BATHROOMS", "PRICE_PER_NIGHT", "PRICE_PER_NIGHT_TAG", "CREATED_AT")


/* {"app": "dbt", "dbt_version": "1.12.5", "profile_name": "aws_dbt_snowflake_project", "target_name": "dev", "node_id": "model.aws_dbt_snowflake_project.silver_listings"} */;
[0m16:37:28.263871 [debug] [Thread-2 (]: SQL status: SUCCESS 500 in 0.581 seconds
[0m16:37:28.265250 [debug] [Thread-2 (]: Using snowflake connection "model.aws_dbt_snowflake_project.silver_listings"
[0m16:37:28.266351 [debug] [Thread-2 (]: On model.aws_dbt_snowflake_project.silver_listings: COMMIT
/* {"app": "dbt", "dbt_version": "1.12.5", "profile_name": "aws_dbt_snowflake_project", "target_name": "dev", "node_id": "model.aws_dbt_snowflake_project.silver_listings"} */
[0m16:37:28.569791 [debug] [Thread-2 (]: SQL status: SUCCESS 1 in 0.302 seconds
[0m16:37:28.575124 [debug] [Thread-2 (]: Applying DROP to: AIRBNB.silver.silver_listings__dbt_tmp
[0m16:37:28.577473 [debug] [Thread-2 (]: Using snowflake connection "model.aws_dbt_snowflake_project.silver_listings"
[0m16:37:28.578653 [debug] [Thread-2 (]: On model.aws_dbt_snowflake_project.silver_listings: drop view if exists AIRBNB.silver.silver_listings__dbt_tmp cascade
/* {"app": "dbt", "dbt_version": "1.12.5", "profile_name": "aws_dbt_snowflake_project", "target_name": "dev", "node_id": "model.aws_dbt_snowflake_project.silver_listings"} */
[0m16:37:28.774922 [debug] [Thread-2 (]: SQL status: SUCCESS 1 in 0.195 seconds
[0m16:37:28.780636 [debug] [Thread-2 (]: Sending event: {'category': 'dbt', 'action': 'run_model', 'label': 'a6a14ddb-6ffd-4673-a59d-db238eb4575e', 'context': [<snowplow_tracker.self_describing_json.SelfDescribingJson object at 0x000001A3A841CAD0>]}
[0m16:37:28.782273 [info ] [Thread-2 (]: 6 of 6 OK created sql incremental model silver.silver_listings ................. [[32mSUCCESS 500[0m in 2.43s]
[0m16:37:28.784497 [debug] [Thread-2 (]: Finished running node model.aws_dbt_snowflake_project.silver_listings
[0m16:37:28.787951 [debug] [MainThread]: Connection 'master' was properly closed.
[0m16:37:28.788955 [debug] [MainThread]: Connection 'list_AIRBNB' was left open.
[0m16:37:28.789936 [debug] [MainThread]: On list_AIRBNB: Close
[0m16:37:29.084783 [debug] [MainThread]: Connection 'list_AIRBNB_silver' was left open.
[0m16:37:29.086096 [debug] [MainThread]: On list_AIRBNB_silver: Close
[0m16:37:29.335959 [debug] [MainThread]: Connection 'model.aws_dbt_snowflake_project.silver_listings' was left open.
[0m16:37:29.337118 [debug] [MainThread]: On model.aws_dbt_snowflake_project.silver_listings: Close
[0m16:37:29.643399 [info ] [MainThread]: 
[0m16:37:29.644941 [info ] [MainThread]: Finished running 6 incremental models in 0 hours 0 minutes and 19.68 seconds (19.68s).
[0m16:37:29.652593 [debug] [MainThread]: Command end result
[0m16:37:29.768294 [debug] [MainThread]: Wrote artifact WritableManifest to C:\Users\samee\OneDrive\Desktop\aws_dbt_snowflake\aws_dbt_snowflake_project\target\manifest.json
[0m16:37:29.776652 [debug] [MainThread]: Wrote artifact SemanticManifest to C:\Users\samee\OneDrive\Desktop\aws_dbt_snowflake\aws_dbt_snowflake_project\target\semantic_manifest.json
[0m16:37:29.787061 [debug] [MainThread]: Wrote artifact OsiDocument to C:\Users\samee\OneDrive\Desktop\aws_dbt_snowflake\aws_dbt_snowflake_project\target\osi_document.json
[0m16:37:29.809910 [debug] [MainThread]: Wrote artifact RunExecutionResult to C:\Users\samee\OneDrive\Desktop\aws_dbt_snowflake\aws_dbt_snowflake_project\target\run_results.json
[0m16:37:29.810908 [info ] [MainThread]: 
[0m16:37:29.812391 [info ] [MainThread]: [32mCompleted successfully[0m
[0m16:37:29.813729 [info ] [MainThread]: 
[0m16:37:29.815077 [info ] [MainThread]: Done. PASS=6 WARN=0 ERROR=0 SKIP=0 NO-OP=0 REUSED=0 TOTAL=6
[0m16:37:29.818292 [debug] [MainThread]: Command `dbt run` succeeded at 16:37:29.817950 after 23.00 seconds
[0m16:37:29.819322 [debug] [MainThread]: Sending event: {'category': 'dbt', 'action': 'invocation', 'label': 'end', 'context': [<snowplow_tracker.self_describing_json.SelfDescribingJson object at 0x000001A3A5136930>, <snowplow_tracker.self_describing_json.SelfDescribingJson object at 0x000001A3A6A9A270>, <snowplow_tracker.self_describing_json.SelfDescribingJson object at 0x000001A3A8261E50>]}
[0m16:37:29.820431 [debug] [MainThread]: Flushing usage events
[0m16:37:31.540104 [debug] [MainThread]: An error was encountered while trying to flush usage events
[0m11:31:42.158803 [debug] [MainThread]: Sending event: {'category': 'dbt', 'action': 'invocation', 'label': 'start', 'context': [<snowplow_tracker.self_describing_json.SelfDescribingJson object at 0x0000021ED7CD2900>, <snowplow_tracker.self_describing_json.SelfDescribingJson object at 0x0000021EDA32FED0>, <snowplow_tracker.self_describing_json.SelfDescribingJson object at 0x0000021EDA32FB10>]}


============================== 11:31:42.169921 | 0fc5aa69-2e8e-4aee-a559-316086b9bc94 ==============================
[0m11:31:42.169921 [info ] [MainThread]: Running with dbt=1.12.5
[0m11:31:42.170921 [debug] [MainThread]: running dbt with arguments {'version_check': 'True', 'no_print': 'None', 'maximum_seed_size_mib': '1', 'warn_error_options': 'WarnErrorOptionsV2(error=[], warn=[], silence=[])', 'target_path': 'None', 'static_parser': 'True', 'printer_width': '80', 'write_json': 'True', 'empty': 'False', 'log_cache_events': 'False', 'introspect': 'True', 'cache_selected_only': 'False', 'log_format': 'default', 'debug': 'False', 'fail_fast': 'False', 'partial_parse': 'True', 'send_anonymous_usage_stats': 'True', 'quiet': 'False', 'warn_error': 'None', 'profiles_dir': 'C:\\Users\\samee\\OneDrive\\Desktop\\aws_dbt_snowflake\\aws_dbt_snowflake_project', 'use_colors': 'True', 'hints_enabled': 'True', 'indirect_selection': 'eager', 'use_experimental_parser': 'False', 'invocation_command': 'dbt run', 'log_path': 'C:\\Users\\samee\\OneDrive\\Desktop\\aws_dbt_snowflake\\aws_dbt_snowflake_project\\logs'}
[0m11:31:43.883288 [debug] [MainThread]: Snowflake adapter: Setting snowflake.connector to ERROR (file logging only)
[0m11:31:43.884029 [debug] [MainThread]: Snowflake adapter: Setting botocore to ERROR (file logging only)
[0m11:31:43.884678 [debug] [MainThread]: Snowflake adapter: Setting boto3 to ERROR (file logging only)
[0m11:31:48.759560 [debug] [MainThread]: Sending event: {'category': 'dbt', 'action': 'project_id', 'label': '0fc5aa69-2e8e-4aee-a559-316086b9bc94', 'context': [<snowplow_tracker.self_describing_json.SelfDescribingJson object at 0x0000021ED81EEFD0>]}
[0m11:31:48.892743 [debug] [MainThread]: Sending event: {'category': 'dbt', 'action': 'adapter_info', 'label': '0fc5aa69-2e8e-4aee-a559-316086b9bc94', 'context': [<snowplow_tracker.self_describing_json.SelfDescribingJson object at 0x0000021ED8848380>]}
[0m11:31:48.900225 [info ] [MainThread]: Registered adapter: snowflake=1.12.1
[0m11:31:49.600482 [debug] [MainThread]: checksum: 0ee1a1dce6b94271f7f4877021b9467e87e858ea987b298e8ea9f7304295ef8e, vars: {}, profile: aws_dbt_snowflake_project, target: dev, version: 1.12.5
[0m11:31:49.849734 [debug] [MainThread]: Partial parsing enabled: 0 files deleted, 0 files added, 0 files changed.
[0m11:31:49.850240 [debug] [MainThread]: Nothing changed, skipping partial parsing.
[0m11:31:49.850578 [debug] [MainThread]: Partial parsing enabled, no changes found, skipping parsing
[0m11:31:49.863410 [debug] [MainThread]: Sending event: {'category': 'dbt', 'action': 'load_project', 'label': '0fc5aa69-2e8e-4aee-a559-316086b9bc94', 'context': [<snowplow_tracker.self_describing_json.SelfDescribingJson object at 0x0000021EDD37C750>]}
[0m11:31:50.068042 [debug] [MainThread]: Wrote artifact WritableManifest to C:\Users\samee\OneDrive\Desktop\aws_dbt_snowflake\aws_dbt_snowflake_project\target\manifest.json
[0m11:31:50.091492 [debug] [MainThread]: Wrote artifact SemanticManifest to C:\Users\samee\OneDrive\Desktop\aws_dbt_snowflake\aws_dbt_snowflake_project\target\semantic_manifest.json
[0m11:31:50.195907 [debug] [MainThread]: Wrote artifact OsiDocument to C:\Users\samee\OneDrive\Desktop\aws_dbt_snowflake\aws_dbt_snowflake_project\target\osi_document.json
[0m11:31:50.226744 [debug] [MainThread]: Sending event: {'category': 'dbt', 'action': 'resource_counts', 'label': '0fc5aa69-2e8e-4aee-a559-316086b9bc94', 'context': [<snowplow_tracker.self_describing_json.SelfDescribingJson object at 0x0000021EDD1E5F40>]}
[0m11:31:50.228366 [info ] [MainThread]: Found 7 models, 2 analyses, 3 sources, 566 macros
[0m11:31:50.229388 [debug] [MainThread]: Sending event: {'category': 'dbt', 'action': 'runnable_timing', 'label': '0fc5aa69-2e8e-4aee-a559-316086b9bc94', 'context': [<snowplow_tracker.self_describing_json.SelfDescribingJson object at 0x0000021EDD1F6970>]}
[0m11:31:50.233844 [info ] [MainThread]: 
[0m11:31:50.234633 [info ] [MainThread]: Concurrency: 1 threads (target='dev')
[0m11:31:50.235365 [info ] [MainThread]: 
[0m11:31:50.236283 [debug] [MainThread]: Acquiring new snowflake connection 'master'
[0m11:31:50.244169 [debug] [ThreadPool]: Acquiring new snowflake connection 'list_AIRBNB'
[0m11:31:50.276288 [debug] [ThreadPool]: Using snowflake connection "list_AIRBNB"
[0m11:31:50.277679 [debug] [ThreadPool]: On list_AIRBNB: show terse schemas in database AIRBNB
    limit 10000
/* {"app": "dbt", "dbt_version": "1.12.5", "profile_name": "aws_dbt_snowflake_project", "target_name": "dev", "connection_name": "list_AIRBNB"} */
[0m11:31:50.279287 [debug] [ThreadPool]: Opening a new connection, currently in state init
[0m11:31:53.914713 [debug] [ThreadPool]: SQL status: SUCCESS 7 in 3.635 seconds
[0m11:31:53.918407 [debug] [ThreadPool]: Using snowflake connection "list_AIRBNB"
[0m11:31:53.918897 [debug] [ThreadPool]: On list_AIRBNB: show terse schemas in database AIRBNB
    limit 10000
/* {"app": "dbt", "dbt_version": "1.12.5", "profile_name": "aws_dbt_snowflake_project", "target_name": "dev", "connection_name": "list_AIRBNB"} */
[0m11:31:54.287960 [debug] [ThreadPool]: SQL status: SUCCESS 7 in 0.369 seconds
[0m11:31:54.292215 [debug] [ThreadPool]: Using snowflake connection "list_AIRBNB"
[0m11:31:54.293081 [debug] [ThreadPool]: On list_AIRBNB: show terse schemas in database AIRBNB
    limit 10000
/* {"app": "dbt", "dbt_version": "1.12.5", "profile_name": "aws_dbt_snowflake_project", "target_name": "dev", "connection_name": "list_AIRBNB"} */
[0m11:31:54.497001 [debug] [ThreadPool]: SQL status: SUCCESS 7 in 0.203 seconds
[0m11:31:54.499484 [debug] [ThreadPool]: Re-using an available connection from the pool (formerly list_AIRBNB, now create_AIRBNB_gold)
[0m11:31:54.500330 [debug] [ThreadPool]: Creating schema "database: "AIRBNB"
schema: "gold"
"
[0m11:31:54.504883 [debug] [ThreadPool]: Using snowflake connection "create_AIRBNB_gold"
[0m11:31:54.505351 [debug] [ThreadPool]: On create_AIRBNB_gold: create schema if not exists AIRBNB.gold
/* {"app": "dbt", "dbt_version": "1.12.5", "profile_name": "aws_dbt_snowflake_project", "target_name": "dev", "connection_name": "create_AIRBNB_gold"} */
[0m11:31:54.859412 [debug] [ThreadPool]: SQL status: SUCCESS 1 in 0.353 seconds
[0m11:31:54.865537 [debug] [ThreadPool]: Acquiring new snowflake connection 'list_AIRBNB_bronze'
[0m11:31:54.885551 [debug] [ThreadPool]: Using snowflake connection "list_AIRBNB_bronze"
[0m11:31:54.886063 [debug] [ThreadPool]: On list_AIRBNB_bronze: show objects in AIRBNB.bronze
    limit 10000
    

/* {"app": "dbt", "dbt_version": "1.12.5", "profile_name": "aws_dbt_snowflake_project", "target_name": "dev", "connection_name": "list_AIRBNB_bronze"} */;
[0m11:31:54.886456 [debug] [ThreadPool]: Opening a new connection, currently in state init
[0m11:31:55.833383 [debug] [ThreadPool]: SQL status: SUCCESS 3 in 0.947 seconds
[0m11:31:55.849604 [debug] [ThreadPool]: Using snowflake connection "list_AIRBNB_bronze"
[0m11:31:55.850586 [debug] [ThreadPool]: On list_AIRBNB_bronze: show user functions in AIRBNB.bronze
/* {"app": "dbt", "dbt_version": "1.12.5", "profile_name": "aws_dbt_snowflake_project", "target_name": "dev", "connection_name": "list_AIRBNB_bronze"} */
[0m11:31:56.037241 [debug] [ThreadPool]: SQL status: SUCCESS 0 in 0.186 seconds
[0m11:31:56.044763 [debug] [ThreadPool]: Re-using an available connection from the pool (formerly list_AIRBNB_bronze, now list_AIRBNB_gold)
[0m11:31:56.050482 [debug] [ThreadPool]: Using snowflake connection "list_AIRBNB_gold"
[0m11:31:56.051322 [debug] [ThreadPool]: On list_AIRBNB_gold: show objects in AIRBNB.gold
    limit 10000
    

/* {"app": "dbt", "dbt_version": "1.12.5", "profile_name": "aws_dbt_snowflake_project", "target_name": "dev", "connection_name": "list_AIRBNB_gold"} */;
[0m11:31:56.241291 [debug] [ThreadPool]: SQL status: SUCCESS 0 in 0.189 seconds
[0m11:31:56.249346 [debug] [ThreadPool]: Using snowflake connection "list_AIRBNB_gold"
[0m11:31:56.250277 [debug] [ThreadPool]: On list_AIRBNB_gold: show user functions in AIRBNB.gold
/* {"app": "dbt", "dbt_version": "1.12.5", "profile_name": "aws_dbt_snowflake_project", "target_name": "dev", "connection_name": "list_AIRBNB_gold"} */
[0m11:31:56.446589 [debug] [ThreadPool]: SQL status: SUCCESS 0 in 0.195 seconds
[0m11:31:56.454734 [debug] [ThreadPool]: Re-using an available connection from the pool (formerly list_AIRBNB_gold, now list_AIRBNB_silver)
[0m11:31:56.458205 [debug] [ThreadPool]: Using snowflake connection "list_AIRBNB_silver"
[0m11:31:56.459027 [debug] [ThreadPool]: On list_AIRBNB_silver: show objects in AIRBNB.silver
    limit 10000
    

/* {"app": "dbt", "dbt_version": "1.12.5", "profile_name": "aws_dbt_snowflake_project", "target_name": "dev", "connection_name": "list_AIRBNB_silver"} */;
[0m11:31:56.652892 [debug] [ThreadPool]: SQL status: SUCCESS 3 in 0.193 seconds
[0m11:31:56.661016 [debug] [ThreadPool]: Using snowflake connection "list_AIRBNB_silver"
[0m11:31:56.661916 [debug] [ThreadPool]: On list_AIRBNB_silver: show user functions in AIRBNB.silver
/* {"app": "dbt", "dbt_version": "1.12.5", "profile_name": "aws_dbt_snowflake_project", "target_name": "dev", "connection_name": "list_AIRBNB_silver"} */
[0m11:31:57.067827 [debug] [ThreadPool]: SQL status: SUCCESS 0 in 0.405 seconds
[0m11:31:57.076744 [debug] [MainThread]: Sending event: {'category': 'dbt', 'action': 'runnable_timing', 'label': '0fc5aa69-2e8e-4aee-a559-316086b9bc94', 'context': [<snowplow_tracker.self_describing_json.SelfDescribingJson object at 0x0000021EDD41E000>]}
[0m11:31:57.090145 [debug] [Thread-2 (]: Began running node model.aws_dbt_snowflake_project.bronze_bookings
[0m11:31:57.090998 [info ] [Thread-2 (]: 1 of 7 START sql incremental model bronze.bronze_bookings ...................... [RUN]
[0m11:31:57.092084 [debug] [Thread-2 (]: Acquiring new snowflake connection 'model.aws_dbt_snowflake_project.bronze_bookings'
[0m11:31:57.092927 [debug] [Thread-2 (]: Began compiling node model.aws_dbt_snowflake_project.bronze_bookings
[0m11:31:57.113446 [debug] [Thread-2 (]: Writing injected SQL for node "model.aws_dbt_snowflake_project.bronze_bookings"
[0m11:31:57.115586 [debug] [Thread-2 (]: Began executing node model.aws_dbt_snowflake_project.bronze_bookings
[0m11:31:57.242411 [debug] [Thread-2 (]: Using snowflake connection "model.aws_dbt_snowflake_project.bronze_bookings"
[0m11:31:57.244089 [debug] [Thread-2 (]: On model.aws_dbt_snowflake_project.bronze_bookings: create or replace  temporary view AIRBNB.bronze.bronze_bookings__dbt_tmp
  
  
  
  
  as (
    


SELECT * FROM  AIRBNB.staging.bookings


    WHERE CREATED_AT > (SELECT COALESCE(MAX(CREATED_AT), '1900-01-01') FROM AIRBNB.bronze.bronze_bookings)

  )
/* {"app": "dbt", "dbt_version": "1.12.5", "profile_name": "aws_dbt_snowflake_project", "target_name": "dev", "node_id": "model.aws_dbt_snowflake_project.bronze_bookings"} */;
[0m11:31:57.245094 [debug] [Thread-2 (]: Opening a new connection, currently in state init
[0m11:31:58.416831 [debug] [Thread-2 (]: SQL status: SUCCESS 1 in 1.171 seconds
[0m11:31:58.440344 [debug] [Thread-2 (]: Using snowflake connection "model.aws_dbt_snowflake_project.bronze_bookings"
[0m11:31:58.441215 [debug] [Thread-2 (]: On model.aws_dbt_snowflake_project.bronze_bookings: describe table AIRBNB.bronze.bronze_bookings__dbt_tmp
/* {"app": "dbt", "dbt_version": "1.12.5", "profile_name": "aws_dbt_snowflake_project", "target_name": "dev", "node_id": "model.aws_dbt_snowflake_project.bronze_bookings"} */
[0m11:31:58.697926 [debug] [Thread-2 (]: SQL status: SUCCESS 9 in 0.256 seconds
[0m11:31:58.706044 [debug] [Thread-2 (]: Using snowflake connection "model.aws_dbt_snowflake_project.bronze_bookings"
[0m11:31:58.707080 [debug] [Thread-2 (]: On model.aws_dbt_snowflake_project.bronze_bookings: describe table AIRBNB.bronze.bronze_bookings
/* {"app": "dbt", "dbt_version": "1.12.5", "profile_name": "aws_dbt_snowflake_project", "target_name": "dev", "node_id": "model.aws_dbt_snowflake_project.bronze_bookings"} */
[0m11:31:58.908495 [debug] [Thread-2 (]: SQL status: SUCCESS 9 in 0.200 seconds
[0m11:31:58.923758 [debug] [Thread-2 (]: Using snowflake connection "model.aws_dbt_snowflake_project.bronze_bookings"
[0m11:31:58.924373 [debug] [Thread-2 (]: On model.aws_dbt_snowflake_project.bronze_bookings: describe table "AIRBNB"."BRONZE"."BRONZE_BOOKINGS"
/* {"app": "dbt", "dbt_version": "1.12.5", "profile_name": "aws_dbt_snowflake_project", "target_name": "dev", "node_id": "model.aws_dbt_snowflake_project.bronze_bookings"} */
[0m11:31:59.108664 [debug] [Thread-2 (]: SQL status: SUCCESS 9 in 0.183 seconds
[0m11:31:59.149049 [debug] [Thread-2 (]: Writing runtime sql for node "model.aws_dbt_snowflake_project.bronze_bookings"
[0m11:31:59.152954 [debug] [Thread-2 (]: Using snowflake connection "model.aws_dbt_snowflake_project.bronze_bookings"
[0m11:31:59.153629 [debug] [Thread-2 (]: On model.aws_dbt_snowflake_project.bronze_bookings: -- back compat for old kwarg name
  
  begin
/* {"app": "dbt", "dbt_version": "1.12.5", "profile_name": "aws_dbt_snowflake_project", "target_name": "dev", "node_id": "model.aws_dbt_snowflake_project.bronze_bookings"} */;
[0m11:31:59.337461 [debug] [Thread-2 (]: SQL status: SUCCESS 1 in 0.183 seconds
[0m11:31:59.338318 [debug] [Thread-2 (]: Using snowflake connection "model.aws_dbt_snowflake_project.bronze_bookings"
[0m11:31:59.339059 [debug] [Thread-2 (]: On model.aws_dbt_snowflake_project.bronze_bookings: insert into AIRBNB.bronze.bronze_bookings ("BOOKING_ID", "LISTING_ID", "BOOKING_DATE", "NIGHTS_BOOKED", "BOOKING_AMOUNT", "CLEANING_FEE", "SERVICE_FEE", "BOOKING_STATUS", "CREATED_AT")
        (
            select "BOOKING_ID", "LISTING_ID", "BOOKING_DATE", "NIGHTS_BOOKED", "BOOKING_AMOUNT", "CLEANING_FEE", "SERVICE_FEE", "BOOKING_STATUS", "CREATED_AT"
            from AIRBNB.bronze.bronze_bookings__dbt_tmp
        )
/* {"app": "dbt", "dbt_version": "1.12.5", "profile_name": "aws_dbt_snowflake_project", "target_name": "dev", "node_id": "model.aws_dbt_snowflake_project.bronze_bookings"} */;
[0m11:32:00.170950 [debug] [Thread-2 (]: SQL status: SUCCESS 0 in 0.831 seconds
[0m11:32:00.172583 [debug] [Thread-2 (]: Using snowflake connection "model.aws_dbt_snowflake_project.bronze_bookings"
[0m11:32:00.173896 [debug] [Thread-2 (]: On model.aws_dbt_snowflake_project.bronze_bookings: COMMIT
/* {"app": "dbt", "dbt_version": "1.12.5", "profile_name": "aws_dbt_snowflake_project", "target_name": "dev", "node_id": "model.aws_dbt_snowflake_project.bronze_bookings"} */
[0m11:32:00.370447 [debug] [Thread-2 (]: SQL status: SUCCESS 1 in 0.195 seconds
[0m11:32:00.392597 [debug] [Thread-2 (]: Applying DROP to: AIRBNB.bronze.bronze_bookings__dbt_tmp
[0m11:32:00.404388 [debug] [Thread-2 (]: Using snowflake connection "model.aws_dbt_snowflake_project.bronze_bookings"
[0m11:32:00.404999 [debug] [Thread-2 (]: On model.aws_dbt_snowflake_project.bronze_bookings: drop view if exists AIRBNB.bronze.bronze_bookings__dbt_tmp cascade
/* {"app": "dbt", "dbt_version": "1.12.5", "profile_name": "aws_dbt_snowflake_project", "target_name": "dev", "node_id": "model.aws_dbt_snowflake_project.bronze_bookings"} */
[0m11:32:00.632478 [debug] [Thread-2 (]: SQL status: SUCCESS 1 in 0.227 seconds
[0m11:32:00.677441 [debug] [Thread-2 (]: Sending event: {'category': 'dbt', 'action': 'run_model', 'label': '0fc5aa69-2e8e-4aee-a559-316086b9bc94', 'context': [<snowplow_tracker.self_describing_json.SelfDescribingJson object at 0x0000021EDD46CB90>]}
[0m11:32:00.678647 [info ] [Thread-2 (]: 1 of 7 OK created sql incremental model bronze.bronze_bookings ................. [[32mSUCCESS 0[0m in 3.58s]
[0m11:32:00.679950 [debug] [Thread-2 (]: Finished running node model.aws_dbt_snowflake_project.bronze_bookings
[0m11:32:00.680886 [debug] [Thread-2 (]: Began running node model.aws_dbt_snowflake_project.bronze_hosts
[0m11:32:00.681765 [info ] [Thread-2 (]: 2 of 7 START sql incremental model bronze.bronze_hosts ......................... [RUN]
[0m11:32:00.682565 [debug] [Thread-2 (]: Re-using an available connection from the pool (formerly model.aws_dbt_snowflake_project.bronze_bookings, now model.aws_dbt_snowflake_project.bronze_hosts)
[0m11:32:00.683064 [debug] [Thread-2 (]: Began compiling node model.aws_dbt_snowflake_project.bronze_hosts
[0m11:32:00.686199 [debug] [Thread-2 (]: Writing injected SQL for node "model.aws_dbt_snowflake_project.bronze_hosts"
[0m11:32:00.688201 [debug] [Thread-2 (]: Began executing node model.aws_dbt_snowflake_project.bronze_hosts
[0m11:32:00.693148 [debug] [Thread-2 (]: Using snowflake connection "model.aws_dbt_snowflake_project.bronze_hosts"
[0m11:32:00.694039 [debug] [Thread-2 (]: On model.aws_dbt_snowflake_project.bronze_hosts: create or replace  temporary view AIRBNB.bronze.bronze_hosts__dbt_tmp
  
  
  
  
  as (
    


SELECT * FROM  AIRBNB.staging.hosts


    WHERE CREATED_AT > (SELECT COALESCE(MAX(CREATED_AT), '1900-01-01') FROM AIRBNB.bronze.bronze_hosts)

  )
/* {"app": "dbt", "dbt_version": "1.12.5", "profile_name": "aws_dbt_snowflake_project", "target_name": "dev", "node_id": "model.aws_dbt_snowflake_project.bronze_hosts"} */;
[0m11:32:01.244069 [debug] [Thread-2 (]: SQL status: SUCCESS 1 in 0.549 seconds
[0m11:32:01.247004 [debug] [Thread-2 (]: Using snowflake connection "model.aws_dbt_snowflake_project.bronze_hosts"
[0m11:32:01.247616 [debug] [Thread-2 (]: On model.aws_dbt_snowflake_project.bronze_hosts: describe table AIRBNB.bronze.bronze_hosts__dbt_tmp
/* {"app": "dbt", "dbt_version": "1.12.5", "profile_name": "aws_dbt_snowflake_project", "target_name": "dev", "node_id": "model.aws_dbt_snowflake_project.bronze_hosts"} */
[0m11:32:01.462645 [debug] [Thread-2 (]: SQL status: SUCCESS 6 in 0.214 seconds
[0m11:32:01.469547 [debug] [Thread-2 (]: Using snowflake connection "model.aws_dbt_snowflake_project.bronze_hosts"
[0m11:32:01.470559 [debug] [Thread-2 (]: On model.aws_dbt_snowflake_project.bronze_hosts: describe table AIRBNB.bronze.bronze_hosts
/* {"app": "dbt", "dbt_version": "1.12.5", "profile_name": "aws_dbt_snowflake_project", "target_name": "dev", "node_id": "model.aws_dbt_snowflake_project.bronze_hosts"} */
[0m11:32:01.665456 [debug] [Thread-2 (]: SQL status: SUCCESS 6 in 0.194 seconds
[0m11:32:01.673184 [debug] [Thread-2 (]: Using snowflake connection "model.aws_dbt_snowflake_project.bronze_hosts"
[0m11:32:01.674310 [debug] [Thread-2 (]: On model.aws_dbt_snowflake_project.bronze_hosts: describe table "AIRBNB"."BRONZE"."BRONZE_HOSTS"
/* {"app": "dbt", "dbt_version": "1.12.5", "profile_name": "aws_dbt_snowflake_project", "target_name": "dev", "node_id": "model.aws_dbt_snowflake_project.bronze_hosts"} */
[0m11:32:01.963678 [debug] [Thread-2 (]: SQL status: SUCCESS 6 in 0.288 seconds
[0m11:32:01.975747 [debug] [Thread-2 (]: Writing runtime sql for node "model.aws_dbt_snowflake_project.bronze_hosts"
[0m11:32:01.986223 [debug] [Thread-2 (]: Using snowflake connection "model.aws_dbt_snowflake_project.bronze_hosts"
[0m11:32:01.988612 [debug] [Thread-2 (]: On model.aws_dbt_snowflake_project.bronze_hosts: -- back compat for old kwarg name
  
  begin
/* {"app": "dbt", "dbt_version": "1.12.5", "profile_name": "aws_dbt_snowflake_project", "target_name": "dev", "node_id": "model.aws_dbt_snowflake_project.bronze_hosts"} */;
[0m11:32:02.278073 [debug] [Thread-2 (]: SQL status: SUCCESS 1 in 0.288 seconds
[0m11:32:02.278942 [debug] [Thread-2 (]: Using snowflake connection "model.aws_dbt_snowflake_project.bronze_hosts"
[0m11:32:02.279587 [debug] [Thread-2 (]: On model.aws_dbt_snowflake_project.bronze_hosts: insert into AIRBNB.bronze.bronze_hosts ("HOST_ID", "HOST_NAME", "HOST_SINCE", "IS_SUPERHOST", "RESPONSE_RATE", "CREATED_AT")
        (
            select "HOST_ID", "HOST_NAME", "HOST_SINCE", "IS_SUPERHOST", "RESPONSE_RATE", "CREATED_AT"
            from AIRBNB.bronze.bronze_hosts__dbt_tmp
        )
/* {"app": "dbt", "dbt_version": "1.12.5", "profile_name": "aws_dbt_snowflake_project", "target_name": "dev", "node_id": "model.aws_dbt_snowflake_project.bronze_hosts"} */;
[0m11:32:02.833667 [debug] [Thread-2 (]: SQL status: SUCCESS 0 in 0.553 seconds
[0m11:32:02.835244 [debug] [Thread-2 (]: Using snowflake connection "model.aws_dbt_snowflake_project.bronze_hosts"
[0m11:32:02.836252 [debug] [Thread-2 (]: On model.aws_dbt_snowflake_project.bronze_hosts: COMMIT
/* {"app": "dbt", "dbt_version": "1.12.5", "profile_name": "aws_dbt_snowflake_project", "target_name": "dev", "node_id": "model.aws_dbt_snowflake_project.bronze_hosts"} */
[0m11:32:03.035978 [debug] [Thread-2 (]: SQL status: SUCCESS 1 in 0.198 seconds
[0m11:32:03.047114 [debug] [Thread-2 (]: Applying DROP to: AIRBNB.bronze.bronze_hosts__dbt_tmp
[0m11:32:03.049490 [debug] [Thread-2 (]: Using snowflake connection "model.aws_dbt_snowflake_project.bronze_hosts"
[0m11:32:03.050436 [debug] [Thread-2 (]: On model.aws_dbt_snowflake_project.bronze_hosts: drop view if exists AIRBNB.bronze.bronze_hosts__dbt_tmp cascade
/* {"app": "dbt", "dbt_version": "1.12.5", "profile_name": "aws_dbt_snowflake_project", "target_name": "dev", "node_id": "model.aws_dbt_snowflake_project.bronze_hosts"} */
[0m11:32:03.317174 [debug] [Thread-2 (]: SQL status: SUCCESS 1 in 0.266 seconds
[0m11:32:03.323415 [debug] [Thread-2 (]: Sending event: {'category': 'dbt', 'action': 'run_model', 'label': '0fc5aa69-2e8e-4aee-a559-316086b9bc94', 'context': [<snowplow_tracker.self_describing_json.SelfDescribingJson object at 0x0000021EDD654940>]}
[0m11:32:03.325163 [info ] [Thread-2 (]: 2 of 7 OK created sql incremental model bronze.bronze_hosts .................... [[32mSUCCESS 0[0m in 2.64s]
[0m11:32:03.327059 [debug] [Thread-2 (]: Finished running node model.aws_dbt_snowflake_project.bronze_hosts
[0m11:32:03.328052 [debug] [Thread-2 (]: Began running node model.aws_dbt_snowflake_project.bronze_listings
[0m11:32:03.329575 [info ] [Thread-2 (]: 3 of 7 START sql incremental model bronze.bronze_listings ...................... [RUN]
[0m11:32:03.330989 [debug] [Thread-2 (]: Re-using an available connection from the pool (formerly model.aws_dbt_snowflake_project.bronze_hosts, now model.aws_dbt_snowflake_project.bronze_listings)
[0m11:32:03.332035 [debug] [Thread-2 (]: Began compiling node model.aws_dbt_snowflake_project.bronze_listings
[0m11:32:03.338362 [debug] [Thread-2 (]: Writing injected SQL for node "model.aws_dbt_snowflake_project.bronze_listings"
[0m11:32:03.340504 [debug] [Thread-2 (]: Began executing node model.aws_dbt_snowflake_project.bronze_listings
[0m11:32:03.349359 [debug] [Thread-2 (]: Using snowflake connection "model.aws_dbt_snowflake_project.bronze_listings"
[0m11:32:03.350225 [debug] [Thread-2 (]: On model.aws_dbt_snowflake_project.bronze_listings: create or replace  temporary view AIRBNB.bronze.bronze_listings__dbt_tmp
  
  
  
  
  as (
    


SELECT * FROM  AIRBNB.staging.listings


    WHERE CREATED_AT > (SELECT COALESCE(MAX(CREATED_AT), '1900-01-01') FROM AIRBNB.bronze.bronze_listings)

  )
/* {"app": "dbt", "dbt_version": "1.12.5", "profile_name": "aws_dbt_snowflake_project", "target_name": "dev", "node_id": "model.aws_dbt_snowflake_project.bronze_listings"} */;
[0m11:32:03.662576 [debug] [Thread-2 (]: SQL status: SUCCESS 1 in 0.311 seconds
[0m11:32:03.667279 [debug] [Thread-2 (]: Using snowflake connection "model.aws_dbt_snowflake_project.bronze_listings"
[0m11:32:03.668213 [debug] [Thread-2 (]: On model.aws_dbt_snowflake_project.bronze_listings: describe table AIRBNB.bronze.bronze_listings__dbt_tmp
/* {"app": "dbt", "dbt_version": "1.12.5", "profile_name": "aws_dbt_snowflake_project", "target_name": "dev", "node_id": "model.aws_dbt_snowflake_project.bronze_listings"} */
[0m11:32:03.905165 [debug] [Thread-2 (]: SQL status: SUCCESS 11 in 0.236 seconds
[0m11:32:03.910753 [debug] [Thread-2 (]: Using snowflake connection "model.aws_dbt_snowflake_project.bronze_listings"
[0m11:32:03.912058 [debug] [Thread-2 (]: On model.aws_dbt_snowflake_project.bronze_listings: describe table AIRBNB.bronze.bronze_listings
/* {"app": "dbt", "dbt_version": "1.12.5", "profile_name": "aws_dbt_snowflake_project", "target_name": "dev", "node_id": "model.aws_dbt_snowflake_project.bronze_listings"} */
[0m11:32:04.120656 [debug] [Thread-2 (]: SQL status: SUCCESS 11 in 0.208 seconds
[0m11:32:04.126080 [debug] [Thread-2 (]: Using snowflake connection "model.aws_dbt_snowflake_project.bronze_listings"
[0m11:32:04.127950 [debug] [Thread-2 (]: On model.aws_dbt_snowflake_project.bronze_listings: describe table "AIRBNB"."BRONZE"."BRONZE_LISTINGS"
/* {"app": "dbt", "dbt_version": "1.12.5", "profile_name": "aws_dbt_snowflake_project", "target_name": "dev", "node_id": "model.aws_dbt_snowflake_project.bronze_listings"} */
[0m11:32:04.326894 [debug] [Thread-2 (]: SQL status: SUCCESS 11 in 0.197 seconds
[0m11:32:04.333786 [debug] [Thread-2 (]: Writing runtime sql for node "model.aws_dbt_snowflake_project.bronze_listings"
[0m11:32:04.337725 [debug] [Thread-2 (]: Using snowflake connection "model.aws_dbt_snowflake_project.bronze_listings"
[0m11:32:04.338598 [debug] [Thread-2 (]: On model.aws_dbt_snowflake_project.bronze_listings: -- back compat for old kwarg name
  
  begin
/* {"app": "dbt", "dbt_version": "1.12.5", "profile_name": "aws_dbt_snowflake_project", "target_name": "dev", "node_id": "model.aws_dbt_snowflake_project.bronze_listings"} */;
[0m11:32:04.533012 [debug] [Thread-2 (]: SQL status: SUCCESS 1 in 0.193 seconds
[0m11:32:04.535080 [debug] [Thread-2 (]: Using snowflake connection "model.aws_dbt_snowflake_project.bronze_listings"
[0m11:32:04.537062 [debug] [Thread-2 (]: On model.aws_dbt_snowflake_project.bronze_listings: insert into AIRBNB.bronze.bronze_listings ("LISTING_ID", "HOST_ID", "PROPERTY_TYPE", "ROOM_TYPE", "CITY", "COUNTRY", "ACCOMMODATES", "BEDROOMS", "BATHROOMS", "PRICE_PER_NIGHT", "CREATED_AT")
        (
            select "LISTING_ID", "HOST_ID", "PROPERTY_TYPE", "ROOM_TYPE", "CITY", "COUNTRY", "ACCOMMODATES", "BEDROOMS", "BATHROOMS", "PRICE_PER_NIGHT", "CREATED_AT"
            from AIRBNB.bronze.bronze_listings__dbt_tmp
        )
/* {"app": "dbt", "dbt_version": "1.12.5", "profile_name": "aws_dbt_snowflake_project", "target_name": "dev", "node_id": "model.aws_dbt_snowflake_project.bronze_listings"} */;
[0m11:32:06.312366 [debug] [Thread-2 (]: SQL status: SUCCESS 0 in 1.773 seconds
[0m11:32:06.315296 [debug] [Thread-2 (]: Using snowflake connection "model.aws_dbt_snowflake_project.bronze_listings"
[0m11:32:06.316949 [debug] [Thread-2 (]: On model.aws_dbt_snowflake_project.bronze_listings: COMMIT
/* {"app": "dbt", "dbt_version": "1.12.5", "profile_name": "aws_dbt_snowflake_project", "target_name": "dev", "node_id": "model.aws_dbt_snowflake_project.bronze_listings"} */
[0m11:32:06.522278 [debug] [Thread-2 (]: SQL status: SUCCESS 1 in 0.203 seconds
[0m11:32:06.532944 [debug] [Thread-2 (]: Applying DROP to: AIRBNB.bronze.bronze_listings__dbt_tmp
[0m11:32:06.535419 [debug] [Thread-2 (]: Using snowflake connection "model.aws_dbt_snowflake_project.bronze_listings"
[0m11:32:06.536386 [debug] [Thread-2 (]: On model.aws_dbt_snowflake_project.bronze_listings: drop view if exists AIRBNB.bronze.bronze_listings__dbt_tmp cascade
/* {"app": "dbt", "dbt_version": "1.12.5", "profile_name": "aws_dbt_snowflake_project", "target_name": "dev", "node_id": "model.aws_dbt_snowflake_project.bronze_listings"} */
[0m11:32:06.783438 [debug] [Thread-2 (]: SQL status: SUCCESS 1 in 0.246 seconds
[0m11:32:06.788416 [debug] [Thread-2 (]: Sending event: {'category': 'dbt', 'action': 'run_model', 'label': '0fc5aa69-2e8e-4aee-a559-316086b9bc94', 'context': [<snowplow_tracker.self_describing_json.SelfDescribingJson object at 0x0000021EDD741270>]}
[0m11:32:06.789658 [info ] [Thread-2 (]: 3 of 7 OK created sql incremental model bronze.bronze_listings ................. [[32mSUCCESS 0[0m in 3.46s]
[0m11:32:06.791671 [debug] [Thread-2 (]: Finished running node model.aws_dbt_snowflake_project.bronze_listings
[0m11:32:06.792803 [debug] [Thread-2 (]: Began running node model.aws_dbt_snowflake_project.obt
[0m11:32:06.794012 [info ] [Thread-2 (]: 4 of 7 START sql table model gold.obt .......................................... [RUN]
[0m11:32:06.795127 [debug] [Thread-2 (]: Re-using an available connection from the pool (formerly model.aws_dbt_snowflake_project.bronze_listings, now model.aws_dbt_snowflake_project.obt)
[0m11:32:06.795783 [debug] [Thread-2 (]: Began compiling node model.aws_dbt_snowflake_project.obt
[0m11:32:06.803160 [debug] [Thread-2 (]: Writing injected SQL for node "model.aws_dbt_snowflake_project.obt"
[0m11:32:06.805624 [debug] [Thread-2 (]: Began executing node model.aws_dbt_snowflake_project.obt
[0m11:32:06.855061 [debug] [Thread-2 (]: Writing runtime sql for node "model.aws_dbt_snowflake_project.obt"
[0m11:32:06.859488 [debug] [Thread-2 (]: Using snowflake connection "model.aws_dbt_snowflake_project.obt"
[0m11:32:06.860590 [debug] [Thread-2 (]: On model.aws_dbt_snowflake_project.obt: create or replace transient table AIRBNB.gold.obt
    
    
    
    
    

    as (



SELECT 
    
        SILVER_bookings.*,
    
        SILVER_listings.HOST_ID, SILVER_listings.PROPERTY_TYPE, SILVER_listings.ROOM_TYPE, SILVER_listings.CITY, SILVER_listings.COUNTRY, SILVER_listings.ACCOMMODATES, SILVER_listings.BEDROOMS, SILVER_listings.BATHROOMS, SILVER_listings.PRICE_PER_NIGHT, silver_listings.PRICE_PER_NIGHT_TAG, SILVER_listings.CREATED_AT AS LISTING_CREATED_AT,
    
        SILVER_hosts.HOST_NAME, SILVER_hosts.HOST_SINCE, SILVER_hosts.IS_SUPERHOST, SILVER_hosts.RESPONSE_RATE, SILVER_hosts.RESPONSE_RATE_QUALITY, SILVER_hosts.CREATED_AT AS HOST_CREATED_AT
    
FROM
    
    
      AIRBNB.SILVER.SILVER_BOOKINGS AS SILVER_bookings
    
        
    
        LEFT JOIN AIRBNB.SILVER.SILVER_LISTINGS AS SILVER_listings
        ON SILVER_bookings.listing_id = SILVER_listings.listing_id
        
        
    
        LEFT JOIN AIRBNB.SILVER.SILVER_HOSTS AS SILVER_hosts
        ON SILVER_listings.host_id = SILVER_hosts.host_id
        
        
    )

/* {"app": "dbt", "dbt_version": "1.12.5", "profile_name": "aws_dbt_snowflake_project", "target_name": "dev", "node_id": "model.aws_dbt_snowflake_project.obt"} */;
[0m11:32:07.937780 [debug] [Thread-2 (]: SQL status: SUCCESS 5000 in 1.076 seconds
[0m11:32:07.944700 [debug] [Thread-2 (]: Sending event: {'category': 'dbt', 'action': 'run_model', 'label': '0fc5aa69-2e8e-4aee-a559-316086b9bc94', 'context': [<snowplow_tracker.self_describing_json.SelfDescribingJson object at 0x0000021EDD7BB550>]}
[0m11:32:07.947281 [info ] [Thread-2 (]: 4 of 7 OK created sql table model gold.obt ..................................... [[32mSUCCESS 5000[0m in 1.15s]
[0m11:32:07.949304 [debug] [Thread-2 (]: Finished running node model.aws_dbt_snowflake_project.obt
[0m11:32:07.950281 [debug] [Thread-2 (]: Began running node model.aws_dbt_snowflake_project.silver_bookings
[0m11:32:07.951198 [info ] [Thread-2 (]: 5 of 7 START sql incremental model silver.silver_bookings ...................... [RUN]
[0m11:32:07.952145 [debug] [Thread-2 (]: Re-using an available connection from the pool (formerly model.aws_dbt_snowflake_project.obt, now model.aws_dbt_snowflake_project.silver_bookings)
[0m11:32:07.952802 [debug] [Thread-2 (]: Began compiling node model.aws_dbt_snowflake_project.silver_bookings
[0m11:32:07.957449 [debug] [Thread-2 (]: Writing injected SQL for node "model.aws_dbt_snowflake_project.silver_bookings"
[0m11:32:07.962211 [debug] [Thread-2 (]: Began executing node model.aws_dbt_snowflake_project.silver_bookings
[0m11:32:07.970400 [debug] [Thread-2 (]: Using snowflake connection "model.aws_dbt_snowflake_project.silver_bookings"
[0m11:32:07.971368 [debug] [Thread-2 (]: On model.aws_dbt_snowflake_project.silver_bookings: create or replace  temporary view AIRBNB.silver.silver_bookings__dbt_tmp
  
  
  
  
  as (
    

select 
    BOOKING_ID,
    LISTING_ID,
    BOOKING_DATE,
    
    round(NIGHTS_BOOKED * BOOKING_AMOUNT,2)
 as TOTAL_BOOKING_PRICE ,
    SERVICE_FEE,
    CLEANING_FEE,
    BOOKING_STATUS,
    CREATED_AT 
FROM AIRBNB.bronze.bronze_bookings
  )
/* {"app": "dbt", "dbt_version": "1.12.5", "profile_name": "aws_dbt_snowflake_project", "target_name": "dev", "node_id": "model.aws_dbt_snowflake_project.silver_bookings"} */;
[0m11:32:08.263332 [debug] [Thread-2 (]: SQL status: SUCCESS 1 in 0.291 seconds
[0m11:32:08.266368 [debug] [Thread-2 (]: Using snowflake connection "model.aws_dbt_snowflake_project.silver_bookings"
[0m11:32:08.267112 [debug] [Thread-2 (]: On model.aws_dbt_snowflake_project.silver_bookings: describe table AIRBNB.silver.silver_bookings__dbt_tmp
/* {"app": "dbt", "dbt_version": "1.12.5", "profile_name": "aws_dbt_snowflake_project", "target_name": "dev", "node_id": "model.aws_dbt_snowflake_project.silver_bookings"} */
[0m11:32:08.442569 [debug] [Thread-2 (]: SQL status: SUCCESS 8 in 0.175 seconds
[0m11:32:08.446804 [debug] [Thread-2 (]: Using snowflake connection "model.aws_dbt_snowflake_project.silver_bookings"
[0m11:32:08.447633 [debug] [Thread-2 (]: On model.aws_dbt_snowflake_project.silver_bookings: describe table AIRBNB.silver.silver_bookings
/* {"app": "dbt", "dbt_version": "1.12.5", "profile_name": "aws_dbt_snowflake_project", "target_name": "dev", "node_id": "model.aws_dbt_snowflake_project.silver_bookings"} */
[0m11:32:08.719290 [debug] [Thread-2 (]: SQL status: SUCCESS 8 in 0.271 seconds
[0m11:32:08.722743 [debug] [Thread-2 (]: Using snowflake connection "model.aws_dbt_snowflake_project.silver_bookings"
[0m11:32:08.723243 [debug] [Thread-2 (]: On model.aws_dbt_snowflake_project.silver_bookings: describe table "AIRBNB"."SILVER"."SILVER_BOOKINGS"
/* {"app": "dbt", "dbt_version": "1.12.5", "profile_name": "aws_dbt_snowflake_project", "target_name": "dev", "node_id": "model.aws_dbt_snowflake_project.silver_bookings"} */
[0m11:32:08.923071 [debug] [Thread-2 (]: SQL status: SUCCESS 8 in 0.199 seconds
[0m11:32:08.958550 [debug] [Thread-2 (]: Writing runtime sql for node "model.aws_dbt_snowflake_project.silver_bookings"
[0m11:32:08.962895 [debug] [Thread-2 (]: Using snowflake connection "model.aws_dbt_snowflake_project.silver_bookings"
[0m11:32:08.963701 [debug] [Thread-2 (]: On model.aws_dbt_snowflake_project.silver_bookings: -- back compat for old kwarg name
  
  begin
/* {"app": "dbt", "dbt_version": "1.12.5", "profile_name": "aws_dbt_snowflake_project", "target_name": "dev", "node_id": "model.aws_dbt_snowflake_project.silver_bookings"} */;
[0m11:32:09.158569 [debug] [Thread-2 (]: SQL status: SUCCESS 1 in 0.194 seconds
[0m11:32:09.160275 [debug] [Thread-2 (]: Using snowflake connection "model.aws_dbt_snowflake_project.silver_bookings"
[0m11:32:09.161528 [debug] [Thread-2 (]: On model.aws_dbt_snowflake_project.silver_bookings: merge into AIRBNB.silver.silver_bookings as DBT_INTERNAL_DEST
        using AIRBNB.silver.silver_bookings__dbt_tmp as DBT_INTERNAL_SOURCE
        on ((DBT_INTERNAL_SOURCE.BOOKING_ID = DBT_INTERNAL_DEST.BOOKING_ID))

    
    when matched then update set
        "BOOKING_ID" = DBT_INTERNAL_SOURCE."BOOKING_ID","LISTING_ID" = DBT_INTERNAL_SOURCE."LISTING_ID","BOOKING_DATE" = DBT_INTERNAL_SOURCE."BOOKING_DATE","TOTAL_BOOKING_PRICE" = DBT_INTERNAL_SOURCE."TOTAL_BOOKING_PRICE","SERVICE_FEE" = DBT_INTERNAL_SOURCE."SERVICE_FEE","CLEANING_FEE" = DBT_INTERNAL_SOURCE."CLEANING_FEE","BOOKING_STATUS" = DBT_INTERNAL_SOURCE."BOOKING_STATUS","CREATED_AT" = DBT_INTERNAL_SOURCE."CREATED_AT"
    

    when not matched then insert
        ("BOOKING_ID", "LISTING_ID", "BOOKING_DATE", "TOTAL_BOOKING_PRICE", "SERVICE_FEE", "CLEANING_FEE", "BOOKING_STATUS", "CREATED_AT")
    values
        ("BOOKING_ID", "LISTING_ID", "BOOKING_DATE", "TOTAL_BOOKING_PRICE", "SERVICE_FEE", "CLEANING_FEE", "BOOKING_STATUS", "CREATED_AT")


/* {"app": "dbt", "dbt_version": "1.12.5", "profile_name": "aws_dbt_snowflake_project", "target_name": "dev", "node_id": "model.aws_dbt_snowflake_project.silver_bookings"} */;
[0m11:32:09.776418 [debug] [Thread-2 (]: SQL status: SUCCESS 5000 in 0.613 seconds
[0m11:32:09.777319 [debug] [Thread-2 (]: Using snowflake connection "model.aws_dbt_snowflake_project.silver_bookings"
[0m11:32:09.777996 [debug] [Thread-2 (]: On model.aws_dbt_snowflake_project.silver_bookings: COMMIT
/* {"app": "dbt", "dbt_version": "1.12.5", "profile_name": "aws_dbt_snowflake_project", "target_name": "dev", "node_id": "model.aws_dbt_snowflake_project.silver_bookings"} */
[0m11:32:10.078053 [debug] [Thread-2 (]: SQL status: SUCCESS 1 in 0.299 seconds
[0m11:32:10.080896 [debug] [Thread-2 (]: Applying DROP to: AIRBNB.silver.silver_bookings__dbt_tmp
[0m11:32:10.081925 [debug] [Thread-2 (]: Using snowflake connection "model.aws_dbt_snowflake_project.silver_bookings"
[0m11:32:10.082359 [debug] [Thread-2 (]: On model.aws_dbt_snowflake_project.silver_bookings: drop view if exists AIRBNB.silver.silver_bookings__dbt_tmp cascade
/* {"app": "dbt", "dbt_version": "1.12.5", "profile_name": "aws_dbt_snowflake_project", "target_name": "dev", "node_id": "model.aws_dbt_snowflake_project.silver_bookings"} */
[0m11:32:10.292167 [debug] [Thread-2 (]: SQL status: SUCCESS 1 in 0.209 seconds
[0m11:32:10.297087 [debug] [Thread-2 (]: Sending event: {'category': 'dbt', 'action': 'run_model', 'label': '0fc5aa69-2e8e-4aee-a559-316086b9bc94', 'context': [<snowplow_tracker.self_describing_json.SelfDescribingJson object at 0x0000021EDBEA9B00>]}
[0m11:32:10.298170 [info ] [Thread-2 (]: 5 of 7 OK created sql incremental model silver.silver_bookings ................. [[32mSUCCESS 5000[0m in 2.34s]
[0m11:32:10.299553 [debug] [Thread-2 (]: Finished running node model.aws_dbt_snowflake_project.silver_bookings
[0m11:32:10.300295 [debug] [Thread-2 (]: Began running node model.aws_dbt_snowflake_project.silver_hosts
[0m11:32:10.301117 [info ] [Thread-2 (]: 6 of 7 START sql incremental model silver.silver_hosts ......................... [RUN]
[0m11:32:10.302121 [debug] [Thread-2 (]: Re-using an available connection from the pool (formerly model.aws_dbt_snowflake_project.silver_bookings, now model.aws_dbt_snowflake_project.silver_hosts)
[0m11:32:10.302835 [debug] [Thread-2 (]: Began compiling node model.aws_dbt_snowflake_project.silver_hosts
[0m11:32:10.305909 [debug] [Thread-2 (]: Writing injected SQL for node "model.aws_dbt_snowflake_project.silver_hosts"
[0m11:32:10.309263 [debug] [Thread-2 (]: Began executing node model.aws_dbt_snowflake_project.silver_hosts
[0m11:32:10.315311 [debug] [Thread-2 (]: Using snowflake connection "model.aws_dbt_snowflake_project.silver_hosts"
[0m11:32:10.315961 [debug] [Thread-2 (]: On model.aws_dbt_snowflake_project.silver_hosts: create or replace  temporary view AIRBNB.silver.silver_hosts__dbt_tmp
  
  
  
  
  as (
    

SELECT 
    HOST_ID,
    REPLACE(HOST_NAME, ' ', '_') AS HOST_NAME,
    HOST_SINCE AS HOST_SINCE,
    IS_SUPERHOST AS IS_SUPERHOST,
    RESPONSE_RATE AS RESPONSE_RATE,
    CASE 
    WHEN RESPONSE_RATE > 95 THEN 'VERY GOOD'
    WHEN RESPONSE_RATE > 80 THEN 'GOOD'
    WHEN RESPONSE_RATE > 60 THEN 'FAIR' 
    ELSE 'POOR'
    END AS RESPONSE_RATE_QUALITY,
    CREATED_AT AS CREATED_AT
FROM 
    AIRBNB.bronze.bronze_hosts
  )
/* {"app": "dbt", "dbt_version": "1.12.5", "profile_name": "aws_dbt_snowflake_project", "target_name": "dev", "node_id": "model.aws_dbt_snowflake_project.silver_hosts"} */;
[0m11:32:10.604386 [debug] [Thread-2 (]: SQL status: SUCCESS 1 in 0.288 seconds
[0m11:32:10.607988 [debug] [Thread-2 (]: Using snowflake connection "model.aws_dbt_snowflake_project.silver_hosts"
[0m11:32:10.608701 [debug] [Thread-2 (]: On model.aws_dbt_snowflake_project.silver_hosts: describe table AIRBNB.silver.silver_hosts__dbt_tmp
/* {"app": "dbt", "dbt_version": "1.12.5", "profile_name": "aws_dbt_snowflake_project", "target_name": "dev", "node_id": "model.aws_dbt_snowflake_project.silver_hosts"} */
[0m11:32:10.783421 [debug] [Thread-2 (]: SQL status: SUCCESS 7 in 0.174 seconds
[0m11:32:10.791573 [debug] [Thread-2 (]: Using snowflake connection "model.aws_dbt_snowflake_project.silver_hosts"
[0m11:32:10.793232 [debug] [Thread-2 (]: On model.aws_dbt_snowflake_project.silver_hosts: describe table AIRBNB.silver.silver_hosts
/* {"app": "dbt", "dbt_version": "1.12.5", "profile_name": "aws_dbt_snowflake_project", "target_name": "dev", "node_id": "model.aws_dbt_snowflake_project.silver_hosts"} */
[0m11:32:10.970967 [debug] [Thread-2 (]: SQL status: SUCCESS 7 in 0.177 seconds
[0m11:32:10.976786 [debug] [Thread-2 (]: Using snowflake connection "model.aws_dbt_snowflake_project.silver_hosts"
[0m11:32:10.977376 [debug] [Thread-2 (]: On model.aws_dbt_snowflake_project.silver_hosts: describe table "AIRBNB"."SILVER"."SILVER_HOSTS"
/* {"app": "dbt", "dbt_version": "1.12.5", "profile_name": "aws_dbt_snowflake_project", "target_name": "dev", "node_id": "model.aws_dbt_snowflake_project.silver_hosts"} */
[0m11:32:11.141443 [debug] [Thread-2 (]: SQL status: SUCCESS 7 in 0.163 seconds
[0m11:32:11.147458 [debug] [Thread-2 (]: Writing runtime sql for node "model.aws_dbt_snowflake_project.silver_hosts"
[0m11:32:11.150526 [debug] [Thread-2 (]: Using snowflake connection "model.aws_dbt_snowflake_project.silver_hosts"
[0m11:32:11.151296 [debug] [Thread-2 (]: On model.aws_dbt_snowflake_project.silver_hosts: -- back compat for old kwarg name
  
  begin
/* {"app": "dbt", "dbt_version": "1.12.5", "profile_name": "aws_dbt_snowflake_project", "target_name": "dev", "node_id": "model.aws_dbt_snowflake_project.silver_hosts"} */;
[0m11:32:11.388251 [debug] [Thread-2 (]: SQL status: SUCCESS 1 in 0.236 seconds
[0m11:32:11.388985 [debug] [Thread-2 (]: Using snowflake connection "model.aws_dbt_snowflake_project.silver_hosts"
[0m11:32:11.389610 [debug] [Thread-2 (]: On model.aws_dbt_snowflake_project.silver_hosts: merge into AIRBNB.silver.silver_hosts as DBT_INTERNAL_DEST
        using AIRBNB.silver.silver_hosts__dbt_tmp as DBT_INTERNAL_SOURCE
        on ((DBT_INTERNAL_SOURCE.HOST_ID = DBT_INTERNAL_DEST.HOST_ID))

    
    when matched then update set
        "HOST_ID" = DBT_INTERNAL_SOURCE."HOST_ID","HOST_NAME" = DBT_INTERNAL_SOURCE."HOST_NAME","HOST_SINCE" = DBT_INTERNAL_SOURCE."HOST_SINCE","IS_SUPERHOST" = DBT_INTERNAL_SOURCE."IS_SUPERHOST","RESPONSE_RATE" = DBT_INTERNAL_SOURCE."RESPONSE_RATE","RESPONSE_RATE_QUALITY" = DBT_INTERNAL_SOURCE."RESPONSE_RATE_QUALITY","CREATED_AT" = DBT_INTERNAL_SOURCE."CREATED_AT"
    

    when not matched then insert
        ("HOST_ID", "HOST_NAME", "HOST_SINCE", "IS_SUPERHOST", "RESPONSE_RATE", "RESPONSE_RATE_QUALITY", "CREATED_AT")
    values
        ("HOST_ID", "HOST_NAME", "HOST_SINCE", "IS_SUPERHOST", "RESPONSE_RATE", "RESPONSE_RATE_QUALITY", "CREATED_AT")


/* {"app": "dbt", "dbt_version": "1.12.5", "profile_name": "aws_dbt_snowflake_project", "target_name": "dev", "node_id": "model.aws_dbt_snowflake_project.silver_hosts"} */;
[0m11:32:11.846533 [debug] [Thread-2 (]: SQL status: SUCCESS 200 in 0.456 seconds
[0m11:32:11.847703 [debug] [Thread-2 (]: Using snowflake connection "model.aws_dbt_snowflake_project.silver_hosts"
[0m11:32:11.848659 [debug] [Thread-2 (]: On model.aws_dbt_snowflake_project.silver_hosts: COMMIT
/* {"app": "dbt", "dbt_version": "1.12.5", "profile_name": "aws_dbt_snowflake_project", "target_name": "dev", "node_id": "model.aws_dbt_snowflake_project.silver_hosts"} */
[0m11:32:12.213370 [debug] [Thread-2 (]: SQL status: SUCCESS 1 in 0.364 seconds
[0m11:32:12.217924 [debug] [Thread-2 (]: Applying DROP to: AIRBNB.silver.silver_hosts__dbt_tmp
[0m11:32:12.219858 [debug] [Thread-2 (]: Using snowflake connection "model.aws_dbt_snowflake_project.silver_hosts"
[0m11:32:12.220784 [debug] [Thread-2 (]: On model.aws_dbt_snowflake_project.silver_hosts: drop view if exists AIRBNB.silver.silver_hosts__dbt_tmp cascade
/* {"app": "dbt", "dbt_version": "1.12.5", "profile_name": "aws_dbt_snowflake_project", "target_name": "dev", "node_id": "model.aws_dbt_snowflake_project.silver_hosts"} */
[0m11:32:12.426951 [debug] [Thread-2 (]: SQL status: SUCCESS 1 in 0.205 seconds
[0m11:32:12.432695 [debug] [Thread-2 (]: Sending event: {'category': 'dbt', 'action': 'run_model', 'label': '0fc5aa69-2e8e-4aee-a559-316086b9bc94', 'context': [<snowplow_tracker.self_describing_json.SelfDescribingJson object at 0x0000021EDD60DF70>]}
[0m11:32:12.434207 [info ] [Thread-2 (]: 6 of 7 OK created sql incremental model silver.silver_hosts .................... [[32mSUCCESS 200[0m in 2.13s]
[0m11:32:12.436221 [debug] [Thread-2 (]: Finished running node model.aws_dbt_snowflake_project.silver_hosts
[0m11:32:12.437272 [debug] [Thread-2 (]: Began running node model.aws_dbt_snowflake_project.silver_listings
[0m11:32:12.438521 [info ] [Thread-2 (]: 7 of 7 START sql incremental model silver.silver_listings ...................... [RUN]
[0m11:32:12.439614 [debug] [Thread-2 (]: Re-using an available connection from the pool (formerly model.aws_dbt_snowflake_project.silver_hosts, now model.aws_dbt_snowflake_project.silver_listings)
[0m11:32:12.440227 [debug] [Thread-2 (]: Began compiling node model.aws_dbt_snowflake_project.silver_listings
[0m11:32:12.455153 [debug] [Thread-2 (]: Writing injected SQL for node "model.aws_dbt_snowflake_project.silver_listings"
[0m11:32:12.458046 [debug] [Thread-2 (]: Began executing node model.aws_dbt_snowflake_project.silver_listings
[0m11:32:12.465871 [debug] [Thread-2 (]: Using snowflake connection "model.aws_dbt_snowflake_project.silver_listings"
[0m11:32:12.466872 [debug] [Thread-2 (]: On model.aws_dbt_snowflake_project.silver_listings: create or replace  temporary view AIRBNB.silver.silver_listings__dbt_tmp
  
  
  
  
  as (
    

SELECT 
    LISTING_ID,
    HOST_ID,
    PROPERTY_TYPE,
    ROOM_TYPE,
    CITY,
    COUNTRY,
    ACCOMMODATES,
    BEDROOMS,
    BATHROOMS,
    PRICE_PER_NIGHT,
    
    CASE 
        WHEN CAST(PRICE_PER_NIGHT AS INT) < 100 THEN 'low'
        WHEN CAST(PRICE_PER_NIGHT AS INT) < 200 THEN 'medium'
        ELSE 'high'
    END
 AS PRICE_PER_NIGHT_TAG,
    CREATED_AT
FROM 
    AIRBNB.bronze.bronze_listings
  )
/* {"app": "dbt", "dbt_version": "1.12.5", "profile_name": "aws_dbt_snowflake_project", "target_name": "dev", "node_id": "model.aws_dbt_snowflake_project.silver_listings"} */;
[0m11:32:12.828422 [debug] [Thread-2 (]: SQL status: SUCCESS 1 in 0.360 seconds
[0m11:32:12.834639 [debug] [Thread-2 (]: Using snowflake connection "model.aws_dbt_snowflake_project.silver_listings"
[0m11:32:12.835944 [debug] [Thread-2 (]: On model.aws_dbt_snowflake_project.silver_listings: describe table AIRBNB.silver.silver_listings__dbt_tmp
/* {"app": "dbt", "dbt_version": "1.12.5", "profile_name": "aws_dbt_snowflake_project", "target_name": "dev", "node_id": "model.aws_dbt_snowflake_project.silver_listings"} */
[0m11:32:13.044546 [debug] [Thread-2 (]: SQL status: SUCCESS 12 in 0.207 seconds
[0m11:32:13.052603 [debug] [Thread-2 (]: Using snowflake connection "model.aws_dbt_snowflake_project.silver_listings"
[0m11:32:13.053681 [debug] [Thread-2 (]: On model.aws_dbt_snowflake_project.silver_listings: describe table AIRBNB.silver.silver_listings
/* {"app": "dbt", "dbt_version": "1.12.5", "profile_name": "aws_dbt_snowflake_project", "target_name": "dev", "node_id": "model.aws_dbt_snowflake_project.silver_listings"} */
[0m11:32:13.239701 [debug] [Thread-2 (]: SQL status: SUCCESS 12 in 0.185 seconds
[0m11:32:13.252257 [debug] [Thread-2 (]: Using snowflake connection "model.aws_dbt_snowflake_project.silver_listings"
[0m11:32:13.254093 [debug] [Thread-2 (]: On model.aws_dbt_snowflake_project.silver_listings: describe table "AIRBNB"."SILVER"."SILVER_LISTINGS"
/* {"app": "dbt", "dbt_version": "1.12.5", "profile_name": "aws_dbt_snowflake_project", "target_name": "dev", "node_id": "model.aws_dbt_snowflake_project.silver_listings"} */
[0m11:32:13.447909 [debug] [Thread-2 (]: SQL status: SUCCESS 12 in 0.192 seconds
[0m11:32:13.464968 [debug] [Thread-2 (]: Writing runtime sql for node "model.aws_dbt_snowflake_project.silver_listings"
[0m11:32:13.469557 [debug] [Thread-2 (]: Using snowflake connection "model.aws_dbt_snowflake_project.silver_listings"
[0m11:32:13.470491 [debug] [Thread-2 (]: On model.aws_dbt_snowflake_project.silver_listings: -- back compat for old kwarg name
  
  begin
/* {"app": "dbt", "dbt_version": "1.12.5", "profile_name": "aws_dbt_snowflake_project", "target_name": "dev", "node_id": "model.aws_dbt_snowflake_project.silver_listings"} */;
[0m11:32:13.659277 [debug] [Thread-2 (]: SQL status: SUCCESS 1 in 0.188 seconds
[0m11:32:13.660855 [debug] [Thread-2 (]: Using snowflake connection "model.aws_dbt_snowflake_project.silver_listings"
[0m11:32:13.662808 [debug] [Thread-2 (]: On model.aws_dbt_snowflake_project.silver_listings: merge into AIRBNB.silver.silver_listings as DBT_INTERNAL_DEST
        using AIRBNB.silver.silver_listings__dbt_tmp as DBT_INTERNAL_SOURCE
        on ((DBT_INTERNAL_SOURCE.LISTING_ID = DBT_INTERNAL_DEST.LISTING_ID))

    
    when matched then update set
        "LISTING_ID" = DBT_INTERNAL_SOURCE."LISTING_ID","HOST_ID" = DBT_INTERNAL_SOURCE."HOST_ID","PROPERTY_TYPE" = DBT_INTERNAL_SOURCE."PROPERTY_TYPE","ROOM_TYPE" = DBT_INTERNAL_SOURCE."ROOM_TYPE","CITY" = DBT_INTERNAL_SOURCE."CITY","COUNTRY" = DBT_INTERNAL_SOURCE."COUNTRY","ACCOMMODATES" = DBT_INTERNAL_SOURCE."ACCOMMODATES","BEDROOMS" = DBT_INTERNAL_SOURCE."BEDROOMS","BATHROOMS" = DBT_INTERNAL_SOURCE."BATHROOMS","PRICE_PER_NIGHT" = DBT_INTERNAL_SOURCE."PRICE_PER_NIGHT","PRICE_PER_NIGHT_TAG" = DBT_INTERNAL_SOURCE."PRICE_PER_NIGHT_TAG","CREATED_AT" = DBT_INTERNAL_SOURCE."CREATED_AT"
    

    when not matched then insert
        ("LISTING_ID", "HOST_ID", "PROPERTY_TYPE", "ROOM_TYPE", "CITY", "COUNTRY", "ACCOMMODATES", "BEDROOMS", "BATHROOMS", "PRICE_PER_NIGHT", "PRICE_PER_NIGHT_TAG", "CREATED_AT")
    values
        ("LISTING_ID", "HOST_ID", "PROPERTY_TYPE", "ROOM_TYPE", "CITY", "COUNTRY", "ACCOMMODATES", "BEDROOMS", "BATHROOMS", "PRICE_PER_NIGHT", "PRICE_PER_NIGHT_TAG", "CREATED_AT")


/* {"app": "dbt", "dbt_version": "1.12.5", "profile_name": "aws_dbt_snowflake_project", "target_name": "dev", "node_id": "model.aws_dbt_snowflake_project.silver_listings"} */;
[0m11:32:14.464601 [debug] [Thread-2 (]: SQL status: SUCCESS 500 in 0.800 seconds
[0m11:32:14.465349 [debug] [Thread-2 (]: Using snowflake connection "model.aws_dbt_snowflake_project.silver_listings"
[0m11:32:14.465909 [debug] [Thread-2 (]: On model.aws_dbt_snowflake_project.silver_listings: COMMIT
/* {"app": "dbt", "dbt_version": "1.12.5", "profile_name": "aws_dbt_snowflake_project", "target_name": "dev", "node_id": "model.aws_dbt_snowflake_project.silver_listings"} */
[0m11:32:14.775453 [debug] [Thread-2 (]: SQL status: SUCCESS 1 in 0.309 seconds
[0m11:32:14.778836 [debug] [Thread-2 (]: Applying DROP to: AIRBNB.silver.silver_listings__dbt_tmp
[0m11:32:14.779875 [debug] [Thread-2 (]: Using snowflake connection "model.aws_dbt_snowflake_project.silver_listings"
[0m11:32:14.780328 [debug] [Thread-2 (]: On model.aws_dbt_snowflake_project.silver_listings: drop view if exists AIRBNB.silver.silver_listings__dbt_tmp cascade
/* {"app": "dbt", "dbt_version": "1.12.5", "profile_name": "aws_dbt_snowflake_project", "target_name": "dev", "node_id": "model.aws_dbt_snowflake_project.silver_listings"} */
[0m11:32:14.985168 [debug] [Thread-2 (]: SQL status: SUCCESS 1 in 0.204 seconds
[0m11:32:14.988743 [debug] [Thread-2 (]: Sending event: {'category': 'dbt', 'action': 'run_model', 'label': '0fc5aa69-2e8e-4aee-a559-316086b9bc94', 'context': [<snowplow_tracker.self_describing_json.SelfDescribingJson object at 0x0000021EDD79EBD0>]}
[0m11:32:14.990502 [info ] [Thread-2 (]: 7 of 7 OK created sql incremental model silver.silver_listings ................. [[32mSUCCESS 500[0m in 2.55s]
[0m11:32:14.992008 [debug] [Thread-2 (]: Finished running node model.aws_dbt_snowflake_project.silver_listings
[0m11:32:14.994228 [debug] [MainThread]: Connection 'master' was properly closed.
[0m11:32:14.994910 [debug] [MainThread]: Connection 'create_AIRBNB_gold' was left open.
[0m11:32:14.995431 [debug] [MainThread]: On create_AIRBNB_gold: Close
[0m11:32:15.284517 [debug] [MainThread]: Connection 'list_AIRBNB_silver' was left open.
[0m11:32:15.285162 [debug] [MainThread]: On list_AIRBNB_silver: Close
[0m11:32:15.599688 [debug] [MainThread]: Connection 'model.aws_dbt_snowflake_project.silver_listings' was left open.
[0m11:32:15.601238 [debug] [MainThread]: On model.aws_dbt_snowflake_project.silver_listings: Close
[0m11:32:15.960733 [info ] [MainThread]: 
[0m11:32:15.961644 [info ] [MainThread]: Finished running 6 incremental models, 1 table model in 0 hours 0 minutes and 25.72 seconds (25.72s).
[0m11:32:15.966022 [debug] [MainThread]: Command end result
[0m11:32:16.132979 [debug] [MainThread]: Wrote artifact WritableManifest to C:\Users\samee\OneDrive\Desktop\aws_dbt_snowflake\aws_dbt_snowflake_project\target\manifest.json
[0m11:32:16.138236 [debug] [MainThread]: Wrote artifact SemanticManifest to C:\Users\samee\OneDrive\Desktop\aws_dbt_snowflake\aws_dbt_snowflake_project\target\semantic_manifest.json
[0m11:32:16.146955 [debug] [MainThread]: Wrote artifact OsiDocument to C:\Users\samee\OneDrive\Desktop\aws_dbt_snowflake\aws_dbt_snowflake_project\target\osi_document.json
[0m11:32:16.158799 [debug] [MainThread]: Wrote artifact RunExecutionResult to C:\Users\samee\OneDrive\Desktop\aws_dbt_snowflake\aws_dbt_snowflake_project\target\run_results.json
[0m11:32:16.159880 [info ] [MainThread]: 
[0m11:32:16.160790 [info ] [MainThread]: [32mCompleted successfully[0m
[0m11:32:16.162042 [info ] [MainThread]: 
[0m11:32:16.162923 [info ] [MainThread]: Done. PASS=7 WARN=0 ERROR=0 SKIP=0 NO-OP=0 REUSED=0 TOTAL=7
[0m11:32:16.164956 [debug] [MainThread]: Command `dbt run` succeeded at 11:32:16.164720 after 34.28 seconds
[0m11:32:16.165583 [debug] [MainThread]: Sending event: {'category': 'dbt', 'action': 'invocation', 'label': 'end', 'context': [<snowplow_tracker.self_describing_json.SelfDescribingJson object at 0x0000021EDA34AC30>, <snowplow_tracker.self_describing_json.SelfDescribingJson object at 0x0000021EDD60DEB0>, <snowplow_tracker.self_describing_json.SelfDescribingJson object at 0x0000021EDD60DD30>]}
[0m11:32:16.166155 [debug] [MainThread]: Flushing usage events
[0m11:32:17.846569 [debug] [MainThread]: An error was encountered while trying to flush usage events
[0m13:56:40.729647 [debug] [MainThread]: Sending event: {'category': 'dbt', 'action': 'invocation', 'label': 'start', 'context': [<snowplow_tracker.self_describing_json.SelfDescribingJson object at 0x0000023E66C8E900>, <snowplow_tracker.self_describing_json.SelfDescribingJson object at 0x0000023E692EFED0>, <snowplow_tracker.self_describing_json.SelfDescribingJson object at 0x0000023E692EFB10>]}


============================== 13:56:40.738229 | d0a05c05-1146-4fa7-a666-94d88f549bd7 ==============================
[0m13:56:40.738229 [info ] [MainThread]: Running with dbt=1.12.5
[0m13:56:40.739494 [debug] [MainThread]: running dbt with arguments {'version_check': 'True', 'no_print': 'None', 'maximum_seed_size_mib': '1', 'target_path': 'None', 'static_parser': 'True', 'warn_error_options': 'WarnErrorOptionsV2(error=[], warn=[], silence=[])', 'printer_width': '80', 'write_json': 'True', 'introspect': 'True', 'log_cache_events': 'False', 'empty': 'False', 'cache_selected_only': 'False', 'log_format': 'default', 'debug': 'False', 'fail_fast': 'False', 'profiles_dir': 'C:\\Users\\samee\\OneDrive\\Desktop\\aws_dbt_snowflake\\aws_dbt_snowflake_project', 'send_anonymous_usage_stats': 'True', 'quiet': 'False', 'warn_error': 'None', 'partial_parse': 'True', 'invocation_command': 'dbt snapshot', 'hints_enabled': 'True', 'indirect_selection': 'eager', 'use_experimental_parser': 'False', 'use_colors': 'True', 'log_path': 'C:\\Users\\samee\\OneDrive\\Desktop\\aws_dbt_snowflake\\aws_dbt_snowflake_project\\logs'}
[0m13:56:42.453222 [debug] [MainThread]: Snowflake adapter: Setting snowflake.connector to ERROR (file logging only)
[0m13:56:42.454428 [debug] [MainThread]: Snowflake adapter: Setting botocore to ERROR (file logging only)
[0m13:56:42.455585 [debug] [MainThread]: Snowflake adapter: Setting boto3 to ERROR (file logging only)
[0m13:56:44.564023 [debug] [MainThread]: Sending event: {'category': 'dbt', 'action': 'project_id', 'label': 'd0a05c05-1146-4fa7-a666-94d88f549bd7', 'context': [<snowplow_tracker.self_describing_json.SelfDescribingJson object at 0x0000023E671B2FD0>]}
[0m13:56:44.697961 [debug] [MainThread]: Sending event: {'category': 'dbt', 'action': 'adapter_info', 'label': 'd0a05c05-1146-4fa7-a666-94d88f549bd7', 'context': [<snowplow_tracker.self_describing_json.SelfDescribingJson object at 0x0000023E6780C380>]}
[0m13:56:44.705892 [info ] [MainThread]: Registered adapter: snowflake=1.12.1
[0m13:56:45.458496 [debug] [MainThread]: checksum: 0ee1a1dce6b94271f7f4877021b9467e87e858ea987b298e8ea9f7304295ef8e, vars: {}, profile: aws_dbt_snowflake_project, target: dev, version: 1.12.5
[0m13:56:45.757243 [debug] [MainThread]: Partial parsing enabled: 3 files deleted, 3 files added, 1 files changed.
[0m13:56:45.757929 [debug] [MainThread]: Partial parsing: added file: aws_dbt_snowflake_project://snapshots\dim_listings.yml
[0m13:56:45.758363 [debug] [MainThread]: Partial parsing: added file: aws_dbt_snowflake_project://snapshots\dim.hosts.yml
[0m13:56:45.758773 [debug] [MainThread]: Partial parsing: added file: aws_dbt_snowflake_project://snapshots\dim_bookings.yml
[0m13:56:45.759106 [debug] [MainThread]: Partial parsing: deleted file: aws_dbt_snowflake_project://snapshots\dim.hostings.sql
[0m13:56:45.759421 [debug] [MainThread]: Partial parsing: deleted file: aws_dbt_snowflake_project://snapshots\dim.hosts.sql
[0m13:56:45.759732 [debug] [MainThread]: Partial parsing: deleted file: aws_dbt_snowflake_project://snapshots\dim_listings.sql
[0m13:56:45.760187 [debug] [MainThread]: Partial parsing: updated file: aws_dbt_snowflake_project://models\gold\ephemeral\bookings.sql
[0m13:56:46.577873 [debug] [MainThread]: Sending event: {'category': 'dbt', 'action': 'load_project', 'label': 'd0a05c05-1146-4fa7-a666-94d88f549bd7', 'context': [<snowplow_tracker.self_describing_json.SelfDescribingJson object at 0x0000023E6C2B5D50>]}
[0m13:56:46.782824 [debug] [MainThread]: Wrote artifact WritableManifest to C:\Users\samee\OneDrive\Desktop\aws_dbt_snowflake\aws_dbt_snowflake_project\target\manifest.json
[0m13:56:46.806772 [debug] [MainThread]: Wrote artifact SemanticManifest to C:\Users\samee\OneDrive\Desktop\aws_dbt_snowflake\aws_dbt_snowflake_project\target\semantic_manifest.json
[0m13:56:46.899446 [debug] [MainThread]: Wrote artifact OsiDocument to C:\Users\samee\OneDrive\Desktop\aws_dbt_snowflake\aws_dbt_snowflake_project\target\osi_document.json
[0m13:56:46.947339 [debug] [MainThread]: Sending event: {'category': 'dbt', 'action': 'resource_counts', 'label': 'd0a05c05-1146-4fa7-a666-94d88f549bd7', 'context': [<snowplow_tracker.self_describing_json.SelfDescribingJson object at 0x0000023E6C2E3B60>]}
[0m13:56:46.948057 [info ] [MainThread]: Found 11 models, 2 analyses, 1 snapshot, 3 sources, 566 macros
[0m13:56:46.948817 [debug] [MainThread]: Sending event: {'category': 'dbt', 'action': 'runnable_timing', 'label': 'd0a05c05-1146-4fa7-a666-94d88f549bd7', 'context': [<snowplow_tracker.self_describing_json.SelfDescribingJson object at 0x0000023E6C4C3A10>]}
[0m13:56:46.951779 [info ] [MainThread]: 
[0m13:56:46.952457 [info ] [MainThread]: Concurrency: 1 threads (target='dev')
[0m13:56:46.953016 [info ] [MainThread]: 
[0m13:56:46.953940 [debug] [MainThread]: Acquiring new snowflake connection 'master'
[0m13:56:46.955374 [debug] [ThreadPool]: Acquiring new snowflake connection 'list_AIRBNB'
[0m13:56:47.004408 [debug] [ThreadPool]: Using snowflake connection "list_AIRBNB"
[0m13:56:47.005331 [debug] [ThreadPool]: On list_AIRBNB: show terse schemas in database AIRBNB
    limit 10000
/* {"app": "dbt", "dbt_version": "1.12.5", "profile_name": "aws_dbt_snowflake_project", "target_name": "dev", "connection_name": "list_AIRBNB"} */
[0m13:56:47.006612 [debug] [ThreadPool]: Opening a new connection, currently in state init
[0m13:56:48.867197 [debug] [ThreadPool]: SQL status: SUCCESS 8 in 1.860 seconds
[0m13:56:48.877749 [debug] [ThreadPool]: Acquiring new snowflake connection 'list_AIRBNB_silver'
[0m13:56:48.899568 [debug] [ThreadPool]: Using snowflake connection "list_AIRBNB_silver"
[0m13:56:48.900078 [debug] [ThreadPool]: On list_AIRBNB_silver: show objects in AIRBNB.silver
    limit 10000
    

/* {"app": "dbt", "dbt_version": "1.12.5", "profile_name": "aws_dbt_snowflake_project", "target_name": "dev", "connection_name": "list_AIRBNB_silver"} */;
[0m13:56:48.900545 [debug] [ThreadPool]: Opening a new connection, currently in state init
[0m13:56:49.782037 [debug] [ThreadPool]: SQL status: SUCCESS 3 in 0.881 seconds
[0m13:56:49.789380 [debug] [ThreadPool]: Using snowflake connection "list_AIRBNB_silver"
[0m13:56:49.789824 [debug] [ThreadPool]: On list_AIRBNB_silver: show user functions in AIRBNB.silver
/* {"app": "dbt", "dbt_version": "1.12.5", "profile_name": "aws_dbt_snowflake_project", "target_name": "dev", "connection_name": "list_AIRBNB_silver"} */
[0m13:56:50.267333 [debug] [ThreadPool]: SQL status: SUCCESS 0 in 0.477 seconds
[0m13:56:50.271165 [debug] [ThreadPool]: Re-using an available connection from the pool (formerly list_AIRBNB_silver, now list_AIRBNB_bronze)
[0m13:56:50.273846 [debug] [ThreadPool]: Using snowflake connection "list_AIRBNB_bronze"
[0m13:56:50.274494 [debug] [ThreadPool]: On list_AIRBNB_bronze: show objects in AIRBNB.bronze
    limit 10000
    

/* {"app": "dbt", "dbt_version": "1.12.5", "profile_name": "aws_dbt_snowflake_project", "target_name": "dev", "connection_name": "list_AIRBNB_bronze"} */;
[0m13:56:50.468712 [debug] [ThreadPool]: SQL status: SUCCESS 3 in 0.194 seconds
[0m13:56:50.472048 [debug] [ThreadPool]: Using snowflake connection "list_AIRBNB_bronze"
[0m13:56:50.472578 [debug] [ThreadPool]: On list_AIRBNB_bronze: show user functions in AIRBNB.bronze
/* {"app": "dbt", "dbt_version": "1.12.5", "profile_name": "aws_dbt_snowflake_project", "target_name": "dev", "connection_name": "list_AIRBNB_bronze"} */
[0m13:56:50.652742 [debug] [ThreadPool]: SQL status: SUCCESS 0 in 0.180 seconds
[0m13:56:50.657304 [debug] [ThreadPool]: Re-using an available connection from the pool (formerly list_AIRBNB_bronze, now list_AIRBNB_gold)
[0m13:56:50.661092 [debug] [ThreadPool]: Using snowflake connection "list_AIRBNB_gold"
[0m13:56:50.661786 [debug] [ThreadPool]: On list_AIRBNB_gold: show objects in AIRBNB.gold
    limit 10000
    

/* {"app": "dbt", "dbt_version": "1.12.5", "profile_name": "aws_dbt_snowflake_project", "target_name": "dev", "connection_name": "list_AIRBNB_gold"} */;
[0m13:56:51.160378 [debug] [ThreadPool]: SQL status: SUCCESS 1 in 0.498 seconds
[0m13:56:51.167732 [debug] [ThreadPool]: Using snowflake connection "list_AIRBNB_gold"
[0m13:56:51.168800 [debug] [ThreadPool]: On list_AIRBNB_gold: show user functions in AIRBNB.gold
/* {"app": "dbt", "dbt_version": "1.12.5", "profile_name": "aws_dbt_snowflake_project", "target_name": "dev", "connection_name": "list_AIRBNB_gold"} */
[0m13:56:51.328526 [debug] [ThreadPool]: SQL status: SUCCESS 0 in 0.159 seconds
[0m13:56:51.333900 [debug] [MainThread]: Sending event: {'category': 'dbt', 'action': 'runnable_timing', 'label': 'd0a05c05-1146-4fa7-a666-94d88f549bd7', 'context': [<snowplow_tracker.self_describing_json.SelfDescribingJson object at 0x0000023E6C6A2410>]}
[0m13:56:51.343365 [debug] [Thread-2 (]: Began running node snapshot.aws_dbt_snowflake_project.dim_bookings.yml
[0m13:56:51.344452 [info ] [Thread-2 (]: 1 of 1 START snapshot gold.dim_bookings.yml .................................... [RUN]
[0m13:56:51.345574 [debug] [Thread-2 (]: Acquiring new snowflake connection 'snapshot.aws_dbt_snowflake_project.dim_bookings.yml'
[0m13:56:51.346082 [debug] [Thread-2 (]: Began compiling node snapshot.aws_dbt_snowflake_project.dim_bookings.yml
[0m13:56:51.356114 [debug] [Thread-2 (]: Writing injected SQL for node "snapshot.aws_dbt_snowflake_project.dim_bookings.yml"
[0m13:56:51.359503 [debug] [Thread-2 (]: Writing injected SQL for node "snapshot.aws_dbt_snowflake_project.dim_bookings.yml"
[0m13:56:51.362896 [debug] [Thread-2 (]: Began executing node snapshot.aws_dbt_snowflake_project.dim_bookings.yml
[0m13:56:51.506894 [debug] [Thread-2 (]: Using snowflake connection "snapshot.aws_dbt_snowflake_project.dim_bookings.yml"
[0m13:56:51.507840 [debug] [Thread-2 (]: On snapshot.aws_dbt_snowflake_project.dim_bookings.yml: select * from (
        
    

    select *,
        md5(coalesce(cast(BOOKING_ID as varchar ), '')
         || '|' || coalesce(cast(CREATED_AT as varchar ), '')
        ) as dbt_scd_id,
        CREATED_AT as dbt_updated_at,
        CREATED_AT as dbt_valid_from,
        
  
  coalesce(nullif(CREATED_AT, CREATED_AT), to_date('9999-12-31'))
  as dbt_valid_to
from (
        with __dbt__cte__bookings as (


WITH bookings as (
    select 
        BOOKING_ID,
        BOOKING_DATE,
        BOOKING_STATUS,
        CREATED_AT

    fromAIRBNB.gold.obt
)
SELECT * FROM bookings
) select * from __dbt__cte__bookings
    ) sbq



    ) as __dbt_sbq
    where false
    limit 0
/* {"app": "dbt", "dbt_version": "1.12.5", "profile_name": "aws_dbt_snowflake_project", "target_name": "dev", "node_id": "snapshot.aws_dbt_snowflake_project.dim_bookings.yml"} */
/* {"app": "dbt", "dbt_version": "1.12.5", "profile_name": "aws_dbt_snowflake_project", "target_name": "dev", "node_id": "snapshot.aws_dbt_snowflake_project.dim_bookings.yml"} */
[0m13:56:51.508672 [debug] [Thread-2 (]: Opening a new connection, currently in state init
[0m13:56:52.303356 [debug] [Thread-2 (]: Snowflake adapter: Snowflake query id: 01c747fa-000e-043c-0002-3e520007e00e
[0m13:56:52.304161 [debug] [Thread-2 (]: Snowflake adapter: Snowflake error: 001003 (42000): SQL compilation error:
syntax error line 26 at position 14 unexpected '.'.
[0m13:56:52.318669 [debug] [Thread-2 (]: Database Error in snapshot dim_bookings.yml (snapshots\dim_bookings.yml)
  001003 (42000): SQL compilation error:
  syntax error line 26 at position 14 unexpected '.'.
[0m13:56:52.322859 [debug] [Thread-2 (]: Sending event: {'category': 'dbt', 'action': 'run_model', 'label': 'd0a05c05-1146-4fa7-a666-94d88f549bd7', 'context': [<snowplow_tracker.self_describing_json.SelfDescribingJson object at 0x0000023E6C6FA450>]}
[0m13:56:52.324419 [error] [Thread-2 (]: 1 of 1 ERROR snapshotting gold.dim_bookings.yml ................................ [[31mERROR[0m in 0.97s]
[0m13:56:52.325794 [debug] [Thread-2 (]: Finished running node snapshot.aws_dbt_snowflake_project.dim_bookings.yml
[0m13:56:52.326842 [debug] [Thread-5 (]: Marking all children of 'snapshot.aws_dbt_snowflake_project.dim_bookings.yml' to be skipped because of status 'error'.  Reason: Database Error in snapshot dim_bookings.yml (snapshots\dim_bookings.yml)
  001003 (42000): SQL compilation error:
  syntax error line 26 at position 14 unexpected '.'..
[0m13:56:52.329381 [debug] [MainThread]: Connection 'master' was properly closed.
[0m13:56:52.330042 [debug] [MainThread]: Connection 'list_AIRBNB' was left open.
[0m13:56:52.330617 [debug] [MainThread]: On list_AIRBNB: Close
[0m13:56:52.593932 [debug] [MainThread]: Connection 'list_AIRBNB_gold' was left open.
[0m13:56:52.594622 [debug] [MainThread]: On list_AIRBNB_gold: Close
[0m13:56:52.902017 [debug] [MainThread]: Connection 'snapshot.aws_dbt_snowflake_project.dim_bookings.yml' was left open.
[0m13:56:52.902767 [debug] [MainThread]: On snapshot.aws_dbt_snowflake_project.dim_bookings.yml: Close
[0m13:56:53.170033 [info ] [MainThread]: 
[0m13:56:53.170984 [info ] [MainThread]: Finished running 1 snapshot in 0 hours 0 minutes and 6.22 seconds (6.22s).
[0m13:56:53.172448 [debug] [MainThread]: Command end result
[0m13:56:53.243508 [debug] [MainThread]: Wrote artifact WritableManifest to C:\Users\samee\OneDrive\Desktop\aws_dbt_snowflake\aws_dbt_snowflake_project\target\manifest.json
[0m13:56:53.249738 [debug] [MainThread]: Wrote artifact SemanticManifest to C:\Users\samee\OneDrive\Desktop\aws_dbt_snowflake\aws_dbt_snowflake_project\target\semantic_manifest.json
[0m13:56:53.256090 [debug] [MainThread]: Wrote artifact OsiDocument to C:\Users\samee\OneDrive\Desktop\aws_dbt_snowflake\aws_dbt_snowflake_project\target\osi_document.json
[0m13:56:53.268327 [debug] [MainThread]: Wrote artifact RunExecutionResult to C:\Users\samee\OneDrive\Desktop\aws_dbt_snowflake\aws_dbt_snowflake_project\target\run_results.json
[0m13:56:53.269005 [info ] [MainThread]: 
[0m13:56:53.269937 [info ] [MainThread]: [31mCompleted with 1 error, 0 partial successes, and 0 warnings:[0m
[0m13:56:53.270621 [info ] [MainThread]: 
[0m13:56:53.271492 [error] [MainThread]: [[31mERROR[0m]: in snapshot dim_bookings.yml (snapshots\dim_bookings.yml)
[0m13:56:53.272338 [error] [MainThread]:   Database Error in snapshot dim_bookings.yml (snapshots\dim_bookings.yml)
  001003 (42000): SQL compilation error:
  syntax error line 26 at position 14 unexpected '.'.
[0m13:56:53.272923 [info ] [MainThread]: 
[0m13:56:53.273605 [info ] [MainThread]:   compiled code at target\compiled\aws_dbt_snowflake_project\snapshots\dim_bookings.yml\dim_bookings.yml.sql
[0m13:56:53.274287 [info ] [MainThread]: 
[0m13:56:53.275047 [info ] [MainThread]: Done. PASS=0 WARN=0 ERROR=1 SKIP=0 NO-OP=0 REUSED=0 TOTAL=1
[0m13:56:53.276864 [debug] [MainThread]: Command `dbt snapshot` failed at 13:56:53.276606 after 12.78 seconds
[0m13:56:53.277424 [debug] [MainThread]: Sending event: {'category': 'dbt', 'action': 'invocation', 'label': 'end', 'context': [<snowplow_tracker.self_describing_json.SelfDescribingJson object at 0x0000023E6C8433E0>, <snowplow_tracker.self_describing_json.SelfDescribingJson object at 0x0000023E6C50C870>, <snowplow_tracker.self_describing_json.SelfDescribingJson object at 0x0000023E6C4B44B0>]}
[0m13:56:53.277862 [debug] [MainThread]: Flushing usage events
[0m13:56:54.640735 [debug] [MainThread]: An error was encountered while trying to flush usage events
[0m13:58:32.102276 [debug] [MainThread]: Sending event: {'category': 'dbt', 'action': 'invocation', 'label': 'start', 'context': [<snowplow_tracker.self_describing_json.SelfDescribingJson object at 0x000002B1792FE900>, <snowplow_tracker.self_describing_json.SelfDescribingJson object at 0x000002B17B94FED0>, <snowplow_tracker.self_describing_json.SelfDescribingJson object at 0x000002B17B94FB10>]}


============================== 13:58:32.109041 | 386b214c-3cfa-4abd-aa38-5f4f5033ea6e ==============================
[0m13:58:32.109041 [info ] [MainThread]: Running with dbt=1.12.5
[0m13:58:32.110228 [debug] [MainThread]: running dbt with arguments {'version_check': 'True', 'no_print': 'None', 'static_parser': 'True', 'warn_error_options': 'WarnErrorOptionsV2(error=[], warn=[], silence=[])', 'maximum_seed_size_mib': '1', 'target_path': 'None', 'printer_width': '80', 'write_json': 'True', 'introspect': 'True', 'log_cache_events': 'False', 'empty': 'False', 'cache_selected_only': 'False', 'fail_fast': 'False', 'debug': 'False', 'log_format': 'default', 'partial_parse': 'True', 'send_anonymous_usage_stats': 'True', 'quiet': 'False', 'warn_error': 'None', 'profiles_dir': 'C:\\Users\\samee\\OneDrive\\Desktop\\aws_dbt_snowflake\\aws_dbt_snowflake_project', 'use_colors': 'True', 'hints_enabled': 'True', 'indirect_selection': 'eager', 'use_experimental_parser': 'False', 'invocation_command': 'dbt snapshot', 'log_path': 'C:\\Users\\samee\\OneDrive\\Desktop\\aws_dbt_snowflake\\aws_dbt_snowflake_project\\logs'}
[0m13:58:32.796068 [debug] [MainThread]: Snowflake adapter: Setting snowflake.connector to ERROR (file logging only)
[0m13:58:32.796758 [debug] [MainThread]: Snowflake adapter: Setting botocore to ERROR (file logging only)
[0m13:58:32.797290 [debug] [MainThread]: Snowflake adapter: Setting boto3 to ERROR (file logging only)
[0m13:58:33.165801 [debug] [MainThread]: Sending event: {'category': 'dbt', 'action': 'project_id', 'label': '386b214c-3cfa-4abd-aa38-5f4f5033ea6e', 'context': [<snowplow_tracker.self_describing_json.SelfDescribingJson object at 0x000002B179822FD0>]}
[0m13:58:33.248873 [debug] [MainThread]: Sending event: {'category': 'dbt', 'action': 'adapter_info', 'label': '386b214c-3cfa-4abd-aa38-5f4f5033ea6e', 'context': [<snowplow_tracker.self_describing_json.SelfDescribingJson object at 0x000002B179E68380>]}
[0m13:58:33.251049 [info ] [MainThread]: Registered adapter: snowflake=1.12.1
[0m13:58:33.656072 [debug] [MainThread]: checksum: 0ee1a1dce6b94271f7f4877021b9467e87e858ea987b298e8ea9f7304295ef8e, vars: {}, profile: aws_dbt_snowflake_project, target: dev, version: 1.12.5
[0m13:58:33.904482 [debug] [MainThread]: Partial parsing enabled: 0 files deleted, 0 files added, 2 files changed.
[0m13:58:33.905215 [debug] [MainThread]: Partial parsing: updated file: aws_dbt_snowflake_project://snapshots\dim_bookings.yml
[0m13:58:33.905719 [debug] [MainThread]: Partial parsing: updated file: aws_dbt_snowflake_project://models\gold\ephemeral\bookings.sql
[0m13:58:34.569110 [debug] [MainThread]: Sending event: {'category': 'dbt', 'action': 'load_project', 'label': '386b214c-3cfa-4abd-aa38-5f4f5033ea6e', 'context': [<snowplow_tracker.self_describing_json.SelfDescribingJson object at 0x000002B17D9A9E50>]}
[0m13:58:34.743686 [debug] [MainThread]: Wrote artifact WritableManifest to C:\Users\samee\OneDrive\Desktop\aws_dbt_snowflake\aws_dbt_snowflake_project\target\manifest.json
[0m13:58:34.748396 [debug] [MainThread]: Wrote artifact SemanticManifest to C:\Users\samee\OneDrive\Desktop\aws_dbt_snowflake\aws_dbt_snowflake_project\target\semantic_manifest.json
[0m13:58:34.795226 [debug] [MainThread]: Wrote artifact OsiDocument to C:\Users\samee\OneDrive\Desktop\aws_dbt_snowflake\aws_dbt_snowflake_project\target\osi_document.json
[0m13:58:34.814842 [debug] [MainThread]: Sending event: {'category': 'dbt', 'action': 'resource_counts', 'label': '386b214c-3cfa-4abd-aa38-5f4f5033ea6e', 'context': [<snowplow_tracker.self_describing_json.SelfDescribingJson object at 0x000002B17ECD4410>]}
[0m13:58:34.815698 [info ] [MainThread]: Found 11 models, 2 analyses, 1 snapshot, 3 sources, 566 macros
[0m13:58:34.816467 [debug] [MainThread]: Sending event: {'category': 'dbt', 'action': 'runnable_timing', 'label': '386b214c-3cfa-4abd-aa38-5f4f5033ea6e', 'context': [<snowplow_tracker.self_describing_json.SelfDescribingJson object at 0x000002B17ECD2270>]}
[0m13:58:34.819153 [info ] [MainThread]: 
[0m13:58:34.819846 [info ] [MainThread]: Concurrency: 1 threads (target='dev')
[0m13:58:34.820407 [info ] [MainThread]: 
[0m13:58:34.821103 [debug] [MainThread]: Acquiring new snowflake connection 'master'
[0m13:58:34.822404 [debug] [ThreadPool]: Acquiring new snowflake connection 'list_AIRBNB'
[0m13:58:34.844704 [debug] [ThreadPool]: Using snowflake connection "list_AIRBNB"
[0m13:58:34.845222 [debug] [ThreadPool]: On list_AIRBNB: show terse schemas in database AIRBNB
    limit 10000
/* {"app": "dbt", "dbt_version": "1.12.5", "profile_name": "aws_dbt_snowflake_project", "target_name": "dev", "connection_name": "list_AIRBNB"} */
[0m13:58:34.845660 [debug] [ThreadPool]: Opening a new connection, currently in state init
[0m13:58:36.441102 [debug] [ThreadPool]: SQL status: SUCCESS 8 in 1.595 seconds
[0m13:58:36.450505 [debug] [ThreadPool]: Acquiring new snowflake connection 'list_AIRBNB_bronze'
[0m13:58:36.465334 [debug] [ThreadPool]: Using snowflake connection "list_AIRBNB_bronze"
[0m13:58:36.465816 [debug] [ThreadPool]: On list_AIRBNB_bronze: show objects in AIRBNB.bronze
    limit 10000
    

/* {"app": "dbt", "dbt_version": "1.12.5", "profile_name": "aws_dbt_snowflake_project", "target_name": "dev", "connection_name": "list_AIRBNB_bronze"} */;
[0m13:58:36.466172 [debug] [ThreadPool]: Opening a new connection, currently in state init
[0m13:58:37.606079 [debug] [ThreadPool]: SQL status: SUCCESS 3 in 1.140 seconds
[0m13:58:37.614141 [debug] [ThreadPool]: Using snowflake connection "list_AIRBNB_bronze"
[0m13:58:37.614622 [debug] [ThreadPool]: On list_AIRBNB_bronze: show user functions in AIRBNB.bronze
/* {"app": "dbt", "dbt_version": "1.12.5", "profile_name": "aws_dbt_snowflake_project", "target_name": "dev", "connection_name": "list_AIRBNB_bronze"} */
[0m13:58:37.786106 [debug] [ThreadPool]: SQL status: SUCCESS 0 in 0.171 seconds
[0m13:58:37.788640 [debug] [ThreadPool]: Re-using an available connection from the pool (formerly list_AIRBNB_bronze, now list_AIRBNB_silver)
[0m13:58:37.790306 [debug] [ThreadPool]: Using snowflake connection "list_AIRBNB_silver"
[0m13:58:37.791522 [debug] [ThreadPool]: On list_AIRBNB_silver: show objects in AIRBNB.silver
    limit 10000
    

/* {"app": "dbt", "dbt_version": "1.12.5", "profile_name": "aws_dbt_snowflake_project", "target_name": "dev", "connection_name": "list_AIRBNB_silver"} */;
[0m13:58:38.078913 [debug] [ThreadPool]: SQL status: SUCCESS 3 in 0.287 seconds
[0m13:58:38.082922 [debug] [ThreadPool]: Using snowflake connection "list_AIRBNB_silver"
[0m13:58:38.083616 [debug] [ThreadPool]: On list_AIRBNB_silver: show user functions in AIRBNB.silver
/* {"app": "dbt", "dbt_version": "1.12.5", "profile_name": "aws_dbt_snowflake_project", "target_name": "dev", "connection_name": "list_AIRBNB_silver"} */
[0m13:58:38.286195 [debug] [ThreadPool]: SQL status: SUCCESS 0 in 0.202 seconds
[0m13:58:38.292138 [debug] [ThreadPool]: Re-using an available connection from the pool (formerly list_AIRBNB_silver, now list_AIRBNB_gold)
[0m13:58:38.297262 [debug] [ThreadPool]: Using snowflake connection "list_AIRBNB_gold"
[0m13:58:38.298086 [debug] [ThreadPool]: On list_AIRBNB_gold: show objects in AIRBNB.gold
    limit 10000
    

/* {"app": "dbt", "dbt_version": "1.12.5", "profile_name": "aws_dbt_snowflake_project", "target_name": "dev", "connection_name": "list_AIRBNB_gold"} */;
[0m13:58:38.526220 [debug] [ThreadPool]: SQL status: SUCCESS 1 in 0.227 seconds
[0m13:58:38.536844 [debug] [ThreadPool]: Using snowflake connection "list_AIRBNB_gold"
[0m13:58:38.538149 [debug] [ThreadPool]: On list_AIRBNB_gold: show user functions in AIRBNB.gold
/* {"app": "dbt", "dbt_version": "1.12.5", "profile_name": "aws_dbt_snowflake_project", "target_name": "dev", "connection_name": "list_AIRBNB_gold"} */
[0m13:58:38.791013 [debug] [ThreadPool]: SQL status: SUCCESS 0 in 0.252 seconds
[0m13:58:38.794514 [debug] [MainThread]: Sending event: {'category': 'dbt', 'action': 'runnable_timing', 'label': '386b214c-3cfa-4abd-aa38-5f4f5033ea6e', 'context': [<snowplow_tracker.self_describing_json.SelfDescribingJson object at 0x000002B17EDA2410>]}
[0m13:58:38.801046 [debug] [Thread-2 (]: Began running node snapshot.aws_dbt_snowflake_project.dim_bookings
[0m13:58:38.802344 [info ] [Thread-2 (]: 1 of 1 START snapshot gold.dim_bookings ........................................ [RUN]
[0m13:58:38.803963 [debug] [Thread-2 (]: Acquiring new snowflake connection 'snapshot.aws_dbt_snowflake_project.dim_bookings'
[0m13:58:38.804702 [debug] [Thread-2 (]: Began compiling node snapshot.aws_dbt_snowflake_project.dim_bookings
[0m13:58:38.817157 [debug] [Thread-2 (]: Writing injected SQL for node "snapshot.aws_dbt_snowflake_project.dim_bookings"
[0m13:58:38.819735 [debug] [Thread-2 (]: Writing injected SQL for node "snapshot.aws_dbt_snowflake_project.dim_bookings"
[0m13:58:38.822605 [debug] [Thread-2 (]: Began executing node snapshot.aws_dbt_snowflake_project.dim_bookings
[0m13:58:38.929614 [debug] [Thread-2 (]: Using snowflake connection "snapshot.aws_dbt_snowflake_project.dim_bookings"
[0m13:58:38.930193 [debug] [Thread-2 (]: On snapshot.aws_dbt_snowflake_project.dim_bookings: select * from (
        
    

    select *,
        md5(coalesce(cast(BOOKING_ID as varchar ), '')
         || '|' || coalesce(cast(CREATED_AT as varchar ), '')
        ) as dbt_scd_id,
        CREATED_AT as dbt_updated_at,
        CREATED_AT as dbt_valid_from,
        
  
  coalesce(nullif(CREATED_AT, CREATED_AT), to_date('9999-12-31'))
  as dbt_valid_to
from (
        with __dbt__cte__bookings as (


WITH bookings AS 
(
    SELECT 
        BOOKING_ID,
        BOOKING_DATE,
        BOOKING_STATUS,
        CREATED_AT
    FROM 
        AIRBNB.gold.obt
)
SELECT * FROM bookings
) select * from __dbt__cte__bookings
    ) sbq



    ) as __dbt_sbq
    where false
    limit 0
/* {"app": "dbt", "dbt_version": "1.12.5", "profile_name": "aws_dbt_snowflake_project", "target_name": "dev", "node_id": "snapshot.aws_dbt_snowflake_project.dim_bookings"} */
/* {"app": "dbt", "dbt_version": "1.12.5", "profile_name": "aws_dbt_snowflake_project", "target_name": "dev", "node_id": "snapshot.aws_dbt_snowflake_project.dim_bookings"} */
[0m13:58:38.930686 [debug] [Thread-2 (]: Opening a new connection, currently in state init
[0m13:58:39.927411 [debug] [Thread-2 (]: SQL status: SUCCESS 0 in 0.996 seconds
[0m13:58:39.941758 [debug] [Thread-2 (]: Using snowflake connection "snapshot.aws_dbt_snowflake_project.dim_bookings"
[0m13:58:39.942698 [debug] [Thread-2 (]: On snapshot.aws_dbt_snowflake_project.dim_bookings: select * from (
        select to_timestamp_ntz(convert_timezone('UTC', current_timestamp())) as dbt_snapshot_time
    ) as __dbt_sbq
    where false
    limit 0
/* {"app": "dbt", "dbt_version": "1.12.5", "profile_name": "aws_dbt_snowflake_project", "target_name": "dev", "node_id": "snapshot.aws_dbt_snowflake_project.dim_bookings"} */
/* {"app": "dbt", "dbt_version": "1.12.5", "profile_name": "aws_dbt_snowflake_project", "target_name": "dev", "node_id": "snapshot.aws_dbt_snowflake_project.dim_bookings"} */
[0m13:58:40.130094 [debug] [Thread-2 (]: SQL status: SUCCESS 0 in 0.186 seconds
[0m13:58:40.131913 [debug] [Thread-2 (]: Writing runtime sql for node "snapshot.aws_dbt_snowflake_project.dim_bookings"
[0m13:58:40.140614 [debug] [Thread-2 (]: Using snowflake connection "snapshot.aws_dbt_snowflake_project.dim_bookings"
[0m13:58:40.141638 [debug] [Thread-2 (]: On snapshot.aws_dbt_snowflake_project.dim_bookings: create or replace transient table AIRBNB.gold.dim_bookings
    
    
    
    
    

    as (
    

    select *,
        md5(coalesce(cast(BOOKING_ID as varchar ), '')
         || '|' || coalesce(cast(CREATED_AT as varchar ), '')
        ) as dbt_scd_id,
        CREATED_AT as dbt_updated_at,
        CREATED_AT as dbt_valid_from,
        
  
  coalesce(nullif(CREATED_AT, CREATED_AT), to_date('9999-12-31'))
  as dbt_valid_to
from (
        with __dbt__cte__bookings as (


WITH bookings AS 
(
    SELECT 
        BOOKING_ID,
        BOOKING_DATE,
        BOOKING_STATUS,
        CREATED_AT
    FROM 
        AIRBNB.gold.obt
)
SELECT * FROM bookings
) select * from __dbt__cte__bookings
    ) sbq



    )

/* {"app": "dbt", "dbt_version": "1.12.5", "profile_name": "aws_dbt_snowflake_project", "target_name": "dev", "node_id": "snapshot.aws_dbt_snowflake_project.dim_bookings"} */;
[0m13:58:40.843479 [debug] [Thread-2 (]: SQL status: SUCCESS 5000 in 0.701 seconds
[0m13:58:40.884353 [debug] [Thread-2 (]: Sending event: {'category': 'dbt', 'action': 'run_model', 'label': '386b214c-3cfa-4abd-aa38-5f4f5033ea6e', 'context': [<snowplow_tracker.self_describing_json.SelfDescribingJson object at 0x000002B17EDA6150>]}
[0m13:58:40.885521 [info ] [Thread-2 (]: 1 of 1 OK snapshotted gold.dim_bookings ........................................ [[32mSUCCESS 5000[0m in 2.08s]
[0m13:58:40.887075 [debug] [Thread-2 (]: Finished running node snapshot.aws_dbt_snowflake_project.dim_bookings
[0m13:58:40.889216 [debug] [MainThread]: Connection 'master' was properly closed.
[0m13:58:40.889707 [debug] [MainThread]: Connection 'list_AIRBNB' was left open.
[0m13:58:40.890154 [debug] [MainThread]: On list_AIRBNB: Close
[0m13:58:41.182176 [debug] [MainThread]: Connection 'list_AIRBNB_gold' was left open.
[0m13:58:41.182699 [debug] [MainThread]: On list_AIRBNB_gold: Close
[0m13:58:41.502933 [debug] [MainThread]: Connection 'snapshot.aws_dbt_snowflake_project.dim_bookings' was left open.
[0m13:58:41.503572 [debug] [MainThread]: On snapshot.aws_dbt_snowflake_project.dim_bookings: Close
[0m13:58:41.788177 [info ] [MainThread]: 
[0m13:58:41.789309 [info ] [MainThread]: Finished running 1 snapshot in 0 hours 0 minutes and 6.97 seconds (6.97s).
[0m13:58:41.791049 [debug] [MainThread]: Command end result
[0m13:58:41.854240 [debug] [MainThread]: Wrote artifact WritableManifest to C:\Users\samee\OneDrive\Desktop\aws_dbt_snowflake\aws_dbt_snowflake_project\target\manifest.json
[0m13:58:41.859691 [debug] [MainThread]: Wrote artifact SemanticManifest to C:\Users\samee\OneDrive\Desktop\aws_dbt_snowflake\aws_dbt_snowflake_project\target\semantic_manifest.json
[0m13:58:41.867536 [debug] [MainThread]: Wrote artifact OsiDocument to C:\Users\samee\OneDrive\Desktop\aws_dbt_snowflake\aws_dbt_snowflake_project\target\osi_document.json
[0m13:58:41.879692 [debug] [MainThread]: Wrote artifact RunExecutionResult to C:\Users\samee\OneDrive\Desktop\aws_dbt_snowflake\aws_dbt_snowflake_project\target\run_results.json
[0m13:58:41.880376 [info ] [MainThread]: 
[0m13:58:41.881202 [info ] [MainThread]: [32mCompleted successfully[0m
[0m13:58:41.881928 [info ] [MainThread]: 
[0m13:58:41.882676 [info ] [MainThread]: Done. PASS=1 WARN=0 ERROR=0 SKIP=0 NO-OP=0 REUSED=0 TOTAL=1
[0m13:58:41.884553 [debug] [MainThread]: Command `dbt snapshot` succeeded at 13:58:41.884352 after 9.96 seconds
[0m13:58:41.885085 [debug] [MainThread]: Sending event: {'category': 'dbt', 'action': 'invocation', 'label': 'end', 'context': [<snowplow_tracker.self_describing_json.SelfDescribingJson object at 0x000002B17EF033E0>, <snowplow_tracker.self_describing_json.SelfDescribingJson object at 0x000002B17E9F6AD0>, <snowplow_tracker.self_describing_json.SelfDescribingJson object at 0x000002B17EEBA490>]}
[0m13:58:41.885592 [debug] [MainThread]: Flushing usage events
[0m13:58:43.197162 [debug] [MainThread]: An error was encountered while trying to flush usage events
[0m15:51:21.618883 [debug] [MainThread]: Sending event: {'category': 'dbt', 'action': 'invocation', 'label': 'start', 'context': [<snowplow_tracker.self_describing_json.SelfDescribingJson object at 0x000001F4CBBDE900>, <snowplow_tracker.self_describing_json.SelfDescribingJson object at 0x000001F4CE233ED0>, <snowplow_tracker.self_describing_json.SelfDescribingJson object at 0x000001F4CE233B10>]}


============================== 15:51:21.626356 | d70c5d33-4739-4f36-8e88-1bd21d1f5538 ==============================
[0m15:51:21.626356 [info ] [MainThread]: Running with dbt=1.12.5
[0m15:51:21.627383 [debug] [MainThread]: running dbt with arguments {'version_check': 'True', 'no_print': 'None', 'maximum_seed_size_mib': '1', 'target_path': 'None', 'warn_error_options': 'WarnErrorOptionsV2(error=[], warn=[], silence=[])', 'static_parser': 'True', 'printer_width': '80', 'write_json': 'True', 'introspect': 'True', 'log_cache_events': 'False', 'empty': 'False', 'cache_selected_only': 'False', 'fail_fast': 'False', 'debug': 'False', 'log_format': 'default', 'profiles_dir': 'C:\\Users\\samee\\OneDrive\\Desktop\\aws_dbt_snowflake\\aws_dbt_snowflake_project', 'send_anonymous_usage_stats': 'True', 'quiet': 'False', 'warn_error': 'None', 'partial_parse': 'True', 'indirect_selection': 'eager', 'hints_enabled': 'True', 'use_colors': 'True', 'use_experimental_parser': 'False', 'invocation_command': 'dbt build', 'log_path': 'C:\\Users\\samee\\OneDrive\\Desktop\\aws_dbt_snowflake\\aws_dbt_snowflake_project\\logs'}
[0m15:51:22.171515 [debug] [MainThread]: Snowflake adapter: Setting snowflake.connector to ERROR (file logging only)
[0m15:51:22.172205 [debug] [MainThread]: Snowflake adapter: Setting botocore to ERROR (file logging only)
[0m15:51:22.172732 [debug] [MainThread]: Snowflake adapter: Setting boto3 to ERROR (file logging only)
[0m15:51:22.532136 [debug] [MainThread]: Sending event: {'category': 'dbt', 'action': 'project_id', 'label': 'd70c5d33-4739-4f36-8e88-1bd21d1f5538', 'context': [<snowplow_tracker.self_describing_json.SelfDescribingJson object at 0x000001F4CC102FD0>]}
[0m15:51:22.616311 [debug] [MainThread]: Sending event: {'category': 'dbt', 'action': 'adapter_info', 'label': 'd70c5d33-4739-4f36-8e88-1bd21d1f5538', 'context': [<snowplow_tracker.self_describing_json.SelfDescribingJson object at 0x000001F4CC748380>]}
[0m15:51:22.617963 [info ] [MainThread]: Registered adapter: snowflake=1.12.1
[0m15:51:23.027336 [debug] [MainThread]: checksum: 0ee1a1dce6b94271f7f4877021b9467e87e858ea987b298e8ea9f7304295ef8e, vars: {}, profile: aws_dbt_snowflake_project, target: dev, version: 1.12.5
[0m15:51:23.340701 [debug] [MainThread]: Partial parsing enabled: 0 files deleted, 0 files added, 2 files changed.
[0m15:51:23.341884 [debug] [MainThread]: Partial parsing: updated file: aws_dbt_snowflake_project://snapshots\dim_listings.yml
[0m15:51:23.342448 [debug] [MainThread]: Partial parsing: updated file: aws_dbt_snowflake_project://models\gold\ephemeral\listings.sql
[0m15:51:24.080005 [debug] [MainThread]: Sending event: {'category': 'dbt', 'action': 'load_project', 'label': 'd70c5d33-4739-4f36-8e88-1bd21d1f5538', 'context': [<snowplow_tracker.self_describing_json.SelfDescribingJson object at 0x000001F4D1186050>]}
[0m15:51:24.249370 [debug] [MainThread]: Wrote artifact WritableManifest to C:\Users\samee\OneDrive\Desktop\aws_dbt_snowflake\aws_dbt_snowflake_project\target\manifest.json
[0m15:51:24.255446 [debug] [MainThread]: Wrote artifact SemanticManifest to C:\Users\samee\OneDrive\Desktop\aws_dbt_snowflake\aws_dbt_snowflake_project\target\semantic_manifest.json
[0m15:51:24.329168 [debug] [MainThread]: Wrote artifact OsiDocument to C:\Users\samee\OneDrive\Desktop\aws_dbt_snowflake\aws_dbt_snowflake_project\target\osi_document.json
[0m15:51:24.677662 [debug] [MainThread]: Sending event: {'category': 'dbt', 'action': 'resource_counts', 'label': 'd70c5d33-4739-4f36-8e88-1bd21d1f5538', 'context': [<snowplow_tracker.self_describing_json.SelfDescribingJson object at 0x000001F4D16BE6C0>]}
[0m15:51:24.678603 [info ] [MainThread]: Found 11 models, 2 analyses, 3 snapshots, 3 sources, 566 macros
[0m15:51:24.683626 [info ] [MainThread]: 
[0m15:51:24.684369 [info ] [MainThread]: Concurrency: 1 threads (target='dev')
[0m15:51:24.685093 [info ] [MainThread]: 
[0m15:51:24.686228 [debug] [MainThread]: Acquiring new snowflake connection 'master'
[0m15:51:24.693131 [debug] [ThreadPool]: Acquiring new snowflake connection 'list_AIRBNB'
[0m15:51:24.722715 [debug] [ThreadPool]: Using snowflake connection "list_AIRBNB"
[0m15:51:24.723457 [debug] [ThreadPool]: On list_AIRBNB: show terse schemas in database AIRBNB
    limit 10000
/* {"app": "dbt", "dbt_version": "1.12.5", "profile_name": "aws_dbt_snowflake_project", "target_name": "dev", "connection_name": "list_AIRBNB"} */
[0m15:51:24.724255 [debug] [ThreadPool]: Opening a new connection, currently in state init
[0m15:51:26.267077 [debug] [ThreadPool]: SQL status: SUCCESS 8 in 1.543 seconds
[0m15:51:26.273136 [debug] [ThreadPool]: Using snowflake connection "list_AIRBNB"
[0m15:51:26.273755 [debug] [ThreadPool]: On list_AIRBNB: show terse schemas in database AIRBNB
    limit 10000
/* {"app": "dbt", "dbt_version": "1.12.5", "profile_name": "aws_dbt_snowflake_project", "target_name": "dev", "connection_name": "list_AIRBNB"} */
[0m15:51:26.531923 [debug] [ThreadPool]: SQL status: SUCCESS 8 in 0.258 seconds
[0m15:51:26.536004 [debug] [ThreadPool]: Using snowflake connection "list_AIRBNB"
[0m15:51:26.536703 [debug] [ThreadPool]: On list_AIRBNB: show terse schemas in database AIRBNB
    limit 10000
/* {"app": "dbt", "dbt_version": "1.12.5", "profile_name": "aws_dbt_snowflake_project", "target_name": "dev", "connection_name": "list_AIRBNB"} */
[0m15:51:26.737620 [debug] [ThreadPool]: SQL status: SUCCESS 8 in 0.200 seconds
[0m15:51:26.742379 [debug] [ThreadPool]: Acquiring new snowflake connection 'list_AIRBNB_bronze'
[0m15:51:26.763120 [debug] [ThreadPool]: Using snowflake connection "list_AIRBNB_bronze"
[0m15:51:26.763713 [debug] [ThreadPool]: On list_AIRBNB_bronze: show objects in AIRBNB.bronze
    limit 10000
    

/* {"app": "dbt", "dbt_version": "1.12.5", "profile_name": "aws_dbt_snowflake_project", "target_name": "dev", "connection_name": "list_AIRBNB_bronze"} */;
[0m15:51:26.764172 [debug] [ThreadPool]: Opening a new connection, currently in state init
[0m15:51:27.679568 [debug] [ThreadPool]: SQL status: SUCCESS 3 in 0.915 seconds
[0m15:51:27.693841 [debug] [ThreadPool]: Using snowflake connection "list_AIRBNB_bronze"
[0m15:51:27.694793 [debug] [ThreadPool]: On list_AIRBNB_bronze: show user functions in AIRBNB.bronze
/* {"app": "dbt", "dbt_version": "1.12.5", "profile_name": "aws_dbt_snowflake_project", "target_name": "dev", "connection_name": "list_AIRBNB_bronze"} */
[0m15:51:27.863261 [debug] [ThreadPool]: SQL status: SUCCESS 0 in 0.167 seconds
[0m15:51:27.866073 [debug] [ThreadPool]: Re-using an available connection from the pool (formerly list_AIRBNB_bronze, now list_AIRBNB_gold)
[0m15:51:27.869856 [debug] [ThreadPool]: Using snowflake connection "list_AIRBNB_gold"
[0m15:51:27.870422 [debug] [ThreadPool]: On list_AIRBNB_gold: show objects in AIRBNB.gold
    limit 10000
    

/* {"app": "dbt", "dbt_version": "1.12.5", "profile_name": "aws_dbt_snowflake_project", "target_name": "dev", "connection_name": "list_AIRBNB_gold"} */;
[0m15:51:28.068904 [debug] [ThreadPool]: SQL status: SUCCESS 2 in 0.198 seconds
[0m15:51:28.072478 [debug] [ThreadPool]: Using snowflake connection "list_AIRBNB_gold"
[0m15:51:28.073028 [debug] [ThreadPool]: On list_AIRBNB_gold: show user functions in AIRBNB.gold
/* {"app": "dbt", "dbt_version": "1.12.5", "profile_name": "aws_dbt_snowflake_project", "target_name": "dev", "connection_name": "list_AIRBNB_gold"} */
[0m15:51:28.273958 [debug] [ThreadPool]: SQL status: SUCCESS 0 in 0.200 seconds
[0m15:51:28.276565 [debug] [ThreadPool]: Re-using an available connection from the pool (formerly list_AIRBNB_gold, now list_AIRBNB_silver)
[0m15:51:28.278641 [debug] [ThreadPool]: Using snowflake connection "list_AIRBNB_silver"
[0m15:51:28.279119 [debug] [ThreadPool]: On list_AIRBNB_silver: show objects in AIRBNB.silver
    limit 10000
    

/* {"app": "dbt", "dbt_version": "1.12.5", "profile_name": "aws_dbt_snowflake_project", "target_name": "dev", "connection_name": "list_AIRBNB_silver"} */;
[0m15:51:28.485157 [debug] [ThreadPool]: SQL status: SUCCESS 3 in 0.205 seconds
[0m15:51:28.489983 [debug] [ThreadPool]: Using snowflake connection "list_AIRBNB_silver"
[0m15:51:28.490556 [debug] [ThreadPool]: On list_AIRBNB_silver: show user functions in AIRBNB.silver
/* {"app": "dbt", "dbt_version": "1.12.5", "profile_name": "aws_dbt_snowflake_project", "target_name": "dev", "connection_name": "list_AIRBNB_silver"} */
[0m15:51:28.683785 [debug] [ThreadPool]: SQL status: SUCCESS 0 in 0.193 seconds
[0m15:51:28.688527 [debug] [MainThread]: Sending event: {'category': 'dbt', 'action': 'runnable_timing', 'label': 'd70c5d33-4739-4f36-8e88-1bd21d1f5538', 'context': [<snowplow_tracker.self_describing_json.SelfDescribingJson object at 0x000001F4D16C0750>]}
[0m15:51:28.696350 [debug] [Thread-2 (]: Began running node model.aws_dbt_snowflake_project.bronze_bookings
[0m15:51:28.697233 [info ] [Thread-2 (]: 1 of 10 START sql incremental model bronze.bronze_bookings ..................... [RUN]
[0m15:51:28.698655 [debug] [Thread-2 (]: Acquiring new snowflake connection 'model.aws_dbt_snowflake_project.bronze_bookings'
[0m15:51:28.699496 [debug] [Thread-2 (]: Began compiling node model.aws_dbt_snowflake_project.bronze_bookings
[0m15:51:28.714349 [debug] [Thread-2 (]: Writing injected SQL for node "model.aws_dbt_snowflake_project.bronze_bookings"
[0m15:51:28.716466 [debug] [Thread-2 (]: Began executing node model.aws_dbt_snowflake_project.bronze_bookings
[0m15:51:28.808171 [debug] [Thread-2 (]: Using snowflake connection "model.aws_dbt_snowflake_project.bronze_bookings"
[0m15:51:28.808814 [debug] [Thread-2 (]: On model.aws_dbt_snowflake_project.bronze_bookings: create or replace  temporary view AIRBNB.bronze.bronze_bookings__dbt_tmp
  
  
  
  
  as (
    


SELECT * FROM  AIRBNB.staging.bookings


    WHERE CREATED_AT > (SELECT COALESCE(MAX(CREATED_AT), '1900-01-01') FROM AIRBNB.bronze.bronze_bookings)

  )
/* {"app": "dbt", "dbt_version": "1.12.5", "profile_name": "aws_dbt_snowflake_project", "target_name": "dev", "node_id": "model.aws_dbt_snowflake_project.bronze_bookings"} */;
[0m15:51:28.809336 [debug] [Thread-2 (]: Opening a new connection, currently in state init
[0m15:51:29.844921 [debug] [Thread-2 (]: SQL status: SUCCESS 1 in 1.035 seconds
[0m15:51:29.857860 [debug] [Thread-2 (]: Using snowflake connection "model.aws_dbt_snowflake_project.bronze_bookings"
[0m15:51:29.858560 [debug] [Thread-2 (]: On model.aws_dbt_snowflake_project.bronze_bookings: describe table AIRBNB.bronze.bronze_bookings__dbt_tmp
/* {"app": "dbt", "dbt_version": "1.12.5", "profile_name": "aws_dbt_snowflake_project", "target_name": "dev", "node_id": "model.aws_dbt_snowflake_project.bronze_bookings"} */
[0m15:51:30.118292 [debug] [Thread-2 (]: SQL status: SUCCESS 9 in 0.259 seconds
[0m15:51:30.125289 [debug] [Thread-2 (]: Using snowflake connection "model.aws_dbt_snowflake_project.bronze_bookings"
[0m15:51:30.126325 [debug] [Thread-2 (]: On model.aws_dbt_snowflake_project.bronze_bookings: describe table AIRBNB.bronze.bronze_bookings
/* {"app": "dbt", "dbt_version": "1.12.5", "profile_name": "aws_dbt_snowflake_project", "target_name": "dev", "node_id": "model.aws_dbt_snowflake_project.bronze_bookings"} */
[0m15:51:30.321772 [debug] [Thread-2 (]: SQL status: SUCCESS 9 in 0.194 seconds
[0m15:51:30.338045 [debug] [Thread-2 (]: Using snowflake connection "model.aws_dbt_snowflake_project.bronze_bookings"
[0m15:51:30.338663 [debug] [Thread-2 (]: On model.aws_dbt_snowflake_project.bronze_bookings: describe table "AIRBNB"."BRONZE"."BRONZE_BOOKINGS"
/* {"app": "dbt", "dbt_version": "1.12.5", "profile_name": "aws_dbt_snowflake_project", "target_name": "dev", "node_id": "model.aws_dbt_snowflake_project.bronze_bookings"} */
[0m15:51:30.527001 [debug] [Thread-2 (]: SQL status: SUCCESS 9 in 0.188 seconds
[0m15:51:30.552246 [debug] [Thread-2 (]: Writing runtime sql for node "model.aws_dbt_snowflake_project.bronze_bookings"
[0m15:51:30.554993 [debug] [Thread-2 (]: Using snowflake connection "model.aws_dbt_snowflake_project.bronze_bookings"
[0m15:51:30.555792 [debug] [Thread-2 (]: On model.aws_dbt_snowflake_project.bronze_bookings: -- back compat for old kwarg name
  
  begin
/* {"app": "dbt", "dbt_version": "1.12.5", "profile_name": "aws_dbt_snowflake_project", "target_name": "dev", "node_id": "model.aws_dbt_snowflake_project.bronze_bookings"} */;
[0m15:51:30.731985 [debug] [Thread-2 (]: SQL status: SUCCESS 1 in 0.175 seconds
[0m15:51:30.732988 [debug] [Thread-2 (]: Using snowflake connection "model.aws_dbt_snowflake_project.bronze_bookings"
[0m15:51:30.733877 [debug] [Thread-2 (]: On model.aws_dbt_snowflake_project.bronze_bookings: insert into AIRBNB.bronze.bronze_bookings ("BOOKING_ID", "LISTING_ID", "BOOKING_DATE", "NIGHTS_BOOKED", "BOOKING_AMOUNT", "CLEANING_FEE", "SERVICE_FEE", "BOOKING_STATUS", "CREATED_AT")
        (
            select "BOOKING_ID", "LISTING_ID", "BOOKING_DATE", "NIGHTS_BOOKED", "BOOKING_AMOUNT", "CLEANING_FEE", "SERVICE_FEE", "BOOKING_STATUS", "CREATED_AT"
            from AIRBNB.bronze.bronze_bookings__dbt_tmp
        )
/* {"app": "dbt", "dbt_version": "1.12.5", "profile_name": "aws_dbt_snowflake_project", "target_name": "dev", "node_id": "model.aws_dbt_snowflake_project.bronze_bookings"} */;
[0m15:51:31.243728 [debug] [Thread-2 (]: SQL status: SUCCESS 0 in 0.509 seconds
[0m15:51:31.244942 [debug] [Thread-2 (]: Using snowflake connection "model.aws_dbt_snowflake_project.bronze_bookings"
[0m15:51:31.245903 [debug] [Thread-2 (]: On model.aws_dbt_snowflake_project.bronze_bookings: COMMIT
/* {"app": "dbt", "dbt_version": "1.12.5", "profile_name": "aws_dbt_snowflake_project", "target_name": "dev", "node_id": "model.aws_dbt_snowflake_project.bronze_bookings"} */
[0m15:51:31.447476 [debug] [Thread-2 (]: SQL status: SUCCESS 1 in 0.201 seconds
[0m15:51:31.458418 [debug] [Thread-2 (]: Applying DROP to: AIRBNB.bronze.bronze_bookings__dbt_tmp
[0m15:51:31.468812 [debug] [Thread-2 (]: Using snowflake connection "model.aws_dbt_snowflake_project.bronze_bookings"
[0m15:51:31.469356 [debug] [Thread-2 (]: On model.aws_dbt_snowflake_project.bronze_bookings: drop view if exists AIRBNB.bronze.bronze_bookings__dbt_tmp cascade
/* {"app": "dbt", "dbt_version": "1.12.5", "profile_name": "aws_dbt_snowflake_project", "target_name": "dev", "node_id": "model.aws_dbt_snowflake_project.bronze_bookings"} */
[0m15:51:31.680579 [debug] [Thread-2 (]: SQL status: SUCCESS 1 in 0.210 seconds
[0m15:51:31.727532 [debug] [Thread-2 (]: Sending event: {'category': 'dbt', 'action': 'run_model', 'label': 'd70c5d33-4739-4f36-8e88-1bd21d1f5538', 'context': [<snowplow_tracker.self_describing_json.SelfDescribingJson object at 0x000001F4D1A56680>]}
[0m15:51:31.728585 [info ] [Thread-2 (]: 1 of 10 OK created sql incremental model bronze.bronze_bookings ................ [[32mSUCCESS 0[0m in 3.03s]
[0m15:51:31.729642 [debug] [Thread-2 (]: Finished running node model.aws_dbt_snowflake_project.bronze_bookings
[0m15:51:31.730215 [debug] [Thread-2 (]: Began running node model.aws_dbt_snowflake_project.bronze_hosts
[0m15:51:31.730846 [info ] [Thread-2 (]: 2 of 10 START sql incremental model bronze.bronze_hosts ........................ [RUN]
[0m15:51:31.731817 [debug] [Thread-2 (]: Re-using an available connection from the pool (formerly model.aws_dbt_snowflake_project.bronze_bookings, now model.aws_dbt_snowflake_project.bronze_hosts)
[0m15:51:31.732344 [debug] [Thread-2 (]: Began compiling node model.aws_dbt_snowflake_project.bronze_hosts
[0m15:51:31.736082 [debug] [Thread-2 (]: Writing injected SQL for node "model.aws_dbt_snowflake_project.bronze_hosts"
[0m15:51:31.737508 [debug] [Thread-2 (]: Began executing node model.aws_dbt_snowflake_project.bronze_hosts
[0m15:51:31.741401 [debug] [Thread-2 (]: Using snowflake connection "model.aws_dbt_snowflake_project.bronze_hosts"
[0m15:51:31.742141 [debug] [Thread-2 (]: On model.aws_dbt_snowflake_project.bronze_hosts: create or replace  temporary view AIRBNB.bronze.bronze_hosts__dbt_tmp
  
  
  
  
  as (
    


SELECT * FROM  AIRBNB.staging.hosts


    WHERE CREATED_AT > (SELECT COALESCE(MAX(CREATED_AT), '1900-01-01') FROM AIRBNB.bronze.bronze_hosts)

  )
/* {"app": "dbt", "dbt_version": "1.12.5", "profile_name": "aws_dbt_snowflake_project", "target_name": "dev", "node_id": "model.aws_dbt_snowflake_project.bronze_hosts"} */;
[0m15:51:32.064545 [debug] [Thread-2 (]: SQL status: SUCCESS 1 in 0.322 seconds
[0m15:51:32.068977 [debug] [Thread-2 (]: Using snowflake connection "model.aws_dbt_snowflake_project.bronze_hosts"
[0m15:51:32.070036 [debug] [Thread-2 (]: On model.aws_dbt_snowflake_project.bronze_hosts: describe table AIRBNB.bronze.bronze_hosts__dbt_tmp
/* {"app": "dbt", "dbt_version": "1.12.5", "profile_name": "aws_dbt_snowflake_project", "target_name": "dev", "node_id": "model.aws_dbt_snowflake_project.bronze_hosts"} */
[0m15:51:32.269839 [debug] [Thread-2 (]: SQL status: SUCCESS 6 in 0.199 seconds
[0m15:51:32.276335 [debug] [Thread-2 (]: Using snowflake connection "model.aws_dbt_snowflake_project.bronze_hosts"
[0m15:51:32.277053 [debug] [Thread-2 (]: On model.aws_dbt_snowflake_project.bronze_hosts: describe table AIRBNB.bronze.bronze_hosts
/* {"app": "dbt", "dbt_version": "1.12.5", "profile_name": "aws_dbt_snowflake_project", "target_name": "dev", "node_id": "model.aws_dbt_snowflake_project.bronze_hosts"} */
[0m15:51:32.472849 [debug] [Thread-2 (]: SQL status: SUCCESS 6 in 0.195 seconds
[0m15:51:32.477827 [debug] [Thread-2 (]: Using snowflake connection "model.aws_dbt_snowflake_project.bronze_hosts"
[0m15:51:32.478552 [debug] [Thread-2 (]: On model.aws_dbt_snowflake_project.bronze_hosts: describe table "AIRBNB"."BRONZE"."BRONZE_HOSTS"
/* {"app": "dbt", "dbt_version": "1.12.5", "profile_name": "aws_dbt_snowflake_project", "target_name": "dev", "node_id": "model.aws_dbt_snowflake_project.bronze_hosts"} */
[0m15:51:32.676294 [debug] [Thread-2 (]: SQL status: SUCCESS 6 in 0.197 seconds
[0m15:51:32.680747 [debug] [Thread-2 (]: Writing runtime sql for node "model.aws_dbt_snowflake_project.bronze_hosts"
[0m15:51:32.683426 [debug] [Thread-2 (]: Using snowflake connection "model.aws_dbt_snowflake_project.bronze_hosts"
[0m15:51:32.684188 [debug] [Thread-2 (]: On model.aws_dbt_snowflake_project.bronze_hosts: -- back compat for old kwarg name
  
  begin
/* {"app": "dbt", "dbt_version": "1.12.5", "profile_name": "aws_dbt_snowflake_project", "target_name": "dev", "node_id": "model.aws_dbt_snowflake_project.bronze_hosts"} */;
[0m15:51:32.881655 [debug] [Thread-2 (]: SQL status: SUCCESS 1 in 0.197 seconds
[0m15:51:32.882279 [debug] [Thread-2 (]: Using snowflake connection "model.aws_dbt_snowflake_project.bronze_hosts"
[0m15:51:32.882785 [debug] [Thread-2 (]: On model.aws_dbt_snowflake_project.bronze_hosts: insert into AIRBNB.bronze.bronze_hosts ("HOST_ID", "HOST_NAME", "HOST_SINCE", "IS_SUPERHOST", "RESPONSE_RATE", "CREATED_AT")
        (
            select "HOST_ID", "HOST_NAME", "HOST_SINCE", "IS_SUPERHOST", "RESPONSE_RATE", "CREATED_AT"
            from AIRBNB.bronze.bronze_hosts__dbt_tmp
        )
/* {"app": "dbt", "dbt_version": "1.12.5", "profile_name": "aws_dbt_snowflake_project", "target_name": "dev", "node_id": "model.aws_dbt_snowflake_project.bronze_hosts"} */;
[0m15:51:33.392852 [debug] [Thread-2 (]: SQL status: SUCCESS 0 in 0.509 seconds
[0m15:51:33.393561 [debug] [Thread-2 (]: Using snowflake connection "model.aws_dbt_snowflake_project.bronze_hosts"
[0m15:51:33.394080 [debug] [Thread-2 (]: On model.aws_dbt_snowflake_project.bronze_hosts: COMMIT
/* {"app": "dbt", "dbt_version": "1.12.5", "profile_name": "aws_dbt_snowflake_project", "target_name": "dev", "node_id": "model.aws_dbt_snowflake_project.bronze_hosts"} */
[0m15:51:33.600558 [debug] [Thread-2 (]: SQL status: SUCCESS 1 in 0.206 seconds
[0m15:51:33.605568 [debug] [Thread-2 (]: Applying DROP to: AIRBNB.bronze.bronze_hosts__dbt_tmp
[0m15:51:33.607414 [debug] [Thread-2 (]: Using snowflake connection "model.aws_dbt_snowflake_project.bronze_hosts"
[0m15:51:33.608303 [debug] [Thread-2 (]: On model.aws_dbt_snowflake_project.bronze_hosts: drop view if exists AIRBNB.bronze.bronze_hosts__dbt_tmp cascade
/* {"app": "dbt", "dbt_version": "1.12.5", "profile_name": "aws_dbt_snowflake_project", "target_name": "dev", "node_id": "model.aws_dbt_snowflake_project.bronze_hosts"} */
[0m15:51:33.802962 [debug] [Thread-2 (]: SQL status: SUCCESS 1 in 0.194 seconds
[0m15:51:33.807098 [debug] [Thread-2 (]: Sending event: {'category': 'dbt', 'action': 'run_model', 'label': 'd70c5d33-4739-4f36-8e88-1bd21d1f5538', 'context': [<snowplow_tracker.self_describing_json.SelfDescribingJson object at 0x000001F4D182AD50>]}
[0m15:51:33.808272 [info ] [Thread-2 (]: 2 of 10 OK created sql incremental model bronze.bronze_hosts ................... [[32mSUCCESS 0[0m in 2.08s]
[0m15:51:33.809796 [debug] [Thread-2 (]: Finished running node model.aws_dbt_snowflake_project.bronze_hosts
[0m15:51:33.810605 [debug] [Thread-2 (]: Began running node model.aws_dbt_snowflake_project.bronze_listings
[0m15:51:33.811848 [info ] [Thread-2 (]: 3 of 10 START sql incremental model bronze.bronze_listings ..................... [RUN]
[0m15:51:33.813034 [debug] [Thread-2 (]: Re-using an available connection from the pool (formerly model.aws_dbt_snowflake_project.bronze_hosts, now model.aws_dbt_snowflake_project.bronze_listings)
[0m15:51:33.813781 [debug] [Thread-2 (]: Began compiling node model.aws_dbt_snowflake_project.bronze_listings
[0m15:51:33.818481 [debug] [Thread-2 (]: Writing injected SQL for node "model.aws_dbt_snowflake_project.bronze_listings"
[0m15:51:33.820589 [debug] [Thread-2 (]: Began executing node model.aws_dbt_snowflake_project.bronze_listings
[0m15:51:33.828738 [debug] [Thread-2 (]: Using snowflake connection "model.aws_dbt_snowflake_project.bronze_listings"
[0m15:51:33.829858 [debug] [Thread-2 (]: On model.aws_dbt_snowflake_project.bronze_listings: create or replace  temporary view AIRBNB.bronze.bronze_listings__dbt_tmp
  
  
  
  
  as (
    


SELECT * FROM  AIRBNB.staging.listings


    WHERE CREATED_AT > (SELECT COALESCE(MAX(CREATED_AT), '1900-01-01') FROM AIRBNB.bronze.bronze_listings)

  )
/* {"app": "dbt", "dbt_version": "1.12.5", "profile_name": "aws_dbt_snowflake_project", "target_name": "dev", "node_id": "model.aws_dbt_snowflake_project.bronze_listings"} */;
[0m15:51:34.110520 [debug] [Thread-2 (]: SQL status: SUCCESS 1 in 0.280 seconds
[0m15:51:34.114091 [debug] [Thread-2 (]: Using snowflake connection "model.aws_dbt_snowflake_project.bronze_listings"
[0m15:51:34.114941 [debug] [Thread-2 (]: On model.aws_dbt_snowflake_project.bronze_listings: describe table AIRBNB.bronze.bronze_listings__dbt_tmp
/* {"app": "dbt", "dbt_version": "1.12.5", "profile_name": "aws_dbt_snowflake_project", "target_name": "dev", "node_id": "model.aws_dbt_snowflake_project.bronze_listings"} */
[0m15:51:34.316980 [debug] [Thread-2 (]: SQL status: SUCCESS 11 in 0.201 seconds
[0m15:51:34.329286 [debug] [Thread-2 (]: Using snowflake connection "model.aws_dbt_snowflake_project.bronze_listings"
[0m15:51:34.330075 [debug] [Thread-2 (]: On model.aws_dbt_snowflake_project.bronze_listings: describe table AIRBNB.bronze.bronze_listings
/* {"app": "dbt", "dbt_version": "1.12.5", "profile_name": "aws_dbt_snowflake_project", "target_name": "dev", "node_id": "model.aws_dbt_snowflake_project.bronze_listings"} */
[0m15:51:34.522657 [debug] [Thread-2 (]: SQL status: SUCCESS 11 in 0.191 seconds
[0m15:51:34.534581 [debug] [Thread-2 (]: Using snowflake connection "model.aws_dbt_snowflake_project.bronze_listings"
[0m15:51:34.536113 [debug] [Thread-2 (]: On model.aws_dbt_snowflake_project.bronze_listings: describe table "AIRBNB"."BRONZE"."BRONZE_LISTINGS"
/* {"app": "dbt", "dbt_version": "1.12.5", "profile_name": "aws_dbt_snowflake_project", "target_name": "dev", "node_id": "model.aws_dbt_snowflake_project.bronze_listings"} */
[0m15:51:34.728113 [debug] [Thread-2 (]: SQL status: SUCCESS 11 in 0.190 seconds
[0m15:51:34.740281 [debug] [Thread-2 (]: Writing runtime sql for node "model.aws_dbt_snowflake_project.bronze_listings"
[0m15:51:34.746737 [debug] [Thread-2 (]: Using snowflake connection "model.aws_dbt_snowflake_project.bronze_listings"
[0m15:51:34.747719 [debug] [Thread-2 (]: On model.aws_dbt_snowflake_project.bronze_listings: -- back compat for old kwarg name
  
  begin
/* {"app": "dbt", "dbt_version": "1.12.5", "profile_name": "aws_dbt_snowflake_project", "target_name": "dev", "node_id": "model.aws_dbt_snowflake_project.bronze_listings"} */;
[0m15:51:34.930301 [debug] [Thread-2 (]: SQL status: SUCCESS 1 in 0.182 seconds
[0m15:51:34.930911 [debug] [Thread-2 (]: Using snowflake connection "model.aws_dbt_snowflake_project.bronze_listings"
[0m15:51:34.931449 [debug] [Thread-2 (]: On model.aws_dbt_snowflake_project.bronze_listings: insert into AIRBNB.bronze.bronze_listings ("LISTING_ID", "HOST_ID", "PROPERTY_TYPE", "ROOM_TYPE", "CITY", "COUNTRY", "ACCOMMODATES", "BEDROOMS", "BATHROOMS", "PRICE_PER_NIGHT", "CREATED_AT")
        (
            select "LISTING_ID", "HOST_ID", "PROPERTY_TYPE", "ROOM_TYPE", "CITY", "COUNTRY", "ACCOMMODATES", "BEDROOMS", "BATHROOMS", "PRICE_PER_NIGHT", "CREATED_AT"
            from AIRBNB.bronze.bronze_listings__dbt_tmp
        )
/* {"app": "dbt", "dbt_version": "1.12.5", "profile_name": "aws_dbt_snowflake_project", "target_name": "dev", "node_id": "model.aws_dbt_snowflake_project.bronze_listings"} */;
[0m15:51:35.441259 [debug] [Thread-2 (]: SQL status: SUCCESS 0 in 0.509 seconds
[0m15:51:35.441940 [debug] [Thread-2 (]: Using snowflake connection "model.aws_dbt_snowflake_project.bronze_listings"
[0m15:51:35.442424 [debug] [Thread-2 (]: On model.aws_dbt_snowflake_project.bronze_listings: COMMIT
/* {"app": "dbt", "dbt_version": "1.12.5", "profile_name": "aws_dbt_snowflake_project", "target_name": "dev", "node_id": "model.aws_dbt_snowflake_project.bronze_listings"} */
[0m15:51:35.646244 [debug] [Thread-2 (]: SQL status: SUCCESS 1 in 0.203 seconds
[0m15:51:35.649839 [debug] [Thread-2 (]: Applying DROP to: AIRBNB.bronze.bronze_listings__dbt_tmp
[0m15:51:35.652292 [debug] [Thread-2 (]: Using snowflake connection "model.aws_dbt_snowflake_project.bronze_listings"
[0m15:51:35.653198 [debug] [Thread-2 (]: On model.aws_dbt_snowflake_project.bronze_listings: drop view if exists AIRBNB.bronze.bronze_listings__dbt_tmp cascade
/* {"app": "dbt", "dbt_version": "1.12.5", "profile_name": "aws_dbt_snowflake_project", "target_name": "dev", "node_id": "model.aws_dbt_snowflake_project.bronze_listings"} */
[0m15:51:35.850695 [debug] [Thread-2 (]: SQL status: SUCCESS 1 in 0.197 seconds
[0m15:51:35.853678 [debug] [Thread-2 (]: Sending event: {'category': 'dbt', 'action': 'run_model', 'label': 'd70c5d33-4739-4f36-8e88-1bd21d1f5538', 'context': [<snowplow_tracker.self_describing_json.SelfDescribingJson object at 0x000001F4D17E92E0>]}
[0m15:51:35.854442 [info ] [Thread-2 (]: 3 of 10 OK created sql incremental model bronze.bronze_listings ................ [[32mSUCCESS 0[0m in 2.04s]
[0m15:51:35.855462 [debug] [Thread-2 (]: Finished running node model.aws_dbt_snowflake_project.bronze_listings
[0m15:51:35.856041 [debug] [Thread-2 (]: Began running node model.aws_dbt_snowflake_project.obt
[0m15:51:35.856716 [info ] [Thread-2 (]: 4 of 10 START sql table model gold.obt ......................................... [RUN]
[0m15:51:35.857683 [debug] [Thread-2 (]: Re-using an available connection from the pool (formerly model.aws_dbt_snowflake_project.bronze_listings, now model.aws_dbt_snowflake_project.obt)
[0m15:51:35.858290 [debug] [Thread-2 (]: Began compiling node model.aws_dbt_snowflake_project.obt
[0m15:51:35.863913 [debug] [Thread-2 (]: Writing injected SQL for node "model.aws_dbt_snowflake_project.obt"
[0m15:51:35.865469 [debug] [Thread-2 (]: Began executing node model.aws_dbt_snowflake_project.obt
[0m15:51:35.918578 [debug] [Thread-2 (]: Writing runtime sql for node "model.aws_dbt_snowflake_project.obt"
[0m15:51:35.922641 [debug] [Thread-2 (]: Using snowflake connection "model.aws_dbt_snowflake_project.obt"
[0m15:51:35.923342 [debug] [Thread-2 (]: On model.aws_dbt_snowflake_project.obt: create or replace transient table AIRBNB.gold.obt
    
    
    
    
    

    as (



SELECT 
    
        SILVER_bookings.*,
    
        SILVER_listings.HOST_ID, SILVER_listings.PROPERTY_TYPE, SILVER_listings.ROOM_TYPE, SILVER_listings.CITY, SILVER_listings.COUNTRY, SILVER_listings.ACCOMMODATES, SILVER_listings.BEDROOMS, SILVER_listings.BATHROOMS, SILVER_listings.PRICE_PER_NIGHT, silver_listings.PRICE_PER_NIGHT_TAG, SILVER_listings.CREATED_AT AS LISTING_CREATED_AT,
    
        SILVER_hosts.HOST_NAME, SILVER_hosts.HOST_SINCE, SILVER_hosts.IS_SUPERHOST, SILVER_hosts.RESPONSE_RATE, SILVER_hosts.RESPONSE_RATE_QUALITY, SILVER_hosts.CREATED_AT AS HOST_CREATED_AT
    
FROM
    
    
      AIRBNB.SILVER.SILVER_BOOKINGS AS SILVER_bookings
    
        
    
        LEFT JOIN AIRBNB.SILVER.SILVER_LISTINGS AS SILVER_listings
        ON SILVER_bookings.listing_id = SILVER_listings.listing_id
        
        
    
        LEFT JOIN AIRBNB.SILVER.SILVER_HOSTS AS SILVER_hosts
        ON SILVER_listings.host_id = SILVER_hosts.host_id
        
        
    )

/* {"app": "dbt", "dbt_version": "1.12.5", "profile_name": "aws_dbt_snowflake_project", "target_name": "dev", "node_id": "model.aws_dbt_snowflake_project.obt"} */;
[0m15:51:37.183730 [debug] [Thread-2 (]: SQL status: SUCCESS 5000 in 1.260 seconds
[0m15:51:37.190519 [debug] [Thread-2 (]: Sending event: {'category': 'dbt', 'action': 'run_model', 'label': 'd70c5d33-4739-4f36-8e88-1bd21d1f5538', 'context': [<snowplow_tracker.self_describing_json.SelfDescribingJson object at 0x000001F4D18D2D50>]}
[0m15:51:37.191303 [info ] [Thread-2 (]: 4 of 10 OK created sql table model gold.obt .................................... [[32mSUCCESS 5000[0m in 1.33s]
[0m15:51:37.192247 [debug] [Thread-2 (]: Finished running node model.aws_dbt_snowflake_project.obt
[0m15:51:37.192729 [debug] [Thread-2 (]: Began running node model.aws_dbt_snowflake_project.silver_bookings
[0m15:51:37.193299 [info ] [Thread-2 (]: 5 of 10 START sql incremental model silver.silver_bookings ..................... [RUN]
[0m15:51:37.194065 [debug] [Thread-2 (]: Re-using an available connection from the pool (formerly model.aws_dbt_snowflake_project.obt, now model.aws_dbt_snowflake_project.silver_bookings)
[0m15:51:37.194504 [debug] [Thread-2 (]: Began compiling node model.aws_dbt_snowflake_project.silver_bookings
[0m15:51:37.198752 [debug] [Thread-2 (]: Writing injected SQL for node "model.aws_dbt_snowflake_project.silver_bookings"
[0m15:51:37.204252 [debug] [Thread-2 (]: Began executing node model.aws_dbt_snowflake_project.silver_bookings
[0m15:51:37.209371 [debug] [Thread-2 (]: Using snowflake connection "model.aws_dbt_snowflake_project.silver_bookings"
[0m15:51:37.210048 [debug] [Thread-2 (]: On model.aws_dbt_snowflake_project.silver_bookings: create or replace  temporary view AIRBNB.silver.silver_bookings__dbt_tmp
  
  
  
  
  as (
    

select 
    BOOKING_ID,
    LISTING_ID,
    BOOKING_DATE,
    
    round(NIGHTS_BOOKED * BOOKING_AMOUNT,2)
 as TOTAL_BOOKING_PRICE ,
    SERVICE_FEE,
    CLEANING_FEE,
    BOOKING_STATUS,
    CREATED_AT 
FROM AIRBNB.bronze.bronze_bookings
  )
/* {"app": "dbt", "dbt_version": "1.12.5", "profile_name": "aws_dbt_snowflake_project", "target_name": "dev", "node_id": "model.aws_dbt_snowflake_project.silver_bookings"} */;
[0m15:51:37.489670 [debug] [Thread-2 (]: SQL status: SUCCESS 1 in 0.279 seconds
[0m15:51:37.492022 [debug] [Thread-2 (]: Using snowflake connection "model.aws_dbt_snowflake_project.silver_bookings"
[0m15:51:37.492535 [debug] [Thread-2 (]: On model.aws_dbt_snowflake_project.silver_bookings: describe table AIRBNB.silver.silver_bookings__dbt_tmp
/* {"app": "dbt", "dbt_version": "1.12.5", "profile_name": "aws_dbt_snowflake_project", "target_name": "dev", "node_id": "model.aws_dbt_snowflake_project.silver_bookings"} */
[0m15:51:37.695019 [debug] [Thread-2 (]: SQL status: SUCCESS 8 in 0.202 seconds
[0m15:51:37.699582 [debug] [Thread-2 (]: Using snowflake connection "model.aws_dbt_snowflake_project.silver_bookings"
[0m15:51:37.700256 [debug] [Thread-2 (]: On model.aws_dbt_snowflake_project.silver_bookings: describe table AIRBNB.silver.silver_bookings
/* {"app": "dbt", "dbt_version": "1.12.5", "profile_name": "aws_dbt_snowflake_project", "target_name": "dev", "node_id": "model.aws_dbt_snowflake_project.silver_bookings"} */
[0m15:51:37.901176 [debug] [Thread-2 (]: SQL status: SUCCESS 8 in 0.200 seconds
[0m15:51:37.906781 [debug] [Thread-2 (]: Using snowflake connection "model.aws_dbt_snowflake_project.silver_bookings"
[0m15:51:37.907500 [debug] [Thread-2 (]: On model.aws_dbt_snowflake_project.silver_bookings: describe table "AIRBNB"."SILVER"."SILVER_BOOKINGS"
/* {"app": "dbt", "dbt_version": "1.12.5", "profile_name": "aws_dbt_snowflake_project", "target_name": "dev", "node_id": "model.aws_dbt_snowflake_project.silver_bookings"} */
[0m15:51:38.106520 [debug] [Thread-2 (]: SQL status: SUCCESS 8 in 0.198 seconds
[0m15:51:38.142459 [debug] [Thread-2 (]: Writing runtime sql for node "model.aws_dbt_snowflake_project.silver_bookings"
[0m15:51:38.145244 [debug] [Thread-2 (]: Using snowflake connection "model.aws_dbt_snowflake_project.silver_bookings"
[0m15:51:38.145813 [debug] [Thread-2 (]: On model.aws_dbt_snowflake_project.silver_bookings: -- back compat for old kwarg name
  
  begin
/* {"app": "dbt", "dbt_version": "1.12.5", "profile_name": "aws_dbt_snowflake_project", "target_name": "dev", "node_id": "model.aws_dbt_snowflake_project.silver_bookings"} */;
[0m15:51:38.311268 [debug] [Thread-2 (]: SQL status: SUCCESS 1 in 0.165 seconds
[0m15:51:38.311979 [debug] [Thread-2 (]: Using snowflake connection "model.aws_dbt_snowflake_project.silver_bookings"
[0m15:51:38.312604 [debug] [Thread-2 (]: On model.aws_dbt_snowflake_project.silver_bookings: merge into AIRBNB.silver.silver_bookings as DBT_INTERNAL_DEST
        using AIRBNB.silver.silver_bookings__dbt_tmp as DBT_INTERNAL_SOURCE
        on ((DBT_INTERNAL_SOURCE.BOOKING_ID = DBT_INTERNAL_DEST.BOOKING_ID))

    
    when matched then update set
        "BOOKING_ID" = DBT_INTERNAL_SOURCE."BOOKING_ID","LISTING_ID" = DBT_INTERNAL_SOURCE."LISTING_ID","BOOKING_DATE" = DBT_INTERNAL_SOURCE."BOOKING_DATE","TOTAL_BOOKING_PRICE" = DBT_INTERNAL_SOURCE."TOTAL_BOOKING_PRICE","SERVICE_FEE" = DBT_INTERNAL_SOURCE."SERVICE_FEE","CLEANING_FEE" = DBT_INTERNAL_SOURCE."CLEANING_FEE","BOOKING_STATUS" = DBT_INTERNAL_SOURCE."BOOKING_STATUS","CREATED_AT" = DBT_INTERNAL_SOURCE."CREATED_AT"
    

    when not matched then insert
        ("BOOKING_ID", "LISTING_ID", "BOOKING_DATE", "TOTAL_BOOKING_PRICE", "SERVICE_FEE", "CLEANING_FEE", "BOOKING_STATUS", "CREATED_AT")
    values
        ("BOOKING_ID", "LISTING_ID", "BOOKING_DATE", "TOTAL_BOOKING_PRICE", "SERVICE_FEE", "CLEANING_FEE", "BOOKING_STATUS", "CREATED_AT")


/* {"app": "dbt", "dbt_version": "1.12.5", "profile_name": "aws_dbt_snowflake_project", "target_name": "dev", "node_id": "model.aws_dbt_snowflake_project.silver_bookings"} */;
[0m15:51:38.974225 [debug] [Thread-2 (]: SQL status: SUCCESS 5000 in 0.661 seconds
[0m15:51:38.974949 [debug] [Thread-2 (]: Using snowflake connection "model.aws_dbt_snowflake_project.silver_bookings"
[0m15:51:38.975520 [debug] [Thread-2 (]: On model.aws_dbt_snowflake_project.silver_bookings: COMMIT
/* {"app": "dbt", "dbt_version": "1.12.5", "profile_name": "aws_dbt_snowflake_project", "target_name": "dev", "node_id": "model.aws_dbt_snowflake_project.silver_bookings"} */
[0m15:51:39.268109 [debug] [Thread-2 (]: SQL status: SUCCESS 1 in 0.292 seconds
[0m15:51:39.273236 [debug] [Thread-2 (]: Applying DROP to: AIRBNB.silver.silver_bookings__dbt_tmp
[0m15:51:39.274701 [debug] [Thread-2 (]: Using snowflake connection "model.aws_dbt_snowflake_project.silver_bookings"
[0m15:51:39.275329 [debug] [Thread-2 (]: On model.aws_dbt_snowflake_project.silver_bookings: drop view if exists AIRBNB.silver.silver_bookings__dbt_tmp cascade
/* {"app": "dbt", "dbt_version": "1.12.5", "profile_name": "aws_dbt_snowflake_project", "target_name": "dev", "node_id": "model.aws_dbt_snowflake_project.silver_bookings"} */
[0m15:51:39.522386 [debug] [Thread-2 (]: SQL status: SUCCESS 1 in 0.246 seconds
[0m15:51:39.528549 [debug] [Thread-2 (]: Sending event: {'category': 'dbt', 'action': 'run_model', 'label': 'd70c5d33-4739-4f36-8e88-1bd21d1f5538', 'context': [<snowplow_tracker.self_describing_json.SelfDescribingJson object at 0x000001F4D1600AD0>]}
[0m15:51:39.530373 [info ] [Thread-2 (]: 5 of 10 OK created sql incremental model silver.silver_bookings ................ [[32mSUCCESS 5000[0m in 2.33s]
[0m15:51:39.532450 [debug] [Thread-2 (]: Finished running node model.aws_dbt_snowflake_project.silver_bookings
[0m15:51:39.533648 [debug] [Thread-2 (]: Began running node model.aws_dbt_snowflake_project.silver_hosts
[0m15:51:39.534968 [info ] [Thread-2 (]: 6 of 10 START sql incremental model silver.silver_hosts ........................ [RUN]
[0m15:51:39.536393 [debug] [Thread-2 (]: Re-using an available connection from the pool (formerly model.aws_dbt_snowflake_project.silver_bookings, now model.aws_dbt_snowflake_project.silver_hosts)
[0m15:51:39.537764 [debug] [Thread-2 (]: Began compiling node model.aws_dbt_snowflake_project.silver_hosts
[0m15:51:39.542745 [debug] [Thread-2 (]: Writing injected SQL for node "model.aws_dbt_snowflake_project.silver_hosts"
[0m15:51:39.545846 [debug] [Thread-2 (]: Began executing node model.aws_dbt_snowflake_project.silver_hosts
[0m15:51:39.552411 [debug] [Thread-2 (]: Using snowflake connection "model.aws_dbt_snowflake_project.silver_hosts"
[0m15:51:39.553585 [debug] [Thread-2 (]: On model.aws_dbt_snowflake_project.silver_hosts: create or replace  temporary view AIRBNB.silver.silver_hosts__dbt_tmp
  
  
  
  
  as (
    

SELECT 
    HOST_ID,
    REPLACE(HOST_NAME, ' ', '_') AS HOST_NAME,
    HOST_SINCE AS HOST_SINCE,
    IS_SUPERHOST AS IS_SUPERHOST,
    RESPONSE_RATE AS RESPONSE_RATE,
    CASE 
    WHEN RESPONSE_RATE > 95 THEN 'VERY GOOD'
    WHEN RESPONSE_RATE > 80 THEN 'GOOD'
    WHEN RESPONSE_RATE > 60 THEN 'FAIR' 
    ELSE 'POOR'
    END AS RESPONSE_RATE_QUALITY,
    CREATED_AT AS CREATED_AT
FROM 
    AIRBNB.bronze.bronze_hosts
  )
/* {"app": "dbt", "dbt_version": "1.12.5", "profile_name": "aws_dbt_snowflake_project", "target_name": "dev", "node_id": "model.aws_dbt_snowflake_project.silver_hosts"} */;
[0m15:51:39.827673 [debug] [Thread-2 (]: SQL status: SUCCESS 1 in 0.273 seconds
[0m15:51:39.830362 [debug] [Thread-2 (]: Using snowflake connection "model.aws_dbt_snowflake_project.silver_hosts"
[0m15:51:39.831040 [debug] [Thread-2 (]: On model.aws_dbt_snowflake_project.silver_hosts: describe table AIRBNB.silver.silver_hosts__dbt_tmp
/* {"app": "dbt", "dbt_version": "1.12.5", "profile_name": "aws_dbt_snowflake_project", "target_name": "dev", "node_id": "model.aws_dbt_snowflake_project.silver_hosts"} */
[0m15:51:39.984428 [debug] [Thread-2 (]: SQL status: SUCCESS 7 in 0.153 seconds
[0m15:51:39.988166 [debug] [Thread-2 (]: Using snowflake connection "model.aws_dbt_snowflake_project.silver_hosts"
[0m15:51:39.988792 [debug] [Thread-2 (]: On model.aws_dbt_snowflake_project.silver_hosts: describe table AIRBNB.silver.silver_hosts
/* {"app": "dbt", "dbt_version": "1.12.5", "profile_name": "aws_dbt_snowflake_project", "target_name": "dev", "node_id": "model.aws_dbt_snowflake_project.silver_hosts"} */
[0m15:51:40.159680 [debug] [Thread-2 (]: SQL status: SUCCESS 7 in 0.170 seconds
[0m15:51:40.162965 [debug] [Thread-2 (]: Using snowflake connection "model.aws_dbt_snowflake_project.silver_hosts"
[0m15:51:40.163480 [debug] [Thread-2 (]: On model.aws_dbt_snowflake_project.silver_hosts: describe table "AIRBNB"."SILVER"."SILVER_HOSTS"
/* {"app": "dbt", "dbt_version": "1.12.5", "profile_name": "aws_dbt_snowflake_project", "target_name": "dev", "node_id": "model.aws_dbt_snowflake_project.silver_hosts"} */
[0m15:51:40.341670 [debug] [Thread-2 (]: SQL status: SUCCESS 7 in 0.178 seconds
[0m15:51:40.346972 [debug] [Thread-2 (]: Writing runtime sql for node "model.aws_dbt_snowflake_project.silver_hosts"
[0m15:51:40.352849 [debug] [Thread-2 (]: Using snowflake connection "model.aws_dbt_snowflake_project.silver_hosts"
[0m15:51:40.353582 [debug] [Thread-2 (]: On model.aws_dbt_snowflake_project.silver_hosts: -- back compat for old kwarg name
  
  begin
/* {"app": "dbt", "dbt_version": "1.12.5", "profile_name": "aws_dbt_snowflake_project", "target_name": "dev", "node_id": "model.aws_dbt_snowflake_project.silver_hosts"} */;
[0m15:51:40.548359 [debug] [Thread-2 (]: SQL status: SUCCESS 1 in 0.194 seconds
[0m15:51:40.549183 [debug] [Thread-2 (]: Using snowflake connection "model.aws_dbt_snowflake_project.silver_hosts"
[0m15:51:40.549992 [debug] [Thread-2 (]: On model.aws_dbt_snowflake_project.silver_hosts: merge into AIRBNB.silver.silver_hosts as DBT_INTERNAL_DEST
        using AIRBNB.silver.silver_hosts__dbt_tmp as DBT_INTERNAL_SOURCE
        on ((DBT_INTERNAL_SOURCE.HOST_ID = DBT_INTERNAL_DEST.HOST_ID))

    
    when matched then update set
        "HOST_ID" = DBT_INTERNAL_SOURCE."HOST_ID","HOST_NAME" = DBT_INTERNAL_SOURCE."HOST_NAME","HOST_SINCE" = DBT_INTERNAL_SOURCE."HOST_SINCE","IS_SUPERHOST" = DBT_INTERNAL_SOURCE."IS_SUPERHOST","RESPONSE_RATE" = DBT_INTERNAL_SOURCE."RESPONSE_RATE","RESPONSE_RATE_QUALITY" = DBT_INTERNAL_SOURCE."RESPONSE_RATE_QUALITY","CREATED_AT" = DBT_INTERNAL_SOURCE."CREATED_AT"
    

    when not matched then insert
        ("HOST_ID", "HOST_NAME", "HOST_SINCE", "IS_SUPERHOST", "RESPONSE_RATE", "RESPONSE_RATE_QUALITY", "CREATED_AT")
    values
        ("HOST_ID", "HOST_NAME", "HOST_SINCE", "IS_SUPERHOST", "RESPONSE_RATE", "RESPONSE_RATE_QUALITY", "CREATED_AT")


/* {"app": "dbt", "dbt_version": "1.12.5", "profile_name": "aws_dbt_snowflake_project", "target_name": "dev", "node_id": "model.aws_dbt_snowflake_project.silver_hosts"} */;
[0m15:51:41.290906 [debug] [Thread-2 (]: SQL status: SUCCESS 200 in 0.740 seconds
[0m15:51:41.291733 [debug] [Thread-2 (]: Using snowflake connection "model.aws_dbt_snowflake_project.silver_hosts"
[0m15:51:41.292330 [debug] [Thread-2 (]: On model.aws_dbt_snowflake_project.silver_hosts: COMMIT
/* {"app": "dbt", "dbt_version": "1.12.5", "profile_name": "aws_dbt_snowflake_project", "target_name": "dev", "node_id": "model.aws_dbt_snowflake_project.silver_hosts"} */
[0m15:51:41.571257 [debug] [Thread-2 (]: SQL status: SUCCESS 1 in 0.278 seconds
[0m15:51:41.576157 [debug] [Thread-2 (]: Applying DROP to: AIRBNB.silver.silver_hosts__dbt_tmp
[0m15:51:41.578579 [debug] [Thread-2 (]: Using snowflake connection "model.aws_dbt_snowflake_project.silver_hosts"
[0m15:51:41.579856 [debug] [Thread-2 (]: On model.aws_dbt_snowflake_project.silver_hosts: drop view if exists AIRBNB.silver.silver_hosts__dbt_tmp cascade
/* {"app": "dbt", "dbt_version": "1.12.5", "profile_name": "aws_dbt_snowflake_project", "target_name": "dev", "node_id": "model.aws_dbt_snowflake_project.silver_hosts"} */
[0m15:51:41.775612 [debug] [Thread-2 (]: SQL status: SUCCESS 1 in 0.195 seconds
[0m15:51:41.778419 [debug] [Thread-2 (]: Sending event: {'category': 'dbt', 'action': 'run_model', 'label': 'd70c5d33-4739-4f36-8e88-1bd21d1f5538', 'context': [<snowplow_tracker.self_describing_json.SelfDescribingJson object at 0x000001F4C9C6A970>]}
[0m15:51:41.779241 [info ] [Thread-2 (]: 6 of 10 OK created sql incremental model silver.silver_hosts ................... [[32mSUCCESS 200[0m in 2.24s]
[0m15:51:41.780590 [debug] [Thread-2 (]: Finished running node model.aws_dbt_snowflake_project.silver_hosts
[0m15:51:41.781351 [debug] [Thread-2 (]: Began running node model.aws_dbt_snowflake_project.silver_listings
[0m15:51:41.782119 [info ] [Thread-2 (]: 7 of 10 START sql incremental model silver.silver_listings ..................... [RUN]
[0m15:51:41.783045 [debug] [Thread-2 (]: Re-using an available connection from the pool (formerly model.aws_dbt_snowflake_project.silver_hosts, now model.aws_dbt_snowflake_project.silver_listings)
[0m15:51:41.783542 [debug] [Thread-2 (]: Began compiling node model.aws_dbt_snowflake_project.silver_listings
[0m15:51:41.787452 [debug] [Thread-2 (]: Writing injected SQL for node "model.aws_dbt_snowflake_project.silver_listings"
[0m15:51:41.790912 [debug] [Thread-2 (]: Began executing node model.aws_dbt_snowflake_project.silver_listings
[0m15:51:41.797614 [debug] [Thread-2 (]: Using snowflake connection "model.aws_dbt_snowflake_project.silver_listings"
[0m15:51:41.798606 [debug] [Thread-2 (]: On model.aws_dbt_snowflake_project.silver_listings: create or replace  temporary view AIRBNB.silver.silver_listings__dbt_tmp
  
  
  
  
  as (
    

SELECT 
    LISTING_ID,
    HOST_ID,
    PROPERTY_TYPE,
    ROOM_TYPE,
    CITY,
    COUNTRY,
    ACCOMMODATES,
    BEDROOMS,
    BATHROOMS,
    PRICE_PER_NIGHT,
    
    CASE 
        WHEN CAST(PRICE_PER_NIGHT AS INT) < 100 THEN 'low'
        WHEN CAST(PRICE_PER_NIGHT AS INT) < 200 THEN 'medium'
        ELSE 'high'
    END
 AS PRICE_PER_NIGHT_TAG,
    CREATED_AT
FROM 
    AIRBNB.bronze.bronze_listings
  )
/* {"app": "dbt", "dbt_version": "1.12.5", "profile_name": "aws_dbt_snowflake_project", "target_name": "dev", "node_id": "model.aws_dbt_snowflake_project.silver_listings"} */;
[0m15:51:42.087604 [debug] [Thread-2 (]: SQL status: SUCCESS 1 in 0.288 seconds
[0m15:51:42.093445 [debug] [Thread-2 (]: Using snowflake connection "model.aws_dbt_snowflake_project.silver_listings"
[0m15:51:42.094475 [debug] [Thread-2 (]: On model.aws_dbt_snowflake_project.silver_listings: describe table AIRBNB.silver.silver_listings__dbt_tmp
/* {"app": "dbt", "dbt_version": "1.12.5", "profile_name": "aws_dbt_snowflake_project", "target_name": "dev", "node_id": "model.aws_dbt_snowflake_project.silver_listings"} */
[0m15:51:42.285712 [debug] [Thread-2 (]: SQL status: SUCCESS 12 in 0.190 seconds
[0m15:51:42.289736 [debug] [Thread-2 (]: Using snowflake connection "model.aws_dbt_snowflake_project.silver_listings"
[0m15:51:42.290356 [debug] [Thread-2 (]: On model.aws_dbt_snowflake_project.silver_listings: describe table AIRBNB.silver.silver_listings
/* {"app": "dbt", "dbt_version": "1.12.5", "profile_name": "aws_dbt_snowflake_project", "target_name": "dev", "node_id": "model.aws_dbt_snowflake_project.silver_listings"} */
[0m15:51:42.435360 [debug] [Thread-2 (]: SQL status: SUCCESS 12 in 0.144 seconds
[0m15:51:42.440625 [debug] [Thread-2 (]: Using snowflake connection "model.aws_dbt_snowflake_project.silver_listings"
[0m15:51:42.441212 [debug] [Thread-2 (]: On model.aws_dbt_snowflake_project.silver_listings: describe table "AIRBNB"."SILVER"."SILVER_LISTINGS"
/* {"app": "dbt", "dbt_version": "1.12.5", "profile_name": "aws_dbt_snowflake_project", "target_name": "dev", "node_id": "model.aws_dbt_snowflake_project.silver_listings"} */
[0m15:51:42.615562 [debug] [Thread-2 (]: SQL status: SUCCESS 12 in 0.174 seconds
[0m15:51:42.622226 [debug] [Thread-2 (]: Writing runtime sql for node "model.aws_dbt_snowflake_project.silver_listings"
[0m15:51:42.625949 [debug] [Thread-2 (]: Using snowflake connection "model.aws_dbt_snowflake_project.silver_listings"
[0m15:51:42.626761 [debug] [Thread-2 (]: On model.aws_dbt_snowflake_project.silver_listings: -- back compat for old kwarg name
  
  begin
/* {"app": "dbt", "dbt_version": "1.12.5", "profile_name": "aws_dbt_snowflake_project", "target_name": "dev", "node_id": "model.aws_dbt_snowflake_project.silver_listings"} */;
[0m15:51:42.800074 [debug] [Thread-2 (]: SQL status: SUCCESS 1 in 0.173 seconds
[0m15:51:42.800719 [debug] [Thread-2 (]: Using snowflake connection "model.aws_dbt_snowflake_project.silver_listings"
[0m15:51:42.801259 [debug] [Thread-2 (]: On model.aws_dbt_snowflake_project.silver_listings: merge into AIRBNB.silver.silver_listings as DBT_INTERNAL_DEST
        using AIRBNB.silver.silver_listings__dbt_tmp as DBT_INTERNAL_SOURCE
        on ((DBT_INTERNAL_SOURCE.LISTING_ID = DBT_INTERNAL_DEST.LISTING_ID))

    
    when matched then update set
        "LISTING_ID" = DBT_INTERNAL_SOURCE."LISTING_ID","HOST_ID" = DBT_INTERNAL_SOURCE."HOST_ID","PROPERTY_TYPE" = DBT_INTERNAL_SOURCE."PROPERTY_TYPE","ROOM_TYPE" = DBT_INTERNAL_SOURCE."ROOM_TYPE","CITY" = DBT_INTERNAL_SOURCE."CITY","COUNTRY" = DBT_INTERNAL_SOURCE."COUNTRY","ACCOMMODATES" = DBT_INTERNAL_SOURCE."ACCOMMODATES","BEDROOMS" = DBT_INTERNAL_SOURCE."BEDROOMS","BATHROOMS" = DBT_INTERNAL_SOURCE."BATHROOMS","PRICE_PER_NIGHT" = DBT_INTERNAL_SOURCE."PRICE_PER_NIGHT","PRICE_PER_NIGHT_TAG" = DBT_INTERNAL_SOURCE."PRICE_PER_NIGHT_TAG","CREATED_AT" = DBT_INTERNAL_SOURCE."CREATED_AT"
    

    when not matched then insert
        ("LISTING_ID", "HOST_ID", "PROPERTY_TYPE", "ROOM_TYPE", "CITY", "COUNTRY", "ACCOMMODATES", "BEDROOMS", "BATHROOMS", "PRICE_PER_NIGHT", "PRICE_PER_NIGHT_TAG", "CREATED_AT")
    values
        ("LISTING_ID", "HOST_ID", "PROPERTY_TYPE", "ROOM_TYPE", "CITY", "COUNTRY", "ACCOMMODATES", "BEDROOMS", "BATHROOMS", "PRICE_PER_NIGHT", "PRICE_PER_NIGHT_TAG", "CREATED_AT")


/* {"app": "dbt", "dbt_version": "1.12.5", "profile_name": "aws_dbt_snowflake_project", "target_name": "dev", "node_id": "model.aws_dbt_snowflake_project.silver_listings"} */;
[0m15:51:43.551769 [debug] [Thread-2 (]: SQL status: SUCCESS 500 in 0.750 seconds
[0m15:51:43.552494 [debug] [Thread-2 (]: Using snowflake connection "model.aws_dbt_snowflake_project.silver_listings"
[0m15:51:43.553054 [debug] [Thread-2 (]: On model.aws_dbt_snowflake_project.silver_listings: COMMIT
/* {"app": "dbt", "dbt_version": "1.12.5", "profile_name": "aws_dbt_snowflake_project", "target_name": "dev", "node_id": "model.aws_dbt_snowflake_project.silver_listings"} */
[0m15:51:43.822352 [debug] [Thread-2 (]: SQL status: SUCCESS 1 in 0.269 seconds
[0m15:51:43.825332 [debug] [Thread-2 (]: Applying DROP to: AIRBNB.silver.silver_listings__dbt_tmp
[0m15:51:43.826503 [debug] [Thread-2 (]: Using snowflake connection "model.aws_dbt_snowflake_project.silver_listings"
[0m15:51:43.827063 [debug] [Thread-2 (]: On model.aws_dbt_snowflake_project.silver_listings: drop view if exists AIRBNB.silver.silver_listings__dbt_tmp cascade
/* {"app": "dbt", "dbt_version": "1.12.5", "profile_name": "aws_dbt_snowflake_project", "target_name": "dev", "node_id": "model.aws_dbt_snowflake_project.silver_listings"} */
[0m15:51:44.028922 [debug] [Thread-2 (]: SQL status: SUCCESS 1 in 0.201 seconds
[0m15:51:44.032971 [debug] [Thread-2 (]: Sending event: {'category': 'dbt', 'action': 'run_model', 'label': 'd70c5d33-4739-4f36-8e88-1bd21d1f5538', 'context': [<snowplow_tracker.self_describing_json.SelfDescribingJson object at 0x000001F4D17E4FB0>]}
[0m15:51:44.033960 [info ] [Thread-2 (]: 7 of 10 OK created sql incremental model silver.silver_listings ................ [[32mSUCCESS 500[0m in 2.25s]
[0m15:51:44.035226 [debug] [Thread-2 (]: Finished running node model.aws_dbt_snowflake_project.silver_listings
[0m15:51:44.035902 [debug] [Thread-2 (]: Began running node model.aws_dbt_snowflake_project.bookings
[0m15:51:44.036571 [debug] [Thread-2 (]: Re-using an available connection from the pool (formerly model.aws_dbt_snowflake_project.silver_listings, now model.aws_dbt_snowflake_project.bookings)
[0m15:51:44.037158 [debug] [Thread-2 (]: Began compiling node model.aws_dbt_snowflake_project.bookings
[0m15:51:44.040065 [debug] [Thread-2 (]: Writing injected SQL for node "model.aws_dbt_snowflake_project.bookings"
[0m15:51:44.042628 [debug] [Thread-2 (]: Finished running node model.aws_dbt_snowflake_project.bookings
[0m15:51:44.043421 [debug] [Thread-2 (]: Began running node model.aws_dbt_snowflake_project.hosts
[0m15:51:44.045452 [debug] [Thread-2 (]: Re-using an available connection from the pool (formerly model.aws_dbt_snowflake_project.bookings, now model.aws_dbt_snowflake_project.hosts)
[0m15:51:44.046143 [debug] [Thread-2 (]: Began compiling node model.aws_dbt_snowflake_project.hosts
[0m15:51:44.049717 [debug] [Thread-2 (]: Writing injected SQL for node "model.aws_dbt_snowflake_project.hosts"
[0m15:51:44.052111 [debug] [Thread-2 (]: Finished running node model.aws_dbt_snowflake_project.hosts
[0m15:51:44.052857 [debug] [Thread-2 (]: Began running node model.aws_dbt_snowflake_project.listings
[0m15:51:44.053983 [debug] [Thread-2 (]: Re-using an available connection from the pool (formerly model.aws_dbt_snowflake_project.hosts, now model.aws_dbt_snowflake_project.listings)
[0m15:51:44.054902 [debug] [Thread-2 (]: Began compiling node model.aws_dbt_snowflake_project.listings
[0m15:51:44.058926 [debug] [Thread-2 (]: Writing injected SQL for node "model.aws_dbt_snowflake_project.listings"
[0m15:51:44.062133 [debug] [Thread-2 (]: Finished running node model.aws_dbt_snowflake_project.listings
[0m15:51:44.062977 [debug] [Thread-2 (]: Began running node snapshot.aws_dbt_snowflake_project.dim_bookings
[0m15:51:44.064042 [info ] [Thread-2 (]: 8 of 10 START snapshot gold.dim_bookings ....................................... [RUN]
[0m15:51:44.065281 [debug] [Thread-2 (]: Re-using an available connection from the pool (formerly model.aws_dbt_snowflake_project.listings, now snapshot.aws_dbt_snowflake_project.dim_bookings)
[0m15:51:44.066215 [debug] [Thread-2 (]: Began compiling node snapshot.aws_dbt_snowflake_project.dim_bookings
[0m15:51:44.070376 [debug] [Thread-2 (]: Writing injected SQL for node "snapshot.aws_dbt_snowflake_project.dim_bookings"
[0m15:51:44.072898 [debug] [Thread-2 (]: Began executing node snapshot.aws_dbt_snowflake_project.dim_bookings
[0m15:51:44.145052 [debug] [Thread-2 (]: Compilation Error in snapshot dim_bookings (snapshots\dim_bookings.yml)
  The specified strategy macro 'times tamp' was not found in package 'None'
  
  > in macro strategy_dispatch (macros\materializations\snapshots\strategies.sql)
  > called by macro materialization_snapshot_default (macros\materializations\snapshots\snapshot.sql)
  > called by macro materialization_snapshot_snowflake (macros\materializations\snapshot.sql)
  > called by snapshot dim_bookings (snapshots\dim_bookings.yml)
[0m15:51:44.145793 [debug] [Thread-2 (]: Sending event: {'category': 'dbt', 'action': 'run_model', 'label': 'd70c5d33-4739-4f36-8e88-1bd21d1f5538', 'context': [<snowplow_tracker.self_describing_json.SelfDescribingJson object at 0x000001F4D17DD7F0>]}
[0m15:51:44.147032 [error] [Thread-2 (]: 8 of 10 ERROR snapshotting gold.dim_bookings ................................... [[31mERROR[0m in 0.08s]
[0m15:51:44.148382 [debug] [Thread-2 (]: Finished running node snapshot.aws_dbt_snowflake_project.dim_bookings
[0m15:51:44.149053 [debug] [Thread-2 (]: Began running node snapshot.aws_dbt_snowflake_project.dim_hosts
[0m15:51:44.149905 [debug] [Thread-5 (]: Marking all children of 'snapshot.aws_dbt_snowflake_project.dim_bookings' to be skipped because of status 'error'.  Reason: Compilation Error in snapshot dim_bookings (snapshots\dim_bookings.yml)
  The specified strategy macro 'times tamp' was not found in package 'None'
  
  > in macro strategy_dispatch (macros\materializations\snapshots\strategies.sql)
  > called by macro materialization_snapshot_default (macros\materializations\snapshots\snapshot.sql)
  > called by macro materialization_snapshot_snowflake (macros\materializations\snapshot.sql)
  > called by snapshot dim_bookings (snapshots\dim_bookings.yml).
[0m15:51:44.150611 [info ] [Thread-2 (]: 9 of 10 START snapshot gold.dim_hosts .......................................... [RUN]
[0m15:51:44.151783 [debug] [Thread-2 (]: Re-using an available connection from the pool (formerly snapshot.aws_dbt_snowflake_project.dim_bookings, now snapshot.aws_dbt_snowflake_project.dim_hosts)
[0m15:51:44.152381 [debug] [Thread-2 (]: Began compiling node snapshot.aws_dbt_snowflake_project.dim_hosts
[0m15:51:44.155319 [debug] [Thread-2 (]: Writing injected SQL for node "snapshot.aws_dbt_snowflake_project.dim_hosts"
[0m15:51:44.157593 [debug] [Thread-2 (]: Began executing node snapshot.aws_dbt_snowflake_project.dim_hosts
[0m15:51:44.166569 [debug] [Thread-2 (]: Compilation Error in snapshot dim_hosts (snapshots\dim.hosts.yml)
  The specified strategy macro 'times tamp' was not found in package 'None'
  
  > in macro strategy_dispatch (macros\materializations\snapshots\strategies.sql)
  > called by macro materialization_snapshot_default (macros\materializations\snapshots\snapshot.sql)
  > called by macro materialization_snapshot_snowflake (macros\materializations\snapshot.sql)
  > called by snapshot dim_hosts (snapshots\dim.hosts.yml)
[0m15:51:44.167322 [debug] [Thread-2 (]: Sending event: {'category': 'dbt', 'action': 'run_model', 'label': 'd70c5d33-4739-4f36-8e88-1bd21d1f5538', 'context': [<snowplow_tracker.self_describing_json.SelfDescribingJson object at 0x000001F4C907B230>]}
[0m15:51:44.168387 [error] [Thread-2 (]: 9 of 10 ERROR snapshotting gold.dim_hosts ...................................... [[31mERROR[0m in 0.02s]
[0m15:51:44.169734 [debug] [Thread-2 (]: Finished running node snapshot.aws_dbt_snowflake_project.dim_hosts
[0m15:51:44.170672 [debug] [Thread-2 (]: Began running node snapshot.aws_dbt_snowflake_project.dim_listings
[0m15:51:44.171602 [debug] [Thread-5 (]: Marking all children of 'snapshot.aws_dbt_snowflake_project.dim_hosts' to be skipped because of status 'error'.  Reason: Compilation Error in snapshot dim_hosts (snapshots\dim.hosts.yml)
  The specified strategy macro 'times tamp' was not found in package 'None'
  
  > in macro strategy_dispatch (macros\materializations\snapshots\strategies.sql)
  > called by macro materialization_snapshot_default (macros\materializations\snapshots\snapshot.sql)
  > called by macro materialization_snapshot_snowflake (macros\materializations\snapshot.sql)
  > called by snapshot dim_hosts (snapshots\dim.hosts.yml).
[0m15:51:44.172649 [info ] [Thread-2 (]: 10 of 10 START snapshot gold.dim_listings ...................................... [RUN]
[0m15:51:44.173966 [debug] [Thread-2 (]: Re-using an available connection from the pool (formerly snapshot.aws_dbt_snowflake_project.dim_hosts, now snapshot.aws_dbt_snowflake_project.dim_listings)
[0m15:51:44.174694 [debug] [Thread-2 (]: Began compiling node snapshot.aws_dbt_snowflake_project.dim_listings
[0m15:51:44.177541 [debug] [Thread-2 (]: Writing injected SQL for node "snapshot.aws_dbt_snowflake_project.dim_listings"
[0m15:51:44.180152 [debug] [Thread-2 (]: Began executing node snapshot.aws_dbt_snowflake_project.dim_listings
[0m15:51:44.187545 [debug] [Thread-2 (]: Compilation Error in snapshot dim_listings (snapshots\dim_listings.yml)
  The specified strategy macro 'times tamp' was not found in package 'None'
  
  > in macro strategy_dispatch (macros\materializations\snapshots\strategies.sql)
  > called by macro materialization_snapshot_default (macros\materializations\snapshots\snapshot.sql)
  > called by macro materialization_snapshot_snowflake (macros\materializations\snapshot.sql)
  > called by snapshot dim_listings (snapshots\dim_listings.yml)
[0m15:51:44.188215 [debug] [Thread-2 (]: Sending event: {'category': 'dbt', 'action': 'run_model', 'label': 'd70c5d33-4739-4f36-8e88-1bd21d1f5538', 'context': [<snowplow_tracker.self_describing_json.SelfDescribingJson object at 0x000001F4D104BDD0>]}
[0m15:51:44.189163 [error] [Thread-2 (]: 10 of 10 ERROR snapshotting gold.dim_listings .................................. [[31mERROR[0m in 0.01s]
[0m15:51:44.190199 [debug] [Thread-2 (]: Finished running node snapshot.aws_dbt_snowflake_project.dim_listings
[0m15:51:44.190960 [debug] [Thread-5 (]: Marking all children of 'snapshot.aws_dbt_snowflake_project.dim_listings' to be skipped because of status 'error'.  Reason: Compilation Error in snapshot dim_listings (snapshots\dim_listings.yml)
  The specified strategy macro 'times tamp' was not found in package 'None'
  
  > in macro strategy_dispatch (macros\materializations\snapshots\strategies.sql)
  > called by macro materialization_snapshot_default (macros\materializations\snapshots\snapshot.sql)
  > called by macro materialization_snapshot_snowflake (macros\materializations\snapshot.sql)
  > called by snapshot dim_listings (snapshots\dim_listings.yml).
[0m15:51:44.192655 [debug] [MainThread]: Connection 'master' was properly closed.
[0m15:51:44.193086 [debug] [MainThread]: Connection 'list_AIRBNB' was left open.
[0m15:51:44.193474 [debug] [MainThread]: On list_AIRBNB: Close
[0m15:51:44.492937 [debug] [MainThread]: Connection 'list_AIRBNB_silver' was left open.
[0m15:51:44.493472 [debug] [MainThread]: On list_AIRBNB_silver: Close
[0m15:51:44.767915 [debug] [MainThread]: Connection 'snapshot.aws_dbt_snowflake_project.dim_listings' was left open.
[0m15:51:44.768494 [debug] [MainThread]: On snapshot.aws_dbt_snowflake_project.dim_listings: Close
[0m15:51:45.052509 [info ] [MainThread]: 
[0m15:51:45.053566 [info ] [MainThread]: Finished running 6 incremental models, 3 snapshots, 1 table model in 0 hours 0 minutes and 20.37 seconds (20.37s).
[0m15:51:45.057788 [debug] [MainThread]: Command end result
[0m15:51:45.126224 [debug] [MainThread]: Wrote artifact WritableManifest to C:\Users\samee\OneDrive\Desktop\aws_dbt_snowflake\aws_dbt_snowflake_project\target\manifest.json
[0m15:51:45.132641 [debug] [MainThread]: Wrote artifact SemanticManifest to C:\Users\samee\OneDrive\Desktop\aws_dbt_snowflake\aws_dbt_snowflake_project\target\semantic_manifest.json
[0m15:51:45.138922 [debug] [MainThread]: Wrote artifact OsiDocument to C:\Users\samee\OneDrive\Desktop\aws_dbt_snowflake\aws_dbt_snowflake_project\target\osi_document.json
[0m15:51:45.152082 [debug] [MainThread]: Wrote artifact RunExecutionResult to C:\Users\samee\OneDrive\Desktop\aws_dbt_snowflake\aws_dbt_snowflake_project\target\run_results.json
[0m15:51:45.152790 [info ] [MainThread]: 
[0m15:51:45.153634 [info ] [MainThread]: [31mCompleted with 3 errors, 0 partial successes, and 0 warnings:[0m
[0m15:51:45.154424 [info ] [MainThread]: 
[0m15:51:45.155528 [error] [MainThread]: [[31mERROR[0m]: in snapshot dim_bookings (snapshots\dim_bookings.yml)
[0m15:51:45.156676 [error] [MainThread]:   Compilation Error in snapshot dim_bookings (snapshots\dim_bookings.yml)
  The specified strategy macro 'times tamp' was not found in package 'None'
  
  > in macro strategy_dispatch (macros\materializations\snapshots\strategies.sql)
  > called by macro materialization_snapshot_default (macros\materializations\snapshots\snapshot.sql)
  > called by macro materialization_snapshot_snowflake (macros\materializations\snapshot.sql)
  > called by snapshot dim_bookings (snapshots\dim_bookings.yml)
[0m15:51:45.157569 [info ] [MainThread]: 
[0m15:51:45.158938 [info ] [MainThread]:   compiled code at target\compiled\aws_dbt_snowflake_project\snapshots\dim_bookings.yml\dim_bookings.sql
[0m15:51:45.160107 [info ] [MainThread]: 
[0m15:51:45.161501 [error] [MainThread]: [[31mERROR[0m]: in snapshot dim_hosts (snapshots\dim.hosts.yml)
[0m15:51:45.162875 [error] [MainThread]:   Compilation Error in snapshot dim_hosts (snapshots\dim.hosts.yml)
  The specified strategy macro 'times tamp' was not found in package 'None'
  
  > in macro strategy_dispatch (macros\materializations\snapshots\strategies.sql)
  > called by macro materialization_snapshot_default (macros\materializations\snapshots\snapshot.sql)
  > called by macro materialization_snapshot_snowflake (macros\materializations\snapshot.sql)
  > called by snapshot dim_hosts (snapshots\dim.hosts.yml)
[0m15:51:45.163940 [info ] [MainThread]: 
[0m15:51:45.164987 [info ] [MainThread]:   compiled code at target\compiled\aws_dbt_snowflake_project\snapshots\dim.hosts.yml\dim_hosts.sql
[0m15:51:45.165784 [info ] [MainThread]: 
[0m15:51:45.166788 [error] [MainThread]: [[31mERROR[0m]: in snapshot dim_listings (snapshots\dim_listings.yml)
[0m15:51:45.168232 [error] [MainThread]:   Compilation Error in snapshot dim_listings (snapshots\dim_listings.yml)
  The specified strategy macro 'times tamp' was not found in package 'None'
  
  > in macro strategy_dispatch (macros\materializations\snapshots\strategies.sql)
  > called by macro materialization_snapshot_default (macros\materializations\snapshots\snapshot.sql)
  > called by macro materialization_snapshot_snowflake (macros\materializations\snapshot.sql)
  > called by snapshot dim_listings (snapshots\dim_listings.yml)
[0m15:51:45.169694 [info ] [MainThread]: 
[0m15:51:45.171007 [info ] [MainThread]:   compiled code at target\compiled\aws_dbt_snowflake_project\snapshots\dim_listings.yml\dim_listings.sql
[0m15:51:45.172057 [info ] [MainThread]: 
[0m15:51:45.173273 [info ] [MainThread]: Done. PASS=7 WARN=0 ERROR=3 SKIP=0 NO-OP=0 REUSED=0 TOTAL=10
[0m15:51:45.175629 [debug] [MainThread]: Command `dbt build` failed at 15:51:45.175407 after 23.77 seconds
[0m15:51:45.176194 [debug] [MainThread]: Sending event: {'category': 'dbt', 'action': 'invocation', 'label': 'end', 'context': [<snowplow_tracker.self_describing_json.SelfDescribingJson object at 0x000001F4D18C51F0>, <snowplow_tracker.self_describing_json.SelfDescribingJson object at 0x000001F4D1592F30>, <snowplow_tracker.self_describing_json.SelfDescribingJson object at 0x000001F4CE24AD50>]}
[0m15:51:45.176660 [debug] [MainThread]: Flushing usage events
[0m15:51:46.822718 [debug] [MainThread]: An error was encountered while trying to flush usage events
[0m15:52:26.893625 [debug] [MainThread]: Sending event: {'category': 'dbt', 'action': 'invocation', 'label': 'start', 'context': [<snowplow_tracker.self_describing_json.SelfDescribingJson object at 0x000002A1B901E900>, <snowplow_tracker.self_describing_json.SelfDescribingJson object at 0x000002A1BB673ED0>, <snowplow_tracker.self_describing_json.SelfDescribingJson object at 0x000002A1BB673B10>]}


============================== 15:52:26.898815 | 01478610-e6d4-47e5-994d-56089460dd9d ==============================
[0m15:52:26.898815 [info ] [MainThread]: Running with dbt=1.12.5
[0m15:52:26.899869 [debug] [MainThread]: running dbt with arguments {'maximum_seed_size_mib': '1', 'no_print': 'None', 'version_check': 'True', 'target_path': 'None', 'warn_error_options': 'WarnErrorOptionsV2(error=[], warn=[], silence=[])', 'static_parser': 'True', 'printer_width': '80', 'write_json': 'True', 'empty': 'False', 'log_cache_events': 'False', 'introspect': 'True', 'cache_selected_only': 'False', 'log_format': 'default', 'debug': 'False', 'fail_fast': 'False', 'profiles_dir': 'C:\\Users\\samee\\OneDrive\\Desktop\\aws_dbt_snowflake\\aws_dbt_snowflake_project', 'send_anonymous_usage_stats': 'True', 'quiet': 'False', 'warn_error': 'None', 'partial_parse': 'True', 'use_colors': 'True', 'hints_enabled': 'True', 'invocation_command': 'dbt build', 'use_experimental_parser': 'False', 'indirect_selection': 'eager', 'log_path': 'C:\\Users\\samee\\OneDrive\\Desktop\\aws_dbt_snowflake\\aws_dbt_snowflake_project\\logs'}
[0m15:52:27.435649 [debug] [MainThread]: Snowflake adapter: Setting snowflake.connector to ERROR (file logging only)
[0m15:52:27.436451 [debug] [MainThread]: Snowflake adapter: Setting botocore to ERROR (file logging only)
[0m15:52:27.436873 [debug] [MainThread]: Snowflake adapter: Setting boto3 to ERROR (file logging only)
[0m15:52:27.792322 [debug] [MainThread]: Sending event: {'category': 'dbt', 'action': 'project_id', 'label': '01478610-e6d4-47e5-994d-56089460dd9d', 'context': [<snowplow_tracker.self_describing_json.SelfDescribingJson object at 0x000002A1B9542FD0>]}
[0m15:52:27.873692 [debug] [MainThread]: Sending event: {'category': 'dbt', 'action': 'adapter_info', 'label': '01478610-e6d4-47e5-994d-56089460dd9d', 'context': [<snowplow_tracker.self_describing_json.SelfDescribingJson object at 0x000002A1B9B88380>]}
[0m15:52:27.875243 [info ] [MainThread]: Registered adapter: snowflake=1.12.1
[0m15:52:28.281847 [debug] [MainThread]: checksum: 0ee1a1dce6b94271f7f4877021b9467e87e858ea987b298e8ea9f7304295ef8e, vars: {}, profile: aws_dbt_snowflake_project, target: dev, version: 1.12.5
[0m15:52:28.533389 [debug] [MainThread]: Partial parsing enabled: 0 files deleted, 0 files added, 3 files changed.
[0m15:52:28.534114 [debug] [MainThread]: Partial parsing: updated file: aws_dbt_snowflake_project://snapshots\dim_listings.yml
[0m15:52:28.534603 [debug] [MainThread]: Partial parsing: updated file: aws_dbt_snowflake_project://snapshots\dim_bookings.yml
[0m15:52:28.535060 [debug] [MainThread]: Partial parsing: updated file: aws_dbt_snowflake_project://snapshots\dim.hosts.yml
[0m15:52:28.977212 [debug] [MainThread]: Sending event: {'category': 'dbt', 'action': 'load_project', 'label': '01478610-e6d4-47e5-994d-56089460dd9d', 'context': [<snowplow_tracker.self_describing_json.SelfDescribingJson object at 0x000002A1BD3D0A50>]}
[0m15:52:29.165759 [debug] [MainThread]: Wrote artifact WritableManifest to C:\Users\samee\OneDrive\Desktop\aws_dbt_snowflake\aws_dbt_snowflake_project\target\manifest.json
[0m15:52:29.171481 [debug] [MainThread]: Wrote artifact SemanticManifest to C:\Users\samee\OneDrive\Desktop\aws_dbt_snowflake\aws_dbt_snowflake_project\target\semantic_manifest.json
[0m15:52:29.219002 [debug] [MainThread]: Wrote artifact OsiDocument to C:\Users\samee\OneDrive\Desktop\aws_dbt_snowflake\aws_dbt_snowflake_project\target\osi_document.json
[0m15:52:29.257549 [debug] [MainThread]: Sending event: {'category': 'dbt', 'action': 'resource_counts', 'label': '01478610-e6d4-47e5-994d-56089460dd9d', 'context': [<snowplow_tracker.self_describing_json.SelfDescribingJson object at 0x000002A1BE8E2E40>]}
[0m15:52:29.258354 [info ] [MainThread]: Found 11 models, 2 analyses, 3 snapshots, 3 sources, 566 macros
[0m15:52:29.262074 [info ] [MainThread]: 
[0m15:52:29.262828 [info ] [MainThread]: Concurrency: 1 threads (target='dev')
[0m15:52:29.263433 [info ] [MainThread]: 
[0m15:52:29.264334 [debug] [MainThread]: Acquiring new snowflake connection 'master'
[0m15:52:29.273151 [debug] [ThreadPool]: Acquiring new snowflake connection 'list_AIRBNB'
[0m15:52:29.292084 [debug] [ThreadPool]: Using snowflake connection "list_AIRBNB"
[0m15:52:29.292727 [debug] [ThreadPool]: On list_AIRBNB: show terse schemas in database AIRBNB
    limit 10000
/* {"app": "dbt", "dbt_version": "1.12.5", "profile_name": "aws_dbt_snowflake_project", "target_name": "dev", "connection_name": "list_AIRBNB"} */
[0m15:52:29.293190 [debug] [ThreadPool]: Opening a new connection, currently in state init
[0m15:52:30.639533 [debug] [ThreadPool]: SQL status: SUCCESS 8 in 1.346 seconds
[0m15:52:30.647858 [debug] [ThreadPool]: Using snowflake connection "list_AIRBNB"
[0m15:52:30.649234 [debug] [ThreadPool]: On list_AIRBNB: show terse schemas in database AIRBNB
    limit 10000
/* {"app": "dbt", "dbt_version": "1.12.5", "profile_name": "aws_dbt_snowflake_project", "target_name": "dev", "connection_name": "list_AIRBNB"} */
[0m15:52:30.840262 [debug] [ThreadPool]: SQL status: SUCCESS 8 in 0.190 seconds
[0m15:52:30.843811 [debug] [ThreadPool]: Using snowflake connection "list_AIRBNB"
[0m15:52:30.844415 [debug] [ThreadPool]: On list_AIRBNB: show terse schemas in database AIRBNB
    limit 10000
/* {"app": "dbt", "dbt_version": "1.12.5", "profile_name": "aws_dbt_snowflake_project", "target_name": "dev", "connection_name": "list_AIRBNB"} */
[0m15:52:31.047278 [debug] [ThreadPool]: SQL status: SUCCESS 8 in 0.202 seconds
[0m15:52:31.051810 [debug] [ThreadPool]: Acquiring new snowflake connection 'list_AIRBNB_bronze'
[0m15:52:31.067540 [debug] [ThreadPool]: Using snowflake connection "list_AIRBNB_bronze"
[0m15:52:31.068057 [debug] [ThreadPool]: On list_AIRBNB_bronze: show objects in AIRBNB.bronze
    limit 10000
    

/* {"app": "dbt", "dbt_version": "1.12.5", "profile_name": "aws_dbt_snowflake_project", "target_name": "dev", "connection_name": "list_AIRBNB_bronze"} */;
[0m15:52:31.068491 [debug] [ThreadPool]: Opening a new connection, currently in state init
[0m15:52:31.968452 [debug] [ThreadPool]: SQL status: SUCCESS 3 in 0.900 seconds
[0m15:52:31.976723 [debug] [ThreadPool]: Using snowflake connection "list_AIRBNB_bronze"
[0m15:52:31.977217 [debug] [ThreadPool]: On list_AIRBNB_bronze: show user functions in AIRBNB.bronze
/* {"app": "dbt", "dbt_version": "1.12.5", "profile_name": "aws_dbt_snowflake_project", "target_name": "dev", "connection_name": "list_AIRBNB_bronze"} */
[0m15:52:32.173567 [debug] [ThreadPool]: SQL status: SUCCESS 0 in 0.196 seconds
[0m15:52:32.175858 [debug] [ThreadPool]: Re-using an available connection from the pool (formerly list_AIRBNB_bronze, now list_AIRBNB_silver)
[0m15:52:32.178443 [debug] [ThreadPool]: Using snowflake connection "list_AIRBNB_silver"
[0m15:52:32.178888 [debug] [ThreadPool]: On list_AIRBNB_silver: show objects in AIRBNB.silver
    limit 10000
    

/* {"app": "dbt", "dbt_version": "1.12.5", "profile_name": "aws_dbt_snowflake_project", "target_name": "dev", "connection_name": "list_AIRBNB_silver"} */;
[0m15:52:32.380012 [debug] [ThreadPool]: SQL status: SUCCESS 3 in 0.201 seconds
[0m15:52:32.385793 [debug] [ThreadPool]: Using snowflake connection "list_AIRBNB_silver"
[0m15:52:32.386664 [debug] [ThreadPool]: On list_AIRBNB_silver: show user functions in AIRBNB.silver
/* {"app": "dbt", "dbt_version": "1.12.5", "profile_name": "aws_dbt_snowflake_project", "target_name": "dev", "connection_name": "list_AIRBNB_silver"} */
[0m15:52:32.573244 [debug] [ThreadPool]: SQL status: SUCCESS 0 in 0.186 seconds
[0m15:52:32.576284 [debug] [ThreadPool]: Re-using an available connection from the pool (formerly list_AIRBNB_silver, now list_AIRBNB_gold)
[0m15:52:32.579557 [debug] [ThreadPool]: Using snowflake connection "list_AIRBNB_gold"
[0m15:52:32.580067 [debug] [ThreadPool]: On list_AIRBNB_gold: show objects in AIRBNB.gold
    limit 10000
    

/* {"app": "dbt", "dbt_version": "1.12.5", "profile_name": "aws_dbt_snowflake_project", "target_name": "dev", "connection_name": "list_AIRBNB_gold"} */;
[0m15:52:32.780324 [debug] [ThreadPool]: SQL status: SUCCESS 2 in 0.200 seconds
[0m15:52:32.787726 [debug] [ThreadPool]: Using snowflake connection "list_AIRBNB_gold"
[0m15:52:32.788663 [debug] [ThreadPool]: On list_AIRBNB_gold: show user functions in AIRBNB.gold
/* {"app": "dbt", "dbt_version": "1.12.5", "profile_name": "aws_dbt_snowflake_project", "target_name": "dev", "connection_name": "list_AIRBNB_gold"} */
[0m15:52:32.982923 [debug] [ThreadPool]: SQL status: SUCCESS 0 in 0.193 seconds
[0m15:52:32.987232 [debug] [MainThread]: Sending event: {'category': 'dbt', 'action': 'runnable_timing', 'label': '01478610-e6d4-47e5-994d-56089460dd9d', 'context': [<snowplow_tracker.self_describing_json.SelfDescribingJson object at 0x000002A1BE8FAC10>]}
[0m15:52:32.995097 [debug] [Thread-2 (]: Began running node model.aws_dbt_snowflake_project.bronze_bookings
[0m15:52:32.996192 [info ] [Thread-2 (]: 1 of 10 START sql incremental model bronze.bronze_bookings ..................... [RUN]
[0m15:52:32.997742 [debug] [Thread-2 (]: Acquiring new snowflake connection 'model.aws_dbt_snowflake_project.bronze_bookings'
[0m15:52:32.998682 [debug] [Thread-2 (]: Began compiling node model.aws_dbt_snowflake_project.bronze_bookings
[0m15:52:33.021446 [debug] [Thread-2 (]: Writing injected SQL for node "model.aws_dbt_snowflake_project.bronze_bookings"
[0m15:52:33.022925 [debug] [Thread-2 (]: Began executing node model.aws_dbt_snowflake_project.bronze_bookings
[0m15:52:33.106738 [debug] [Thread-2 (]: Using snowflake connection "model.aws_dbt_snowflake_project.bronze_bookings"
[0m15:52:33.107377 [debug] [Thread-2 (]: On model.aws_dbt_snowflake_project.bronze_bookings: create or replace  temporary view AIRBNB.bronze.bronze_bookings__dbt_tmp
  
  
  
  
  as (
    


SELECT * FROM  AIRBNB.staging.bookings


    WHERE CREATED_AT > (SELECT COALESCE(MAX(CREATED_AT), '1900-01-01') FROM AIRBNB.bronze.bronze_bookings)

  )
/* {"app": "dbt", "dbt_version": "1.12.5", "profile_name": "aws_dbt_snowflake_project", "target_name": "dev", "node_id": "model.aws_dbt_snowflake_project.bronze_bookings"} */;
[0m15:52:33.107866 [debug] [Thread-2 (]: Opening a new connection, currently in state init
[0m15:52:33.915602 [debug] [Thread-2 (]: SQL status: SUCCESS 1 in 0.807 seconds
[0m15:52:33.945011 [debug] [Thread-2 (]: Using snowflake connection "model.aws_dbt_snowflake_project.bronze_bookings"
[0m15:52:33.946503 [debug] [Thread-2 (]: On model.aws_dbt_snowflake_project.bronze_bookings: describe table AIRBNB.bronze.bronze_bookings__dbt_tmp
/* {"app": "dbt", "dbt_version": "1.12.5", "profile_name": "aws_dbt_snowflake_project", "target_name": "dev", "node_id": "model.aws_dbt_snowflake_project.bronze_bookings"} */
[0m15:52:34.146699 [debug] [Thread-2 (]: SQL status: SUCCESS 9 in 0.199 seconds
[0m15:52:34.160644 [debug] [Thread-2 (]: Using snowflake connection "model.aws_dbt_snowflake_project.bronze_bookings"
[0m15:52:34.161937 [debug] [Thread-2 (]: On model.aws_dbt_snowflake_project.bronze_bookings: describe table AIRBNB.bronze.bronze_bookings
/* {"app": "dbt", "dbt_version": "1.12.5", "profile_name": "aws_dbt_snowflake_project", "target_name": "dev", "node_id": "model.aws_dbt_snowflake_project.bronze_bookings"} */
[0m15:52:34.341348 [debug] [Thread-2 (]: SQL status: SUCCESS 9 in 0.178 seconds
[0m15:52:34.371965 [debug] [Thread-2 (]: Using snowflake connection "model.aws_dbt_snowflake_project.bronze_bookings"
[0m15:52:34.372902 [debug] [Thread-2 (]: On model.aws_dbt_snowflake_project.bronze_bookings: describe table "AIRBNB"."BRONZE"."BRONZE_BOOKINGS"
/* {"app": "dbt", "dbt_version": "1.12.5", "profile_name": "aws_dbt_snowflake_project", "target_name": "dev", "node_id": "model.aws_dbt_snowflake_project.bronze_bookings"} */
[0m15:52:34.561677 [debug] [Thread-2 (]: SQL status: SUCCESS 9 in 0.188 seconds
[0m15:52:34.588497 [debug] [Thread-2 (]: Writing runtime sql for node "model.aws_dbt_snowflake_project.bronze_bookings"
[0m15:52:34.590670 [debug] [Thread-2 (]: Using snowflake connection "model.aws_dbt_snowflake_project.bronze_bookings"
[0m15:52:34.591278 [debug] [Thread-2 (]: On model.aws_dbt_snowflake_project.bronze_bookings: -- back compat for old kwarg name
  
  begin
/* {"app": "dbt", "dbt_version": "1.12.5", "profile_name": "aws_dbt_snowflake_project", "target_name": "dev", "node_id": "model.aws_dbt_snowflake_project.bronze_bookings"} */;
[0m15:52:34.779807 [debug] [Thread-2 (]: SQL status: SUCCESS 1 in 0.188 seconds
[0m15:52:34.780799 [debug] [Thread-2 (]: Using snowflake connection "model.aws_dbt_snowflake_project.bronze_bookings"
[0m15:52:34.781633 [debug] [Thread-2 (]: On model.aws_dbt_snowflake_project.bronze_bookings: insert into AIRBNB.bronze.bronze_bookings ("BOOKING_ID", "LISTING_ID", "BOOKING_DATE", "NIGHTS_BOOKED", "BOOKING_AMOUNT", "CLEANING_FEE", "SERVICE_FEE", "BOOKING_STATUS", "CREATED_AT")
        (
            select "BOOKING_ID", "LISTING_ID", "BOOKING_DATE", "NIGHTS_BOOKED", "BOOKING_AMOUNT", "CLEANING_FEE", "SERVICE_FEE", "BOOKING_STATUS", "CREATED_AT"
            from AIRBNB.bronze.bronze_bookings__dbt_tmp
        )
/* {"app": "dbt", "dbt_version": "1.12.5", "profile_name": "aws_dbt_snowflake_project", "target_name": "dev", "node_id": "model.aws_dbt_snowflake_project.bronze_bookings"} */;
[0m15:52:35.088239 [debug] [Thread-2 (]: SQL status: SUCCESS 0 in 0.306 seconds
[0m15:52:35.088844 [debug] [Thread-2 (]: Using snowflake connection "model.aws_dbt_snowflake_project.bronze_bookings"
[0m15:52:35.089340 [debug] [Thread-2 (]: On model.aws_dbt_snowflake_project.bronze_bookings: COMMIT
/* {"app": "dbt", "dbt_version": "1.12.5", "profile_name": "aws_dbt_snowflake_project", "target_name": "dev", "node_id": "model.aws_dbt_snowflake_project.bronze_bookings"} */
[0m15:52:35.339292 [debug] [Thread-2 (]: SQL status: SUCCESS 1 in 0.249 seconds
[0m15:52:35.351379 [debug] [Thread-2 (]: Applying DROP to: AIRBNB.bronze.bronze_bookings__dbt_tmp
[0m15:52:35.360994 [debug] [Thread-2 (]: Using snowflake connection "model.aws_dbt_snowflake_project.bronze_bookings"
[0m15:52:35.361556 [debug] [Thread-2 (]: On model.aws_dbt_snowflake_project.bronze_bookings: drop view if exists AIRBNB.bronze.bronze_bookings__dbt_tmp cascade
/* {"app": "dbt", "dbt_version": "1.12.5", "profile_name": "aws_dbt_snowflake_project", "target_name": "dev", "node_id": "model.aws_dbt_snowflake_project.bronze_bookings"} */
[0m15:52:35.555963 [debug] [Thread-2 (]: SQL status: SUCCESS 1 in 0.194 seconds
[0m15:52:35.601348 [debug] [Thread-2 (]: Sending event: {'category': 'dbt', 'action': 'run_model', 'label': '01478610-e6d4-47e5-994d-56089460dd9d', 'context': [<snowplow_tracker.self_describing_json.SelfDescribingJson object at 0x000002A1BECBA680>]}
[0m15:52:35.602616 [info ] [Thread-2 (]: 1 of 10 OK created sql incremental model bronze.bronze_bookings ................ [[32mSUCCESS 0[0m in 2.60s]
[0m15:52:35.603854 [debug] [Thread-2 (]: Finished running node model.aws_dbt_snowflake_project.bronze_bookings
[0m15:52:35.604657 [debug] [Thread-2 (]: Began running node model.aws_dbt_snowflake_project.bronze_hosts
[0m15:52:35.605722 [info ] [Thread-2 (]: 2 of 10 START sql incremental model bronze.bronze_hosts ........................ [RUN]
[0m15:52:35.606903 [debug] [Thread-2 (]: Re-using an available connection from the pool (formerly model.aws_dbt_snowflake_project.bronze_bookings, now model.aws_dbt_snowflake_project.bronze_hosts)
[0m15:52:35.607685 [debug] [Thread-2 (]: Began compiling node model.aws_dbt_snowflake_project.bronze_hosts
[0m15:52:35.612281 [debug] [Thread-2 (]: Writing injected SQL for node "model.aws_dbt_snowflake_project.bronze_hosts"
[0m15:52:35.614770 [debug] [Thread-2 (]: Began executing node model.aws_dbt_snowflake_project.bronze_hosts
[0m15:52:35.621492 [debug] [Thread-2 (]: Using snowflake connection "model.aws_dbt_snowflake_project.bronze_hosts"
[0m15:52:35.622127 [debug] [Thread-2 (]: On model.aws_dbt_snowflake_project.bronze_hosts: create or replace  temporary view AIRBNB.bronze.bronze_hosts__dbt_tmp
  
  
  
  
  as (
    


SELECT * FROM  AIRBNB.staging.hosts


    WHERE CREATED_AT > (SELECT COALESCE(MAX(CREATED_AT), '1900-01-01') FROM AIRBNB.bronze.bronze_hosts)

  )
/* {"app": "dbt", "dbt_version": "1.12.5", "profile_name": "aws_dbt_snowflake_project", "target_name": "dev", "node_id": "model.aws_dbt_snowflake_project.bronze_hosts"} */;
[0m15:52:35.944883 [debug] [Thread-2 (]: SQL status: SUCCESS 1 in 0.322 seconds
[0m15:52:35.949691 [debug] [Thread-2 (]: Using snowflake connection "model.aws_dbt_snowflake_project.bronze_hosts"
[0m15:52:35.950656 [debug] [Thread-2 (]: On model.aws_dbt_snowflake_project.bronze_hosts: describe table AIRBNB.bronze.bronze_hosts__dbt_tmp
/* {"app": "dbt", "dbt_version": "1.12.5", "profile_name": "aws_dbt_snowflake_project", "target_name": "dev", "node_id": "model.aws_dbt_snowflake_project.bronze_hosts"} */
[0m15:52:36.159088 [debug] [Thread-2 (]: SQL status: SUCCESS 6 in 0.208 seconds
[0m15:52:36.163900 [debug] [Thread-2 (]: Using snowflake connection "model.aws_dbt_snowflake_project.bronze_hosts"
[0m15:52:36.164503 [debug] [Thread-2 (]: On model.aws_dbt_snowflake_project.bronze_hosts: describe table AIRBNB.bronze.bronze_hosts
/* {"app": "dbt", "dbt_version": "1.12.5", "profile_name": "aws_dbt_snowflake_project", "target_name": "dev", "node_id": "model.aws_dbt_snowflake_project.bronze_hosts"} */
[0m15:52:36.356293 [debug] [Thread-2 (]: SQL status: SUCCESS 6 in 0.191 seconds
[0m15:52:36.366564 [debug] [Thread-2 (]: Using snowflake connection "model.aws_dbt_snowflake_project.bronze_hosts"
[0m15:52:36.367666 [debug] [Thread-2 (]: On model.aws_dbt_snowflake_project.bronze_hosts: describe table "AIRBNB"."BRONZE"."BRONZE_HOSTS"
/* {"app": "dbt", "dbt_version": "1.12.5", "profile_name": "aws_dbt_snowflake_project", "target_name": "dev", "node_id": "model.aws_dbt_snowflake_project.bronze_hosts"} */
[0m15:52:36.559637 [debug] [Thread-2 (]: SQL status: SUCCESS 6 in 0.191 seconds
[0m15:52:36.564612 [debug] [Thread-2 (]: Writing runtime sql for node "model.aws_dbt_snowflake_project.bronze_hosts"
[0m15:52:36.567290 [debug] [Thread-2 (]: Using snowflake connection "model.aws_dbt_snowflake_project.bronze_hosts"
[0m15:52:36.568131 [debug] [Thread-2 (]: On model.aws_dbt_snowflake_project.bronze_hosts: -- back compat for old kwarg name
  
  begin
/* {"app": "dbt", "dbt_version": "1.12.5", "profile_name": "aws_dbt_snowflake_project", "target_name": "dev", "node_id": "model.aws_dbt_snowflake_project.bronze_hosts"} */;
[0m15:52:36.776018 [debug] [Thread-2 (]: SQL status: SUCCESS 1 in 0.207 seconds
[0m15:52:36.777809 [debug] [Thread-2 (]: Using snowflake connection "model.aws_dbt_snowflake_project.bronze_hosts"
[0m15:52:36.779293 [debug] [Thread-2 (]: On model.aws_dbt_snowflake_project.bronze_hosts: insert into AIRBNB.bronze.bronze_hosts ("HOST_ID", "HOST_NAME", "HOST_SINCE", "IS_SUPERHOST", "RESPONSE_RATE", "CREATED_AT")
        (
            select "HOST_ID", "HOST_NAME", "HOST_SINCE", "IS_SUPERHOST", "RESPONSE_RATE", "CREATED_AT"
            from AIRBNB.bronze.bronze_hosts__dbt_tmp
        )
/* {"app": "dbt", "dbt_version": "1.12.5", "profile_name": "aws_dbt_snowflake_project", "target_name": "dev", "node_id": "model.aws_dbt_snowflake_project.bronze_hosts"} */;
[0m15:52:37.184276 [debug] [Thread-2 (]: SQL status: SUCCESS 0 in 0.404 seconds
[0m15:52:37.185087 [debug] [Thread-2 (]: Using snowflake connection "model.aws_dbt_snowflake_project.bronze_hosts"
[0m15:52:37.185688 [debug] [Thread-2 (]: On model.aws_dbt_snowflake_project.bronze_hosts: COMMIT
/* {"app": "dbt", "dbt_version": "1.12.5", "profile_name": "aws_dbt_snowflake_project", "target_name": "dev", "node_id": "model.aws_dbt_snowflake_project.bronze_hosts"} */
[0m15:52:37.390106 [debug] [Thread-2 (]: SQL status: SUCCESS 1 in 0.203 seconds
[0m15:52:37.398110 [debug] [Thread-2 (]: Applying DROP to: AIRBNB.bronze.bronze_hosts__dbt_tmp
[0m15:52:37.401347 [debug] [Thread-2 (]: Using snowflake connection "model.aws_dbt_snowflake_project.bronze_hosts"
[0m15:52:37.402863 [debug] [Thread-2 (]: On model.aws_dbt_snowflake_project.bronze_hosts: drop view if exists AIRBNB.bronze.bronze_hosts__dbt_tmp cascade
/* {"app": "dbt", "dbt_version": "1.12.5", "profile_name": "aws_dbt_snowflake_project", "target_name": "dev", "node_id": "model.aws_dbt_snowflake_project.bronze_hosts"} */
[0m15:52:37.615321 [debug] [Thread-2 (]: SQL status: SUCCESS 1 in 0.211 seconds
[0m15:52:37.620229 [debug] [Thread-2 (]: Sending event: {'category': 'dbt', 'action': 'run_model', 'label': '01478610-e6d4-47e5-994d-56089460dd9d', 'context': [<snowplow_tracker.self_describing_json.SelfDescribingJson object at 0x000002A1BEA82510>]}
[0m15:52:37.621863 [info ] [Thread-2 (]: 2 of 10 OK created sql incremental model bronze.bronze_hosts ................... [[32mSUCCESS 0[0m in 2.01s]
[0m15:52:37.623635 [debug] [Thread-2 (]: Finished running node model.aws_dbt_snowflake_project.bronze_hosts
[0m15:52:37.624615 [debug] [Thread-2 (]: Began running node model.aws_dbt_snowflake_project.bronze_listings
[0m15:52:37.625737 [info ] [Thread-2 (]: 3 of 10 START sql incremental model bronze.bronze_listings ..................... [RUN]
[0m15:52:37.626719 [debug] [Thread-2 (]: Re-using an available connection from the pool (formerly model.aws_dbt_snowflake_project.bronze_hosts, now model.aws_dbt_snowflake_project.bronze_listings)
[0m15:52:37.627370 [debug] [Thread-2 (]: Began compiling node model.aws_dbt_snowflake_project.bronze_listings
[0m15:52:37.631319 [debug] [Thread-2 (]: Writing injected SQL for node "model.aws_dbt_snowflake_project.bronze_listings"
[0m15:52:37.632727 [debug] [Thread-2 (]: Began executing node model.aws_dbt_snowflake_project.bronze_listings
[0m15:52:37.638626 [debug] [Thread-2 (]: Using snowflake connection "model.aws_dbt_snowflake_project.bronze_listings"
[0m15:52:37.639591 [debug] [Thread-2 (]: On model.aws_dbt_snowflake_project.bronze_listings: create or replace  temporary view AIRBNB.bronze.bronze_listings__dbt_tmp
  
  
  
  
  as (
    


SELECT * FROM  AIRBNB.staging.listings


    WHERE CREATED_AT > (SELECT COALESCE(MAX(CREATED_AT), '1900-01-01') FROM AIRBNB.bronze.bronze_listings)

  )
/* {"app": "dbt", "dbt_version": "1.12.5", "profile_name": "aws_dbt_snowflake_project", "target_name": "dev", "node_id": "model.aws_dbt_snowflake_project.bronze_listings"} */;
[0m15:52:37.939244 [debug] [Thread-2 (]: SQL status: SUCCESS 1 in 0.298 seconds
[0m15:52:37.947026 [debug] [Thread-2 (]: Using snowflake connection "model.aws_dbt_snowflake_project.bronze_listings"
[0m15:52:37.948766 [debug] [Thread-2 (]: On model.aws_dbt_snowflake_project.bronze_listings: describe table AIRBNB.bronze.bronze_listings__dbt_tmp
/* {"app": "dbt", "dbt_version": "1.12.5", "profile_name": "aws_dbt_snowflake_project", "target_name": "dev", "node_id": "model.aws_dbt_snowflake_project.bronze_listings"} */
[0m15:52:38.129766 [debug] [Thread-2 (]: SQL status: SUCCESS 11 in 0.179 seconds
[0m15:52:38.141831 [debug] [Thread-2 (]: Using snowflake connection "model.aws_dbt_snowflake_project.bronze_listings"
[0m15:52:38.143101 [debug] [Thread-2 (]: On model.aws_dbt_snowflake_project.bronze_listings: describe table AIRBNB.bronze.bronze_listings
/* {"app": "dbt", "dbt_version": "1.12.5", "profile_name": "aws_dbt_snowflake_project", "target_name": "dev", "node_id": "model.aws_dbt_snowflake_project.bronze_listings"} */
[0m15:52:38.311232 [debug] [Thread-2 (]: SQL status: SUCCESS 11 in 0.167 seconds
[0m15:52:38.319535 [debug] [Thread-2 (]: Using snowflake connection "model.aws_dbt_snowflake_project.bronze_listings"
[0m15:52:38.320503 [debug] [Thread-2 (]: On model.aws_dbt_snowflake_project.bronze_listings: describe table "AIRBNB"."BRONZE"."BRONZE_LISTINGS"
/* {"app": "dbt", "dbt_version": "1.12.5", "profile_name": "aws_dbt_snowflake_project", "target_name": "dev", "node_id": "model.aws_dbt_snowflake_project.bronze_listings"} */
[0m15:52:38.516138 [debug] [Thread-2 (]: SQL status: SUCCESS 11 in 0.195 seconds
[0m15:52:38.523462 [debug] [Thread-2 (]: Writing runtime sql for node "model.aws_dbt_snowflake_project.bronze_listings"
[0m15:52:38.527179 [debug] [Thread-2 (]: Using snowflake connection "model.aws_dbt_snowflake_project.bronze_listings"
[0m15:52:38.528628 [debug] [Thread-2 (]: On model.aws_dbt_snowflake_project.bronze_listings: -- back compat for old kwarg name
  
  begin
/* {"app": "dbt", "dbt_version": "1.12.5", "profile_name": "aws_dbt_snowflake_project", "target_name": "dev", "node_id": "model.aws_dbt_snowflake_project.bronze_listings"} */;
[0m15:52:38.718730 [debug] [Thread-2 (]: SQL status: SUCCESS 1 in 0.189 seconds
[0m15:52:38.719544 [debug] [Thread-2 (]: Using snowflake connection "model.aws_dbt_snowflake_project.bronze_listings"
[0m15:52:38.720211 [debug] [Thread-2 (]: On model.aws_dbt_snowflake_project.bronze_listings: insert into AIRBNB.bronze.bronze_listings ("LISTING_ID", "HOST_ID", "PROPERTY_TYPE", "ROOM_TYPE", "CITY", "COUNTRY", "ACCOMMODATES", "BEDROOMS", "BATHROOMS", "PRICE_PER_NIGHT", "CREATED_AT")
        (
            select "LISTING_ID", "HOST_ID", "PROPERTY_TYPE", "ROOM_TYPE", "CITY", "COUNTRY", "ACCOMMODATES", "BEDROOMS", "BATHROOMS", "PRICE_PER_NIGHT", "CREATED_AT"
            from AIRBNB.bronze.bronze_listings__dbt_tmp
        )
/* {"app": "dbt", "dbt_version": "1.12.5", "profile_name": "aws_dbt_snowflake_project", "target_name": "dev", "node_id": "model.aws_dbt_snowflake_project.bronze_listings"} */;
[0m15:52:39.131571 [debug] [Thread-2 (]: SQL status: SUCCESS 0 in 0.410 seconds
[0m15:52:39.133547 [debug] [Thread-2 (]: Using snowflake connection "model.aws_dbt_snowflake_project.bronze_listings"
[0m15:52:39.135143 [debug] [Thread-2 (]: On model.aws_dbt_snowflake_project.bronze_listings: COMMIT
/* {"app": "dbt", "dbt_version": "1.12.5", "profile_name": "aws_dbt_snowflake_project", "target_name": "dev", "node_id": "model.aws_dbt_snowflake_project.bronze_listings"} */
[0m15:52:39.326085 [debug] [Thread-2 (]: SQL status: SUCCESS 1 in 0.189 seconds
[0m15:52:39.335103 [debug] [Thread-2 (]: Applying DROP to: AIRBNB.bronze.bronze_listings__dbt_tmp
[0m15:52:39.340380 [debug] [Thread-2 (]: Using snowflake connection "model.aws_dbt_snowflake_project.bronze_listings"
[0m15:52:39.341550 [debug] [Thread-2 (]: On model.aws_dbt_snowflake_project.bronze_listings: drop view if exists AIRBNB.bronze.bronze_listings__dbt_tmp cascade
/* {"app": "dbt", "dbt_version": "1.12.5", "profile_name": "aws_dbt_snowflake_project", "target_name": "dev", "node_id": "model.aws_dbt_snowflake_project.bronze_listings"} */
[0m15:52:39.546902 [debug] [Thread-2 (]: SQL status: SUCCESS 1 in 0.204 seconds
[0m15:52:39.552744 [debug] [Thread-2 (]: Sending event: {'category': 'dbt', 'action': 'run_model', 'label': '01478610-e6d4-47e5-994d-56089460dd9d', 'context': [<snowplow_tracker.self_describing_json.SelfDescribingJson object at 0x000002A1BEC17540>]}
[0m15:52:39.554406 [info ] [Thread-2 (]: 3 of 10 OK created sql incremental model bronze.bronze_listings ................ [[32mSUCCESS 0[0m in 1.93s]
[0m15:52:39.556743 [debug] [Thread-2 (]: Finished running node model.aws_dbt_snowflake_project.bronze_listings
[0m15:52:39.558028 [debug] [Thread-2 (]: Began running node model.aws_dbt_snowflake_project.obt
[0m15:52:39.559944 [info ] [Thread-2 (]: 4 of 10 START sql table model gold.obt ......................................... [RUN]
[0m15:52:39.561869 [debug] [Thread-2 (]: Re-using an available connection from the pool (formerly model.aws_dbt_snowflake_project.bronze_listings, now model.aws_dbt_snowflake_project.obt)
[0m15:52:39.563068 [debug] [Thread-2 (]: Began compiling node model.aws_dbt_snowflake_project.obt
[0m15:52:39.572655 [debug] [Thread-2 (]: Writing injected SQL for node "model.aws_dbt_snowflake_project.obt"
[0m15:52:39.574925 [debug] [Thread-2 (]: Began executing node model.aws_dbt_snowflake_project.obt
[0m15:52:39.616079 [debug] [Thread-2 (]: Writing runtime sql for node "model.aws_dbt_snowflake_project.obt"
[0m15:52:39.619050 [debug] [Thread-2 (]: Using snowflake connection "model.aws_dbt_snowflake_project.obt"
[0m15:52:39.619670 [debug] [Thread-2 (]: On model.aws_dbt_snowflake_project.obt: create or replace transient table AIRBNB.gold.obt
    
    
    
    
    

    as (



SELECT 
    
        SILVER_bookings.*,
    
        SILVER_listings.HOST_ID, SILVER_listings.PROPERTY_TYPE, SILVER_listings.ROOM_TYPE, SILVER_listings.CITY, SILVER_listings.COUNTRY, SILVER_listings.ACCOMMODATES, SILVER_listings.BEDROOMS, SILVER_listings.BATHROOMS, SILVER_listings.PRICE_PER_NIGHT, silver_listings.PRICE_PER_NIGHT_TAG, SILVER_listings.CREATED_AT AS LISTING_CREATED_AT,
    
        SILVER_hosts.HOST_NAME, SILVER_hosts.HOST_SINCE, SILVER_hosts.IS_SUPERHOST, SILVER_hosts.RESPONSE_RATE, SILVER_hosts.RESPONSE_RATE_QUALITY, SILVER_hosts.CREATED_AT AS HOST_CREATED_AT
    
FROM
    
    
      AIRBNB.SILVER.SILVER_BOOKINGS AS SILVER_bookings
    
        
    
        LEFT JOIN AIRBNB.SILVER.SILVER_LISTINGS AS SILVER_listings
        ON SILVER_bookings.listing_id = SILVER_listings.listing_id
        
        
    
        LEFT JOIN AIRBNB.SILVER.SILVER_HOSTS AS SILVER_hosts
        ON SILVER_listings.host_id = SILVER_hosts.host_id
        
        
    )

/* {"app": "dbt", "dbt_version": "1.12.5", "profile_name": "aws_dbt_snowflake_project", "target_name": "dev", "node_id": "model.aws_dbt_snowflake_project.obt"} */;
[0m15:52:40.555597 [debug] [Thread-2 (]: SQL status: SUCCESS 5000 in 0.935 seconds
[0m15:52:40.572170 [debug] [Thread-2 (]: Sending event: {'category': 'dbt', 'action': 'run_model', 'label': '01478610-e6d4-47e5-994d-56089460dd9d', 'context': [<snowplow_tracker.self_describing_json.SelfDescribingJson object at 0x000002A1BECA62B0>]}
[0m15:52:40.573676 [info ] [Thread-2 (]: 4 of 10 OK created sql table model gold.obt .................................... [[32mSUCCESS 5000[0m in 1.01s]
[0m15:52:40.575464 [debug] [Thread-2 (]: Finished running node model.aws_dbt_snowflake_project.obt
[0m15:52:40.576406 [debug] [Thread-2 (]: Began running node model.aws_dbt_snowflake_project.silver_bookings
[0m15:52:40.577302 [info ] [Thread-2 (]: 5 of 10 START sql incremental model silver.silver_bookings ..................... [RUN]
[0m15:52:40.578543 [debug] [Thread-2 (]: Re-using an available connection from the pool (formerly model.aws_dbt_snowflake_project.obt, now model.aws_dbt_snowflake_project.silver_bookings)
[0m15:52:40.579316 [debug] [Thread-2 (]: Began compiling node model.aws_dbt_snowflake_project.silver_bookings
[0m15:52:40.585407 [debug] [Thread-2 (]: Writing injected SQL for node "model.aws_dbt_snowflake_project.silver_bookings"
[0m15:52:40.588150 [debug] [Thread-2 (]: Began executing node model.aws_dbt_snowflake_project.silver_bookings
[0m15:52:40.595545 [debug] [Thread-2 (]: Using snowflake connection "model.aws_dbt_snowflake_project.silver_bookings"
[0m15:52:40.596653 [debug] [Thread-2 (]: On model.aws_dbt_snowflake_project.silver_bookings: create or replace  temporary view AIRBNB.silver.silver_bookings__dbt_tmp
  
  
  
  
  as (
    

select 
    BOOKING_ID,
    LISTING_ID,
    BOOKING_DATE,
    
    round(NIGHTS_BOOKED * BOOKING_AMOUNT,2)
 as TOTAL_BOOKING_PRICE ,
    SERVICE_FEE,
    CLEANING_FEE,
    BOOKING_STATUS,
    CREATED_AT 
FROM AIRBNB.bronze.bronze_bookings
  )
/* {"app": "dbt", "dbt_version": "1.12.5", "profile_name": "aws_dbt_snowflake_project", "target_name": "dev", "node_id": "model.aws_dbt_snowflake_project.silver_bookings"} */;
[0m15:52:40.858398 [debug] [Thread-2 (]: SQL status: SUCCESS 1 in 0.261 seconds
[0m15:52:40.861075 [debug] [Thread-2 (]: Using snowflake connection "model.aws_dbt_snowflake_project.silver_bookings"
[0m15:52:40.861735 [debug] [Thread-2 (]: On model.aws_dbt_snowflake_project.silver_bookings: describe table AIRBNB.silver.silver_bookings__dbt_tmp
/* {"app": "dbt", "dbt_version": "1.12.5", "profile_name": "aws_dbt_snowflake_project", "target_name": "dev", "node_id": "model.aws_dbt_snowflake_project.silver_bookings"} */
[0m15:52:41.028773 [debug] [Thread-2 (]: SQL status: SUCCESS 8 in 0.166 seconds
[0m15:52:41.038853 [debug] [Thread-2 (]: Using snowflake connection "model.aws_dbt_snowflake_project.silver_bookings"
[0m15:52:41.040431 [debug] [Thread-2 (]: On model.aws_dbt_snowflake_project.silver_bookings: describe table AIRBNB.silver.silver_bookings
/* {"app": "dbt", "dbt_version": "1.12.5", "profile_name": "aws_dbt_snowflake_project", "target_name": "dev", "node_id": "model.aws_dbt_snowflake_project.silver_bookings"} */
[0m15:52:41.215160 [debug] [Thread-2 (]: SQL status: SUCCESS 8 in 0.173 seconds
[0m15:52:41.226109 [debug] [Thread-2 (]: Using snowflake connection "model.aws_dbt_snowflake_project.silver_bookings"
[0m15:52:41.227395 [debug] [Thread-2 (]: On model.aws_dbt_snowflake_project.silver_bookings: describe table "AIRBNB"."SILVER"."SILVER_BOOKINGS"
/* {"app": "dbt", "dbt_version": "1.12.5", "profile_name": "aws_dbt_snowflake_project", "target_name": "dev", "node_id": "model.aws_dbt_snowflake_project.silver_bookings"} */
[0m15:52:41.409893 [debug] [Thread-2 (]: SQL status: SUCCESS 8 in 0.181 seconds
[0m15:52:41.456338 [debug] [Thread-2 (]: Writing runtime sql for node "model.aws_dbt_snowflake_project.silver_bookings"
[0m15:52:41.459245 [debug] [Thread-2 (]: Using snowflake connection "model.aws_dbt_snowflake_project.silver_bookings"
[0m15:52:41.459958 [debug] [Thread-2 (]: On model.aws_dbt_snowflake_project.silver_bookings: -- back compat for old kwarg name
  
  begin
/* {"app": "dbt", "dbt_version": "1.12.5", "profile_name": "aws_dbt_snowflake_project", "target_name": "dev", "node_id": "model.aws_dbt_snowflake_project.silver_bookings"} */;
[0m15:52:41.678047 [debug] [Thread-2 (]: SQL status: SUCCESS 1 in 0.217 seconds
[0m15:52:41.678784 [debug] [Thread-2 (]: Using snowflake connection "model.aws_dbt_snowflake_project.silver_bookings"
[0m15:52:41.679429 [debug] [Thread-2 (]: On model.aws_dbt_snowflake_project.silver_bookings: merge into AIRBNB.silver.silver_bookings as DBT_INTERNAL_DEST
        using AIRBNB.silver.silver_bookings__dbt_tmp as DBT_INTERNAL_SOURCE
        on ((DBT_INTERNAL_SOURCE.BOOKING_ID = DBT_INTERNAL_DEST.BOOKING_ID))

    
    when matched then update set
        "BOOKING_ID" = DBT_INTERNAL_SOURCE."BOOKING_ID","LISTING_ID" = DBT_INTERNAL_SOURCE."LISTING_ID","BOOKING_DATE" = DBT_INTERNAL_SOURCE."BOOKING_DATE","TOTAL_BOOKING_PRICE" = DBT_INTERNAL_SOURCE."TOTAL_BOOKING_PRICE","SERVICE_FEE" = DBT_INTERNAL_SOURCE."SERVICE_FEE","CLEANING_FEE" = DBT_INTERNAL_SOURCE."CLEANING_FEE","BOOKING_STATUS" = DBT_INTERNAL_SOURCE."BOOKING_STATUS","CREATED_AT" = DBT_INTERNAL_SOURCE."CREATED_AT"
    

    when not matched then insert
        ("BOOKING_ID", "LISTING_ID", "BOOKING_DATE", "TOTAL_BOOKING_PRICE", "SERVICE_FEE", "CLEANING_FEE", "BOOKING_STATUS", "CREATED_AT")
    values
        ("BOOKING_ID", "LISTING_ID", "BOOKING_DATE", "TOTAL_BOOKING_PRICE", "SERVICE_FEE", "CLEANING_FEE", "BOOKING_STATUS", "CREATED_AT")


/* {"app": "dbt", "dbt_version": "1.12.5", "profile_name": "aws_dbt_snowflake_project", "target_name": "dev", "node_id": "model.aws_dbt_snowflake_project.silver_bookings"} */;
[0m15:52:42.294079 [debug] [Thread-2 (]: SQL status: SUCCESS 5000 in 0.614 seconds
[0m15:52:42.295492 [debug] [Thread-2 (]: Using snowflake connection "model.aws_dbt_snowflake_project.silver_bookings"
[0m15:52:42.296611 [debug] [Thread-2 (]: On model.aws_dbt_snowflake_project.silver_bookings: COMMIT
/* {"app": "dbt", "dbt_version": "1.12.5", "profile_name": "aws_dbt_snowflake_project", "target_name": "dev", "node_id": "model.aws_dbt_snowflake_project.silver_bookings"} */
[0m15:52:42.611647 [debug] [Thread-2 (]: SQL status: SUCCESS 1 in 0.314 seconds
[0m15:52:42.619444 [debug] [Thread-2 (]: Applying DROP to: AIRBNB.silver.silver_bookings__dbt_tmp
[0m15:52:42.622527 [debug] [Thread-2 (]: Using snowflake connection "model.aws_dbt_snowflake_project.silver_bookings"
[0m15:52:42.623868 [debug] [Thread-2 (]: On model.aws_dbt_snowflake_project.silver_bookings: drop view if exists AIRBNB.silver.silver_bookings__dbt_tmp cascade
/* {"app": "dbt", "dbt_version": "1.12.5", "profile_name": "aws_dbt_snowflake_project", "target_name": "dev", "node_id": "model.aws_dbt_snowflake_project.silver_bookings"} */
[0m15:52:42.829038 [debug] [Thread-2 (]: SQL status: SUCCESS 1 in 0.204 seconds
[0m15:52:42.833468 [debug] [Thread-2 (]: Sending event: {'category': 'dbt', 'action': 'run_model', 'label': '01478610-e6d4-47e5-994d-56089460dd9d', 'context': [<snowplow_tracker.self_describing_json.SelfDescribingJson object at 0x000002A1BEC88250>]}
[0m15:52:42.834759 [info ] [Thread-2 (]: 5 of 10 OK created sql incremental model silver.silver_bookings ................ [[32mSUCCESS 5000[0m in 2.26s]
[0m15:52:42.836561 [debug] [Thread-2 (]: Finished running node model.aws_dbt_snowflake_project.silver_bookings
[0m15:52:42.837458 [debug] [Thread-2 (]: Began running node model.aws_dbt_snowflake_project.silver_hosts
[0m15:52:42.838631 [info ] [Thread-2 (]: 6 of 10 START sql incremental model silver.silver_hosts ........................ [RUN]
[0m15:52:42.839889 [debug] [Thread-2 (]: Re-using an available connection from the pool (formerly model.aws_dbt_snowflake_project.silver_bookings, now model.aws_dbt_snowflake_project.silver_hosts)
[0m15:52:42.840727 [debug] [Thread-2 (]: Began compiling node model.aws_dbt_snowflake_project.silver_hosts
[0m15:52:42.844863 [debug] [Thread-2 (]: Writing injected SQL for node "model.aws_dbt_snowflake_project.silver_hosts"
[0m15:52:42.846771 [debug] [Thread-2 (]: Began executing node model.aws_dbt_snowflake_project.silver_hosts
[0m15:52:42.852713 [debug] [Thread-2 (]: Using snowflake connection "model.aws_dbt_snowflake_project.silver_hosts"
[0m15:52:42.853427 [debug] [Thread-2 (]: On model.aws_dbt_snowflake_project.silver_hosts: create or replace  temporary view AIRBNB.silver.silver_hosts__dbt_tmp
  
  
  
  
  as (
    

SELECT 
    HOST_ID,
    REPLACE(HOST_NAME, ' ', '_') AS HOST_NAME,
    HOST_SINCE AS HOST_SINCE,
    IS_SUPERHOST AS IS_SUPERHOST,
    RESPONSE_RATE AS RESPONSE_RATE,
    CASE 
    WHEN RESPONSE_RATE > 95 THEN 'VERY GOOD'
    WHEN RESPONSE_RATE > 80 THEN 'GOOD'
    WHEN RESPONSE_RATE > 60 THEN 'FAIR' 
    ELSE 'POOR'
    END AS RESPONSE_RATE_QUALITY,
    CREATED_AT AS CREATED_AT
FROM 
    AIRBNB.bronze.bronze_hosts
  )
/* {"app": "dbt", "dbt_version": "1.12.5", "profile_name": "aws_dbt_snowflake_project", "target_name": "dev", "node_id": "model.aws_dbt_snowflake_project.silver_hosts"} */;
[0m15:52:43.123514 [debug] [Thread-2 (]: SQL status: SUCCESS 1 in 0.269 seconds
[0m15:52:43.127266 [debug] [Thread-2 (]: Using snowflake connection "model.aws_dbt_snowflake_project.silver_hosts"
[0m15:52:43.127858 [debug] [Thread-2 (]: On model.aws_dbt_snowflake_project.silver_hosts: describe table AIRBNB.silver.silver_hosts__dbt_tmp
/* {"app": "dbt", "dbt_version": "1.12.5", "profile_name": "aws_dbt_snowflake_project", "target_name": "dev", "node_id": "model.aws_dbt_snowflake_project.silver_hosts"} */
[0m15:52:43.691173 [debug] [Thread-2 (]: SQL status: SUCCESS 7 in 0.563 seconds
[0m15:52:43.695627 [debug] [Thread-2 (]: Using snowflake connection "model.aws_dbt_snowflake_project.silver_hosts"
[0m15:52:43.696327 [debug] [Thread-2 (]: On model.aws_dbt_snowflake_project.silver_hosts: describe table AIRBNB.silver.silver_hosts
/* {"app": "dbt", "dbt_version": "1.12.5", "profile_name": "aws_dbt_snowflake_project", "target_name": "dev", "node_id": "model.aws_dbt_snowflake_project.silver_hosts"} */
[0m15:52:43.883565 [debug] [Thread-2 (]: SQL status: SUCCESS 7 in 0.186 seconds
[0m15:52:43.893419 [debug] [Thread-2 (]: Using snowflake connection "model.aws_dbt_snowflake_project.silver_hosts"
[0m15:52:43.894797 [debug] [Thread-2 (]: On model.aws_dbt_snowflake_project.silver_hosts: describe table "AIRBNB"."SILVER"."SILVER_HOSTS"
/* {"app": "dbt", "dbt_version": "1.12.5", "profile_name": "aws_dbt_snowflake_project", "target_name": "dev", "node_id": "model.aws_dbt_snowflake_project.silver_hosts"} */
[0m15:52:44.082494 [debug] [Thread-2 (]: SQL status: SUCCESS 7 in 0.186 seconds
[0m15:52:44.095932 [debug] [Thread-2 (]: Writing runtime sql for node "model.aws_dbt_snowflake_project.silver_hosts"
[0m15:52:44.102404 [debug] [Thread-2 (]: Using snowflake connection "model.aws_dbt_snowflake_project.silver_hosts"
[0m15:52:44.103578 [debug] [Thread-2 (]: On model.aws_dbt_snowflake_project.silver_hosts: -- back compat for old kwarg name
  
  begin
/* {"app": "dbt", "dbt_version": "1.12.5", "profile_name": "aws_dbt_snowflake_project", "target_name": "dev", "node_id": "model.aws_dbt_snowflake_project.silver_hosts"} */;
[0m15:52:44.298499 [debug] [Thread-2 (]: SQL status: SUCCESS 1 in 0.194 seconds
[0m15:52:44.299310 [debug] [Thread-2 (]: Using snowflake connection "model.aws_dbt_snowflake_project.silver_hosts"
[0m15:52:44.300005 [debug] [Thread-2 (]: On model.aws_dbt_snowflake_project.silver_hosts: merge into AIRBNB.silver.silver_hosts as DBT_INTERNAL_DEST
        using AIRBNB.silver.silver_hosts__dbt_tmp as DBT_INTERNAL_SOURCE
        on ((DBT_INTERNAL_SOURCE.HOST_ID = DBT_INTERNAL_DEST.HOST_ID))

    
    when matched then update set
        "HOST_ID" = DBT_INTERNAL_SOURCE."HOST_ID","HOST_NAME" = DBT_INTERNAL_SOURCE."HOST_NAME","HOST_SINCE" = DBT_INTERNAL_SOURCE."HOST_SINCE","IS_SUPERHOST" = DBT_INTERNAL_SOURCE."IS_SUPERHOST","RESPONSE_RATE" = DBT_INTERNAL_SOURCE."RESPONSE_RATE","RESPONSE_RATE_QUALITY" = DBT_INTERNAL_SOURCE."RESPONSE_RATE_QUALITY","CREATED_AT" = DBT_INTERNAL_SOURCE."CREATED_AT"
    

    when not matched then insert
        ("HOST_ID", "HOST_NAME", "HOST_SINCE", "IS_SUPERHOST", "RESPONSE_RATE", "RESPONSE_RATE_QUALITY", "CREATED_AT")
    values
        ("HOST_ID", "HOST_NAME", "HOST_SINCE", "IS_SUPERHOST", "RESPONSE_RATE", "RESPONSE_RATE_QUALITY", "CREATED_AT")


/* {"app": "dbt", "dbt_version": "1.12.5", "profile_name": "aws_dbt_snowflake_project", "target_name": "dev", "node_id": "model.aws_dbt_snowflake_project.silver_hosts"} */;
[0m15:52:44.703591 [debug] [Thread-2 (]: SQL status: SUCCESS 200 in 0.403 seconds
[0m15:52:44.705234 [debug] [Thread-2 (]: Using snowflake connection "model.aws_dbt_snowflake_project.silver_hosts"
[0m15:52:44.706548 [debug] [Thread-2 (]: On model.aws_dbt_snowflake_project.silver_hosts: COMMIT
/* {"app": "dbt", "dbt_version": "1.12.5", "profile_name": "aws_dbt_snowflake_project", "target_name": "dev", "node_id": "model.aws_dbt_snowflake_project.silver_hosts"} */
[0m15:52:44.989642 [debug] [Thread-2 (]: SQL status: SUCCESS 1 in 0.281 seconds
[0m15:52:44.997744 [debug] [Thread-2 (]: Applying DROP to: AIRBNB.silver.silver_hosts__dbt_tmp
[0m15:52:45.000898 [debug] [Thread-2 (]: Using snowflake connection "model.aws_dbt_snowflake_project.silver_hosts"
[0m15:52:45.002457 [debug] [Thread-2 (]: On model.aws_dbt_snowflake_project.silver_hosts: drop view if exists AIRBNB.silver.silver_hosts__dbt_tmp cascade
/* {"app": "dbt", "dbt_version": "1.12.5", "profile_name": "aws_dbt_snowflake_project", "target_name": "dev", "node_id": "model.aws_dbt_snowflake_project.silver_hosts"} */
[0m15:52:45.202153 [debug] [Thread-2 (]: SQL status: SUCCESS 1 in 0.198 seconds
[0m15:52:45.204974 [debug] [Thread-2 (]: Sending event: {'category': 'dbt', 'action': 'run_model', 'label': '01478610-e6d4-47e5-994d-56089460dd9d', 'context': [<snowplow_tracker.self_describing_json.SelfDescribingJson object at 0x000002A1BEB80440>]}
[0m15:52:45.205736 [info ] [Thread-2 (]: 6 of 10 OK created sql incremental model silver.silver_hosts ................... [[32mSUCCESS 200[0m in 2.37s]
[0m15:52:45.207008 [debug] [Thread-2 (]: Finished running node model.aws_dbt_snowflake_project.silver_hosts
[0m15:52:45.207579 [debug] [Thread-2 (]: Began running node model.aws_dbt_snowflake_project.silver_listings
[0m15:52:45.208190 [info ] [Thread-2 (]: 7 of 10 START sql incremental model silver.silver_listings ..................... [RUN]
[0m15:52:45.208930 [debug] [Thread-2 (]: Re-using an available connection from the pool (formerly model.aws_dbt_snowflake_project.silver_hosts, now model.aws_dbt_snowflake_project.silver_listings)
[0m15:52:45.209365 [debug] [Thread-2 (]: Began compiling node model.aws_dbt_snowflake_project.silver_listings
[0m15:52:45.213617 [debug] [Thread-2 (]: Writing injected SQL for node "model.aws_dbt_snowflake_project.silver_listings"
[0m15:52:45.215421 [debug] [Thread-2 (]: Began executing node model.aws_dbt_snowflake_project.silver_listings
[0m15:52:45.220642 [debug] [Thread-2 (]: Using snowflake connection "model.aws_dbt_snowflake_project.silver_listings"
[0m15:52:45.221244 [debug] [Thread-2 (]: On model.aws_dbt_snowflake_project.silver_listings: create or replace  temporary view AIRBNB.silver.silver_listings__dbt_tmp
  
  
  
  
  as (
    

SELECT 
    LISTING_ID,
    HOST_ID,
    PROPERTY_TYPE,
    ROOM_TYPE,
    CITY,
    COUNTRY,
    ACCOMMODATES,
    BEDROOMS,
    BATHROOMS,
    PRICE_PER_NIGHT,
    
    CASE 
        WHEN CAST(PRICE_PER_NIGHT AS INT) < 100 THEN 'low'
        WHEN CAST(PRICE_PER_NIGHT AS INT) < 200 THEN 'medium'
        ELSE 'high'
    END
 AS PRICE_PER_NIGHT_TAG,
    CREATED_AT
FROM 
    AIRBNB.bronze.bronze_listings
  )
/* {"app": "dbt", "dbt_version": "1.12.5", "profile_name": "aws_dbt_snowflake_project", "target_name": "dev", "node_id": "model.aws_dbt_snowflake_project.silver_listings"} */;
[0m15:52:45.473795 [debug] [Thread-2 (]: SQL status: SUCCESS 1 in 0.252 seconds
[0m15:52:45.476500 [debug] [Thread-2 (]: Using snowflake connection "model.aws_dbt_snowflake_project.silver_listings"
[0m15:52:45.477049 [debug] [Thread-2 (]: On model.aws_dbt_snowflake_project.silver_listings: describe table AIRBNB.silver.silver_listings__dbt_tmp
/* {"app": "dbt", "dbt_version": "1.12.5", "profile_name": "aws_dbt_snowflake_project", "target_name": "dev", "node_id": "model.aws_dbt_snowflake_project.silver_listings"} */
[0m15:52:45.676588 [debug] [Thread-2 (]: SQL status: SUCCESS 12 in 0.199 seconds
[0m15:52:45.687855 [debug] [Thread-2 (]: Using snowflake connection "model.aws_dbt_snowflake_project.silver_listings"
[0m15:52:45.689488 [debug] [Thread-2 (]: On model.aws_dbt_snowflake_project.silver_listings: describe table AIRBNB.silver.silver_listings
/* {"app": "dbt", "dbt_version": "1.12.5", "profile_name": "aws_dbt_snowflake_project", "target_name": "dev", "node_id": "model.aws_dbt_snowflake_project.silver_listings"} */
[0m15:52:45.879898 [debug] [Thread-2 (]: SQL status: SUCCESS 12 in 0.189 seconds
[0m15:52:45.891751 [debug] [Thread-2 (]: Using snowflake connection "model.aws_dbt_snowflake_project.silver_listings"
[0m15:52:45.892980 [debug] [Thread-2 (]: On model.aws_dbt_snowflake_project.silver_listings: describe table "AIRBNB"."SILVER"."SILVER_LISTINGS"
/* {"app": "dbt", "dbt_version": "1.12.5", "profile_name": "aws_dbt_snowflake_project", "target_name": "dev", "node_id": "model.aws_dbt_snowflake_project.silver_listings"} */
[0m15:52:46.083573 [debug] [Thread-2 (]: SQL status: SUCCESS 12 in 0.189 seconds
[0m15:52:46.095067 [debug] [Thread-2 (]: Writing runtime sql for node "model.aws_dbt_snowflake_project.silver_listings"
[0m15:52:46.098812 [debug] [Thread-2 (]: Using snowflake connection "model.aws_dbt_snowflake_project.silver_listings"
[0m15:52:46.099790 [debug] [Thread-2 (]: On model.aws_dbt_snowflake_project.silver_listings: -- back compat for old kwarg name
  
  begin
/* {"app": "dbt", "dbt_version": "1.12.5", "profile_name": "aws_dbt_snowflake_project", "target_name": "dev", "node_id": "model.aws_dbt_snowflake_project.silver_listings"} */;
[0m15:52:46.286741 [debug] [Thread-2 (]: SQL status: SUCCESS 1 in 0.186 seconds
[0m15:52:46.287470 [debug] [Thread-2 (]: Using snowflake connection "model.aws_dbt_snowflake_project.silver_listings"
[0m15:52:46.288152 [debug] [Thread-2 (]: On model.aws_dbt_snowflake_project.silver_listings: merge into AIRBNB.silver.silver_listings as DBT_INTERNAL_DEST
        using AIRBNB.silver.silver_listings__dbt_tmp as DBT_INTERNAL_SOURCE
        on ((DBT_INTERNAL_SOURCE.LISTING_ID = DBT_INTERNAL_DEST.LISTING_ID))

    
    when matched then update set
        "LISTING_ID" = DBT_INTERNAL_SOURCE."LISTING_ID","HOST_ID" = DBT_INTERNAL_SOURCE."HOST_ID","PROPERTY_TYPE" = DBT_INTERNAL_SOURCE."PROPERTY_TYPE","ROOM_TYPE" = DBT_INTERNAL_SOURCE."ROOM_TYPE","CITY" = DBT_INTERNAL_SOURCE."CITY","COUNTRY" = DBT_INTERNAL_SOURCE."COUNTRY","ACCOMMODATES" = DBT_INTERNAL_SOURCE."ACCOMMODATES","BEDROOMS" = DBT_INTERNAL_SOURCE."BEDROOMS","BATHROOMS" = DBT_INTERNAL_SOURCE."BATHROOMS","PRICE_PER_NIGHT" = DBT_INTERNAL_SOURCE."PRICE_PER_NIGHT","PRICE_PER_NIGHT_TAG" = DBT_INTERNAL_SOURCE."PRICE_PER_NIGHT_TAG","CREATED_AT" = DBT_INTERNAL_SOURCE."CREATED_AT"
    

    when not matched then insert
        ("LISTING_ID", "HOST_ID", "PROPERTY_TYPE", "ROOM_TYPE", "CITY", "COUNTRY", "ACCOMMODATES", "BEDROOMS", "BATHROOMS", "PRICE_PER_NIGHT", "PRICE_PER_NIGHT_TAG", "CREATED_AT")
    values
        ("LISTING_ID", "HOST_ID", "PROPERTY_TYPE", "ROOM_TYPE", "CITY", "COUNTRY", "ACCOMMODATES", "BEDROOMS", "BATHROOMS", "PRICE_PER_NIGHT", "PRICE_PER_NIGHT_TAG", "CREATED_AT")


/* {"app": "dbt", "dbt_version": "1.12.5", "profile_name": "aws_dbt_snowflake_project", "target_name": "dev", "node_id": "model.aws_dbt_snowflake_project.silver_listings"} */;
[0m15:52:46.802945 [debug] [Thread-2 (]: SQL status: SUCCESS 500 in 0.514 seconds
[0m15:52:46.804771 [debug] [Thread-2 (]: Using snowflake connection "model.aws_dbt_snowflake_project.silver_listings"
[0m15:52:46.806477 [debug] [Thread-2 (]: On model.aws_dbt_snowflake_project.silver_listings: COMMIT
/* {"app": "dbt", "dbt_version": "1.12.5", "profile_name": "aws_dbt_snowflake_project", "target_name": "dev", "node_id": "model.aws_dbt_snowflake_project.silver_listings"} */
[0m15:52:47.108698 [debug] [Thread-2 (]: SQL status: SUCCESS 1 in 0.301 seconds
[0m15:52:47.116883 [debug] [Thread-2 (]: Applying DROP to: AIRBNB.silver.silver_listings__dbt_tmp
[0m15:52:47.120265 [debug] [Thread-2 (]: Using snowflake connection "model.aws_dbt_snowflake_project.silver_listings"
[0m15:52:47.121681 [debug] [Thread-2 (]: On model.aws_dbt_snowflake_project.silver_listings: drop view if exists AIRBNB.silver.silver_listings__dbt_tmp cascade
/* {"app": "dbt", "dbt_version": "1.12.5", "profile_name": "aws_dbt_snowflake_project", "target_name": "dev", "node_id": "model.aws_dbt_snowflake_project.silver_listings"} */
[0m15:52:47.328286 [debug] [Thread-2 (]: SQL status: SUCCESS 1 in 0.205 seconds
[0m15:52:47.336992 [debug] [Thread-2 (]: Sending event: {'category': 'dbt', 'action': 'run_model', 'label': '01478610-e6d4-47e5-994d-56089460dd9d', 'context': [<snowplow_tracker.self_describing_json.SelfDescribingJson object at 0x000002A1BEC5D4F0>]}
[0m15:52:47.339517 [info ] [Thread-2 (]: 7 of 10 OK created sql incremental model silver.silver_listings ................ [[32mSUCCESS 500[0m in 2.13s]
[0m15:52:47.342451 [debug] [Thread-2 (]: Finished running node model.aws_dbt_snowflake_project.silver_listings
[0m15:52:47.343703 [debug] [Thread-2 (]: Began running node model.aws_dbt_snowflake_project.bookings
[0m15:52:47.344972 [debug] [Thread-2 (]: Re-using an available connection from the pool (formerly model.aws_dbt_snowflake_project.silver_listings, now model.aws_dbt_snowflake_project.bookings)
[0m15:52:47.346109 [debug] [Thread-2 (]: Began compiling node model.aws_dbt_snowflake_project.bookings
[0m15:52:47.350563 [debug] [Thread-2 (]: Writing injected SQL for node "model.aws_dbt_snowflake_project.bookings"
[0m15:52:47.353798 [debug] [Thread-2 (]: Finished running node model.aws_dbt_snowflake_project.bookings
[0m15:52:47.354998 [debug] [Thread-2 (]: Began running node model.aws_dbt_snowflake_project.hosts
[0m15:52:47.356367 [debug] [Thread-2 (]: Re-using an available connection from the pool (formerly model.aws_dbt_snowflake_project.bookings, now model.aws_dbt_snowflake_project.hosts)
[0m15:52:47.357516 [debug] [Thread-2 (]: Began compiling node model.aws_dbt_snowflake_project.hosts
[0m15:52:47.361367 [debug] [Thread-2 (]: Writing injected SQL for node "model.aws_dbt_snowflake_project.hosts"
[0m15:52:47.363655 [debug] [Thread-2 (]: Finished running node model.aws_dbt_snowflake_project.hosts
[0m15:52:47.364303 [debug] [Thread-2 (]: Began running node model.aws_dbt_snowflake_project.listings
[0m15:52:47.364903 [debug] [Thread-2 (]: Re-using an available connection from the pool (formerly model.aws_dbt_snowflake_project.hosts, now model.aws_dbt_snowflake_project.listings)
[0m15:52:47.365428 [debug] [Thread-2 (]: Began compiling node model.aws_dbt_snowflake_project.listings
[0m15:52:47.367894 [debug] [Thread-2 (]: Writing injected SQL for node "model.aws_dbt_snowflake_project.listings"
[0m15:52:47.370107 [debug] [Thread-2 (]: Finished running node model.aws_dbt_snowflake_project.listings
[0m15:52:47.370786 [debug] [Thread-2 (]: Began running node snapshot.aws_dbt_snowflake_project.dim_bookings
[0m15:52:47.371427 [info ] [Thread-2 (]: 8 of 10 START snapshot gold.dim_bookings ....................................... [RUN]
[0m15:52:47.372355 [debug] [Thread-2 (]: Re-using an available connection from the pool (formerly model.aws_dbt_snowflake_project.listings, now snapshot.aws_dbt_snowflake_project.dim_bookings)
[0m15:52:47.373308 [debug] [Thread-2 (]: Began compiling node snapshot.aws_dbt_snowflake_project.dim_bookings
[0m15:52:47.376904 [debug] [Thread-2 (]: Writing injected SQL for node "snapshot.aws_dbt_snowflake_project.dim_bookings"
[0m15:52:47.378086 [debug] [Thread-2 (]: Began executing node snapshot.aws_dbt_snowflake_project.dim_bookings
[0m15:52:47.436203 [debug] [Thread-2 (]: Using snowflake connection "snapshot.aws_dbt_snowflake_project.dim_bookings"
[0m15:52:47.436896 [debug] [Thread-2 (]: On snapshot.aws_dbt_snowflake_project.dim_bookings: describe table "AIRBNB"."GOLD"."DIM_BOOKINGS"
/* {"app": "dbt", "dbt_version": "1.12.5", "profile_name": "aws_dbt_snowflake_project", "target_name": "dev", "node_id": "snapshot.aws_dbt_snowflake_project.dim_bookings"} */
[0m15:52:47.617509 [debug] [Thread-2 (]: SQL status: SUCCESS 8 in 0.180 seconds
[0m15:52:47.672322 [debug] [Thread-2 (]: Using snowflake connection "snapshot.aws_dbt_snowflake_project.dim_bookings"
[0m15:52:47.673024 [debug] [Thread-2 (]: On snapshot.aws_dbt_snowflake_project.dim_bookings: create or replace temporary table "AIRBNB"."GOLD"."DIM_BOOKINGS__dbt_tmp"
as (
    
    
    with snapshot_query as (

        with __dbt__cte__bookings as (


WITH bookings AS 
(
    SELECT 
        BOOKING_ID,
        BOOKING_DATE,
        BOOKING_STATUS,
        CREATED_AT
    FROM 
        AIRBNB.gold.obt
)
SELECT * FROM bookings
) select * from __dbt__cte__bookings

    ),

    snapshotted_data as (

        select *, 
    
        BOOKING_ID as dbt_unique_key
    

        from "AIRBNB"."GOLD"."DIM_BOOKINGS"
        where
            
		
		

		
                ( (dbt_valid_to = to_date('9999-12-31')) or dbt_valid_to is null )
            

    ),

    insertions_source_data as (

        select *, 
    
        BOOKING_ID as dbt_unique_key
    
,
            CREATED_AT as dbt_updated_at,
            CREATED_AT as dbt_valid_from,
            
  
  coalesce(nullif(CREATED_AT, CREATED_AT), to_date('9999-12-31'))
  as dbt_valid_to
,
            md5(coalesce(cast(BOOKING_ID as varchar ), '')
         || '|' || coalesce(cast(CREATED_AT as varchar ), '')
        ) as dbt_scd_id

        from snapshot_query
    ),

    updates_source_data as (

        select *, 
    
        BOOKING_ID as dbt_unique_key
    
,
            CREATED_AT as dbt_updated_at,
            CREATED_AT as dbt_valid_from,
            CREATED_AT as dbt_valid_to

        from snapshot_query
    ),

    insertions as (

        select
            'insert' as dbt_change_type,
            source_data.*

        from insertions_source_data as source_data
        left outer join snapshotted_data
            on 
    
        snapshotted_data.dbt_unique_key = source_data.dbt_unique_key
    

            where 
    
        snapshotted_data.dbt_unique_key is null
    

            or (
    
        snapshotted_data.dbt_unique_key is not null
    
 and (
               (snapshotted_data.dbt_valid_from < source_data.CREATED_AT)
            )

        )

    ),

    updates as (

        select
            'update' as dbt_change_type,
            source_data.*,
            snapshotted_data.dbt_scd_id

        from updates_source_data as source_data
        join snapshotted_data
            on 
    
        snapshotted_data.dbt_unique_key = source_data.dbt_unique_key
    

        where (
            (snapshotted_data.dbt_valid_from < source_data.CREATED_AT)
        )
    )

    select * from insertions
    union all
    select * from updates

    )

/* {"app": "dbt", "dbt_version": "1.12.5", "profile_name": "aws_dbt_snowflake_project", "target_name": "dev", "node_id": "snapshot.aws_dbt_snowflake_project.dim_bookings"} */;
[0m15:52:48.847099 [debug] [Thread-2 (]: SQL status: SUCCESS 1 in 1.173 seconds
[0m15:52:48.850064 [debug] [Thread-2 (]: Using snowflake connection "snapshot.aws_dbt_snowflake_project.dim_bookings"
[0m15:52:48.850735 [debug] [Thread-2 (]: On snapshot.aws_dbt_snowflake_project.dim_bookings: describe table "AIRBNB"."GOLD"."DIM_BOOKINGS__dbt_tmp"
/* {"app": "dbt", "dbt_version": "1.12.5", "profile_name": "aws_dbt_snowflake_project", "target_name": "dev", "node_id": "snapshot.aws_dbt_snowflake_project.dim_bookings"} */
[0m15:52:49.052872 [debug] [Thread-2 (]: SQL status: SUCCESS 10 in 0.201 seconds
[0m15:52:49.061314 [debug] [Thread-2 (]: Using snowflake connection "snapshot.aws_dbt_snowflake_project.dim_bookings"
[0m15:52:49.062420 [debug] [Thread-2 (]: On snapshot.aws_dbt_snowflake_project.dim_bookings: describe table "AIRBNB"."GOLD"."DIM_BOOKINGS"
/* {"app": "dbt", "dbt_version": "1.12.5", "profile_name": "aws_dbt_snowflake_project", "target_name": "dev", "node_id": "snapshot.aws_dbt_snowflake_project.dim_bookings"} */
[0m15:52:49.215221 [debug] [Thread-2 (]: SQL status: SUCCESS 8 in 0.152 seconds
[0m15:52:49.222461 [debug] [Thread-2 (]: Using snowflake connection "snapshot.aws_dbt_snowflake_project.dim_bookings"
[0m15:52:49.223945 [debug] [Thread-2 (]: On snapshot.aws_dbt_snowflake_project.dim_bookings: describe table "AIRBNB"."GOLD"."DIM_BOOKINGS__dbt_tmp"
/* {"app": "dbt", "dbt_version": "1.12.5", "profile_name": "aws_dbt_snowflake_project", "target_name": "dev", "node_id": "snapshot.aws_dbt_snowflake_project.dim_bookings"} */
[0m15:52:49.420226 [debug] [Thread-2 (]: SQL status: SUCCESS 10 in 0.195 seconds
[0m15:52:49.426825 [debug] [Thread-2 (]: Using snowflake connection "snapshot.aws_dbt_snowflake_project.dim_bookings"
[0m15:52:49.427711 [debug] [Thread-2 (]: On snapshot.aws_dbt_snowflake_project.dim_bookings: describe table "AIRBNB"."GOLD"."DIM_BOOKINGS"
/* {"app": "dbt", "dbt_version": "1.12.5", "profile_name": "aws_dbt_snowflake_project", "target_name": "dev", "node_id": "snapshot.aws_dbt_snowflake_project.dim_bookings"} */
[0m15:52:49.616238 [debug] [Thread-2 (]: SQL status: SUCCESS 8 in 0.188 seconds
[0m15:52:49.625421 [debug] [Thread-2 (]: Using snowflake connection "snapshot.aws_dbt_snowflake_project.dim_bookings"
[0m15:52:49.626013 [debug] [Thread-2 (]: On snapshot.aws_dbt_snowflake_project.dim_bookings: describe table "AIRBNB"."GOLD"."DIM_BOOKINGS__dbt_tmp"
/* {"app": "dbt", "dbt_version": "1.12.5", "profile_name": "aws_dbt_snowflake_project", "target_name": "dev", "node_id": "snapshot.aws_dbt_snowflake_project.dim_bookings"} */
[0m15:52:49.815641 [debug] [Thread-2 (]: SQL status: SUCCESS 10 in 0.189 seconds
[0m15:52:49.851037 [debug] [Thread-2 (]: Using snowflake connection "snapshot.aws_dbt_snowflake_project.dim_bookings"
[0m15:52:49.851683 [debug] [Thread-2 (]: On snapshot.aws_dbt_snowflake_project.dim_bookings: select * from (
        
    
    with snapshot_query as (

        with __dbt__cte__bookings as (


WITH bookings AS 
(
    SELECT 
        BOOKING_ID,
        BOOKING_DATE,
        BOOKING_STATUS,
        CREATED_AT
    FROM 
        AIRBNB.gold.obt
)
SELECT * FROM bookings
) select * from __dbt__cte__bookings

    ),

    snapshotted_data as (

        select *, 
    
        BOOKING_ID as dbt_unique_key
    

        from "AIRBNB"."GOLD"."DIM_BOOKINGS"
        where
            
		
		

		
                ( (dbt_valid_to = to_date('9999-12-31')) or dbt_valid_to is null )
            

    ),

    insertions_source_data as (

        select *, 
    
        BOOKING_ID as dbt_unique_key
    
,
            CREATED_AT as dbt_updated_at,
            CREATED_AT as dbt_valid_from,
            
  
  coalesce(nullif(CREATED_AT, CREATED_AT), to_date('9999-12-31'))
  as dbt_valid_to
,
            md5(coalesce(cast(BOOKING_ID as varchar ), '')
         || '|' || coalesce(cast(CREATED_AT as varchar ), '')
        ) as dbt_scd_id

        from snapshot_query
    ),

    updates_source_data as (

        select *, 
    
        BOOKING_ID as dbt_unique_key
    
,
            CREATED_AT as dbt_updated_at,
            CREATED_AT as dbt_valid_from,
            CREATED_AT as dbt_valid_to

        from snapshot_query
    ),

    insertions as (

        select
            'insert' as dbt_change_type,
            source_data.*

        from insertions_source_data as source_data
        left outer join snapshotted_data
            on 
    
        snapshotted_data.dbt_unique_key = source_data.dbt_unique_key
    

            where 
    
        snapshotted_data.dbt_unique_key is null
    

            or (
    
        snapshotted_data.dbt_unique_key is not null
    
 and (
               (snapshotted_data.dbt_valid_from < source_data.CREATED_AT)
            )

        )

    ),

    updates as (

        select
            'update' as dbt_change_type,
            source_data.*,
            snapshotted_data.dbt_scd_id

        from updates_source_data as source_data
        join snapshotted_data
            on 
    
        snapshotted_data.dbt_unique_key = source_data.dbt_unique_key
    

        where (
            (snapshotted_data.dbt_valid_from < source_data.CREATED_AT)
        )
    )

    select * from insertions
    union all
    select * from updates

    ) as __dbt_sbq
    where false
    limit 0
/* {"app": "dbt", "dbt_version": "1.12.5", "profile_name": "aws_dbt_snowflake_project", "target_name": "dev", "node_id": "snapshot.aws_dbt_snowflake_project.dim_bookings"} */
/* {"app": "dbt", "dbt_version": "1.12.5", "profile_name": "aws_dbt_snowflake_project", "target_name": "dev", "node_id": "snapshot.aws_dbt_snowflake_project.dim_bookings"} */
[0m15:52:50.179235 [debug] [Thread-2 (]: SQL status: SUCCESS 0 in 0.327 seconds
[0m15:52:50.190405 [debug] [Thread-2 (]: Using snowflake connection "snapshot.aws_dbt_snowflake_project.dim_bookings"
[0m15:52:50.191242 [debug] [Thread-2 (]: On snapshot.aws_dbt_snowflake_project.dim_bookings: select * from (
        select to_timestamp_ntz(convert_timezone('UTC', current_timestamp())) as dbt_snapshot_time
    ) as __dbt_sbq
    where false
    limit 0
/* {"app": "dbt", "dbt_version": "1.12.5", "profile_name": "aws_dbt_snowflake_project", "target_name": "dev", "node_id": "snapshot.aws_dbt_snowflake_project.dim_bookings"} */
/* {"app": "dbt", "dbt_version": "1.12.5", "profile_name": "aws_dbt_snowflake_project", "target_name": "dev", "node_id": "snapshot.aws_dbt_snowflake_project.dim_bookings"} */
[0m15:52:50.344769 [debug] [Thread-2 (]: SQL status: SUCCESS 0 in 0.152 seconds
[0m15:52:50.347599 [debug] [Thread-2 (]: Writing runtime sql for node "snapshot.aws_dbt_snowflake_project.dim_bookings"
[0m15:52:50.355033 [debug] [Thread-2 (]: Using snowflake connection "snapshot.aws_dbt_snowflake_project.dim_bookings"
[0m15:52:50.356855 [debug] [Thread-2 (]: On snapshot.aws_dbt_snowflake_project.dim_bookings: BEGIN
/* {"app": "dbt", "dbt_version": "1.12.5", "profile_name": "aws_dbt_snowflake_project", "target_name": "dev", "node_id": "snapshot.aws_dbt_snowflake_project.dim_bookings"} */
[0m15:52:50.545658 [debug] [Thread-2 (]: SQL status: SUCCESS 1 in 0.187 seconds
[0m15:52:50.546882 [debug] [Thread-2 (]: Using snowflake connection "snapshot.aws_dbt_snowflake_project.dim_bookings"
[0m15:52:50.548030 [debug] [Thread-2 (]: On snapshot.aws_dbt_snowflake_project.dim_bookings: merge into "AIRBNB"."GOLD"."DIM_BOOKINGS" as DBT_INTERNAL_DEST
    using "AIRBNB"."GOLD"."DIM_BOOKINGS__dbt_tmp" as DBT_INTERNAL_SOURCE
    on DBT_INTERNAL_SOURCE.dbt_scd_id = DBT_INTERNAL_DEST.dbt_scd_id

    when matched
     
	
	
	and ((DBT_INTERNAL_DEST.dbt_valid_to = to_date('9999-12-31')) or DBT_INTERNAL_DEST.dbt_valid_to is null)

     
     and DBT_INTERNAL_SOURCE.dbt_change_type in ('update', 'delete')
        then update
        set dbt_valid_to = DBT_INTERNAL_SOURCE.dbt_valid_to

    when not matched
     and DBT_INTERNAL_SOURCE.dbt_change_type = 'insert'
        then insert ("BOOKING_ID", "BOOKING_DATE", "BOOKING_STATUS", "CREATED_AT", "DBT_UPDATED_AT", "DBT_VALID_FROM", "DBT_VALID_TO", "DBT_SCD_ID")
        values ("BOOKING_ID", "BOOKING_DATE", "BOOKING_STATUS", "CREATED_AT", "DBT_UPDATED_AT", "DBT_VALID_FROM", "DBT_VALID_TO", "DBT_SCD_ID")


/* {"app": "dbt", "dbt_version": "1.12.5", "profile_name": "aws_dbt_snowflake_project", "target_name": "dev", "node_id": "snapshot.aws_dbt_snowflake_project.dim_bookings"} */;
[0m15:52:50.999389 [debug] [Thread-2 (]: SQL status: SUCCESS 0 in 0.450 seconds
[0m15:52:51.001357 [debug] [Thread-2 (]: Using snowflake connection "snapshot.aws_dbt_snowflake_project.dim_bookings"
[0m15:52:51.003084 [debug] [Thread-2 (]: On snapshot.aws_dbt_snowflake_project.dim_bookings: COMMIT
/* {"app": "dbt", "dbt_version": "1.12.5", "profile_name": "aws_dbt_snowflake_project", "target_name": "dev", "node_id": "snapshot.aws_dbt_snowflake_project.dim_bookings"} */
[0m15:52:51.201625 [debug] [Thread-2 (]: SQL status: SUCCESS 1 in 0.197 seconds
[0m15:52:51.207065 [debug] [Thread-2 (]: Sending event: {'category': 'dbt', 'action': 'run_model', 'label': '01478610-e6d4-47e5-994d-56089460dd9d', 'context': [<snowplow_tracker.self_describing_json.SelfDescribingJson object at 0x000002A1BED03830>]}
[0m15:52:51.208015 [info ] [Thread-2 (]: 8 of 10 OK snapshotted gold.dim_bookings ....................................... [[32mSUCCESS 0[0m in 3.83s]
[0m15:52:51.208984 [debug] [Thread-2 (]: Finished running node snapshot.aws_dbt_snowflake_project.dim_bookings
[0m15:52:51.209481 [debug] [Thread-2 (]: Began running node snapshot.aws_dbt_snowflake_project.dim_hosts
[0m15:52:51.210019 [info ] [Thread-2 (]: 9 of 10 START snapshot gold.dim_hosts .......................................... [RUN]
[0m15:52:51.210744 [debug] [Thread-2 (]: Re-using an available connection from the pool (formerly snapshot.aws_dbt_snowflake_project.dim_bookings, now snapshot.aws_dbt_snowflake_project.dim_hosts)
[0m15:52:51.211192 [debug] [Thread-2 (]: Began compiling node snapshot.aws_dbt_snowflake_project.dim_hosts
[0m15:52:51.213541 [debug] [Thread-2 (]: Writing injected SQL for node "snapshot.aws_dbt_snowflake_project.dim_hosts"
[0m15:52:51.215152 [debug] [Thread-2 (]: Began executing node snapshot.aws_dbt_snowflake_project.dim_hosts
[0m15:52:51.227760 [debug] [Thread-2 (]: Using snowflake connection "snapshot.aws_dbt_snowflake_project.dim_hosts"
[0m15:52:51.228352 [debug] [Thread-2 (]: On snapshot.aws_dbt_snowflake_project.dim_hosts: select * from (
        
    

    select *,
        md5(coalesce(cast(HOST_ID as varchar ), '')
         || '|' || coalesce(cast(HOST_CREATED_AT as varchar ), '')
        ) as dbt_scd_id,
        HOST_CREATED_AT as dbt_updated_at,
        HOST_CREATED_AT as dbt_valid_from,
        
  
  coalesce(nullif(HOST_CREATED_AT, HOST_CREATED_AT), to_date('9999-12-31'))
  as dbt_valid_to
from (
        with __dbt__cte__hosts as (


WITH hosts AS 
(
    SELECT 
        HOST_ID,
        HOST_NAME,
        HOST_SINCE,
        IS_SUPERHOST,
        RESPONSE_RATE_QUALITY,
        HOST_CREATED_AT

    FROM 
        AIRBNB.gold.obt
)
SELECT * FROM hosts
) select * from __dbt__cte__hosts
    ) sbq



    ) as __dbt_sbq
    where false
    limit 0
/* {"app": "dbt", "dbt_version": "1.12.5", "profile_name": "aws_dbt_snowflake_project", "target_name": "dev", "node_id": "snapshot.aws_dbt_snowflake_project.dim_hosts"} */
/* {"app": "dbt", "dbt_version": "1.12.5", "profile_name": "aws_dbt_snowflake_project", "target_name": "dev", "node_id": "snapshot.aws_dbt_snowflake_project.dim_hosts"} */
[0m15:52:51.510155 [debug] [Thread-2 (]: SQL status: SUCCESS 0 in 0.281 seconds
[0m15:52:51.512690 [debug] [Thread-2 (]: Using snowflake connection "snapshot.aws_dbt_snowflake_project.dim_hosts"
[0m15:52:51.513598 [debug] [Thread-2 (]: On snapshot.aws_dbt_snowflake_project.dim_hosts: select * from (
        select to_timestamp_ntz(convert_timezone('UTC', current_timestamp())) as dbt_snapshot_time
    ) as __dbt_sbq
    where false
    limit 0
/* {"app": "dbt", "dbt_version": "1.12.5", "profile_name": "aws_dbt_snowflake_project", "target_name": "dev", "node_id": "snapshot.aws_dbt_snowflake_project.dim_hosts"} */
/* {"app": "dbt", "dbt_version": "1.12.5", "profile_name": "aws_dbt_snowflake_project", "target_name": "dev", "node_id": "snapshot.aws_dbt_snowflake_project.dim_hosts"} */
[0m15:52:51.676969 [debug] [Thread-2 (]: SQL status: SUCCESS 0 in 0.162 seconds
[0m15:52:51.678913 [debug] [Thread-2 (]: Writing runtime sql for node "snapshot.aws_dbt_snowflake_project.dim_hosts"
[0m15:52:51.686398 [debug] [Thread-2 (]: Using snowflake connection "snapshot.aws_dbt_snowflake_project.dim_hosts"
[0m15:52:51.688490 [debug] [Thread-2 (]: On snapshot.aws_dbt_snowflake_project.dim_hosts: create or replace transient table AIRBNB.gold.dim_hosts
    
    
    
    
    

    as (
    

    select *,
        md5(coalesce(cast(HOST_ID as varchar ), '')
         || '|' || coalesce(cast(HOST_CREATED_AT as varchar ), '')
        ) as dbt_scd_id,
        HOST_CREATED_AT as dbt_updated_at,
        HOST_CREATED_AT as dbt_valid_from,
        
  
  coalesce(nullif(HOST_CREATED_AT, HOST_CREATED_AT), to_date('9999-12-31'))
  as dbt_valid_to
from (
        with __dbt__cte__hosts as (


WITH hosts AS 
(
    SELECT 
        HOST_ID,
        HOST_NAME,
        HOST_SINCE,
        IS_SUPERHOST,
        RESPONSE_RATE_QUALITY,
        HOST_CREATED_AT

    FROM 
        AIRBNB.gold.obt
)
SELECT * FROM hosts
) select * from __dbt__cte__hosts
    ) sbq



    )

/* {"app": "dbt", "dbt_version": "1.12.5", "profile_name": "aws_dbt_snowflake_project", "target_name": "dev", "node_id": "snapshot.aws_dbt_snowflake_project.dim_hosts"} */;
[0m15:52:52.238652 [debug] [Thread-2 (]: SQL status: SUCCESS 5000 in 0.549 seconds
[0m15:52:52.252380 [debug] [Thread-2 (]: Sending event: {'category': 'dbt', 'action': 'run_model', 'label': '01478610-e6d4-47e5-994d-56089460dd9d', 'context': [<snowplow_tracker.self_describing_json.SelfDescribingJson object at 0x000002A1BED00050>]}
[0m15:52:52.253826 [info ] [Thread-2 (]: 9 of 10 OK snapshotted gold.dim_hosts .......................................... [[32mSUCCESS 5000[0m in 1.04s]
[0m15:52:52.255376 [debug] [Thread-2 (]: Finished running node snapshot.aws_dbt_snowflake_project.dim_hosts
[0m15:52:52.256191 [debug] [Thread-2 (]: Began running node snapshot.aws_dbt_snowflake_project.dim_listings
[0m15:52:52.257089 [info ] [Thread-2 (]: 10 of 10 START snapshot gold.dim_listings ...................................... [RUN]
[0m15:52:52.258263 [debug] [Thread-2 (]: Re-using an available connection from the pool (formerly snapshot.aws_dbt_snowflake_project.dim_hosts, now snapshot.aws_dbt_snowflake_project.dim_listings)
[0m15:52:52.258991 [debug] [Thread-2 (]: Began compiling node snapshot.aws_dbt_snowflake_project.dim_listings
[0m15:52:52.263277 [debug] [Thread-2 (]: Writing injected SQL for node "snapshot.aws_dbt_snowflake_project.dim_listings"
[0m15:52:52.265514 [debug] [Thread-2 (]: Began executing node snapshot.aws_dbt_snowflake_project.dim_listings
[0m15:52:52.273260 [debug] [Thread-2 (]: Using snowflake connection "snapshot.aws_dbt_snowflake_project.dim_listings"
[0m15:52:52.274110 [debug] [Thread-2 (]: On snapshot.aws_dbt_snowflake_project.dim_listings: select * from (
        
    

    select *,
        md5(coalesce(cast(LISTING_ID as varchar ), '')
         || '|' || coalesce(cast(LISTING_CREATED_AT as varchar ), '')
        ) as dbt_scd_id,
        LISTING_CREATED_AT as dbt_updated_at,
        LISTING_CREATED_AT as dbt_valid_from,
        
  
  coalesce(nullif(LISTING_CREATED_AT, LISTING_CREATED_AT), to_date('9999-12-31'))
  as dbt_valid_to
from (
        with __dbt__cte__listings as (


WITH listings AS 
(
    SELECT 
        LISTING_ID,
        LISTING_NAME,
        PROPERTY_TYPE,
        CITY,
        COUNTRY,
        PRICE_PER_NIGHT_TAG,
        LISTING_CREATED_AT
        
    FROM 
        AIRBNB.gold.obt
)
SELECT * FROM listings
) select * from __dbt__cte__listings
    ) sbq



    ) as __dbt_sbq
    where false
    limit 0
/* {"app": "dbt", "dbt_version": "1.12.5", "profile_name": "aws_dbt_snowflake_project", "target_name": "dev", "node_id": "snapshot.aws_dbt_snowflake_project.dim_listings"} */
/* {"app": "dbt", "dbt_version": "1.12.5", "profile_name": "aws_dbt_snowflake_project", "target_name": "dev", "node_id": "snapshot.aws_dbt_snowflake_project.dim_listings"} */
[0m15:52:52.469762 [debug] [Thread-2 (]: Snowflake adapter: Snowflake query id: 01c7486e-000e-03dd-0002-3e520007f0aa
[0m15:52:52.470534 [debug] [Thread-2 (]: Snowflake adapter: Snowflake error: 000904 (42000): SQL compilation error: error line 23 at position 8
invalid identifier 'LISTING_NAME'
[0m15:52:52.485161 [debug] [Thread-2 (]: Database Error in snapshot dim_listings (snapshots\dim_listings.yml)
  000904 (42000): SQL compilation error: error line 23 at position 8
  invalid identifier 'LISTING_NAME'
[0m15:52:52.485880 [debug] [Thread-2 (]: Sending event: {'category': 'dbt', 'action': 'run_model', 'label': '01478610-e6d4-47e5-994d-56089460dd9d', 'context': [<snowplow_tracker.self_describing_json.SelfDescribingJson object at 0x000002A1BEDC7EF0>]}
[0m15:52:52.486911 [error] [Thread-2 (]: 10 of 10 ERROR snapshotting gold.dim_listings .................................. [[31mERROR[0m in 0.23s]
[0m15:52:52.488148 [debug] [Thread-2 (]: Finished running node snapshot.aws_dbt_snowflake_project.dim_listings
[0m15:52:52.488884 [debug] [Thread-5 (]: Marking all children of 'snapshot.aws_dbt_snowflake_project.dim_listings' to be skipped because of status 'error'.  Reason: Database Error in snapshot dim_listings (snapshots\dim_listings.yml)
  000904 (42000): SQL compilation error: error line 23 at position 8
  invalid identifier 'LISTING_NAME'.
[0m15:52:52.490899 [debug] [MainThread]: Connection 'master' was properly closed.
[0m15:52:52.491319 [debug] [MainThread]: Connection 'list_AIRBNB' was left open.
[0m15:52:52.491694 [debug] [MainThread]: On list_AIRBNB: Close
[0m15:52:52.804332 [debug] [MainThread]: Connection 'list_AIRBNB_gold' was left open.
[0m15:52:52.806045 [debug] [MainThread]: On list_AIRBNB_gold: Close
[0m15:52:53.109333 [debug] [MainThread]: Connection 'snapshot.aws_dbt_snowflake_project.dim_listings' was left open.
[0m15:52:53.110867 [debug] [MainThread]: On snapshot.aws_dbt_snowflake_project.dim_listings: Close
[0m15:52:53.471445 [info ] [MainThread]: 
[0m15:52:53.473558 [info ] [MainThread]: Finished running 6 incremental models, 3 snapshots, 1 table model in 0 hours 0 minutes and 24.21 seconds (24.21s).
[0m15:52:53.481617 [debug] [MainThread]: Command end result
[0m15:52:53.541489 [debug] [MainThread]: Wrote artifact WritableManifest to C:\Users\samee\OneDrive\Desktop\aws_dbt_snowflake\aws_dbt_snowflake_project\target\manifest.json
[0m15:52:53.546749 [debug] [MainThread]: Wrote artifact SemanticManifest to C:\Users\samee\OneDrive\Desktop\aws_dbt_snowflake\aws_dbt_snowflake_project\target\semantic_manifest.json
[0m15:52:53.552075 [debug] [MainThread]: Wrote artifact OsiDocument to C:\Users\samee\OneDrive\Desktop\aws_dbt_snowflake\aws_dbt_snowflake_project\target\osi_document.json
[0m15:52:53.562869 [debug] [MainThread]: Wrote artifact RunExecutionResult to C:\Users\samee\OneDrive\Desktop\aws_dbt_snowflake\aws_dbt_snowflake_project\target\run_results.json
[0m15:52:53.563537 [info ] [MainThread]: 
[0m15:52:53.564304 [info ] [MainThread]: [31mCompleted with 1 error, 0 partial successes, and 0 warnings:[0m
[0m15:52:53.564974 [info ] [MainThread]: 
[0m15:52:53.565674 [error] [MainThread]: [[31mERROR[0m]: in snapshot dim_listings (snapshots\dim_listings.yml)
[0m15:52:53.566355 [error] [MainThread]:   Database Error in snapshot dim_listings (snapshots\dim_listings.yml)
  000904 (42000): SQL compilation error: error line 23 at position 8
  invalid identifier 'LISTING_NAME'
[0m15:52:53.566973 [info ] [MainThread]: 
[0m15:52:53.567721 [info ] [MainThread]:   compiled code at target\compiled\aws_dbt_snowflake_project\snapshots\dim_listings.yml\dim_listings.sql
[0m15:52:53.568394 [info ] [MainThread]: 
[0m15:52:53.569166 [info ] [MainThread]: Done. PASS=9 WARN=0 ERROR=1 SKIP=0 NO-OP=0 REUSED=0 TOTAL=10
[0m15:52:53.571299 [debug] [MainThread]: Command `dbt build` failed at 15:52:53.571077 after 26.86 seconds
[0m15:52:53.571914 [debug] [MainThread]: Sending event: {'category': 'dbt', 'action': 'invocation', 'label': 'end', 'context': [<snowplow_tracker.self_describing_json.SelfDescribingJson object at 0x000002A1BEA66330>, <snowplow_tracker.self_describing_json.SelfDescribingJson object at 0x000002A1BEA9D3D0>, <snowplow_tracker.self_describing_json.SelfDescribingJson object at 0x000002A1B940DA90>]}
[0m15:52:53.572431 [debug] [MainThread]: Flushing usage events
[0m15:52:55.246166 [debug] [MainThread]: An error was encountered while trying to flush usage events
[0m15:55:39.909779 [debug] [MainThread]: Sending event: {'category': 'dbt', 'action': 'invocation', 'label': 'start', 'context': [<snowplow_tracker.self_describing_json.SelfDescribingJson object at 0x000002C4E5B92900>, <snowplow_tracker.self_describing_json.SelfDescribingJson object at 0x000002C4E81F3ED0>, <snowplow_tracker.self_describing_json.SelfDescribingJson object at 0x000002C4E81F3B10>]}


============================== 15:55:39.915213 | 311365e9-7614-42c4-9ed3-8f2494fe0fe0 ==============================
[0m15:55:39.915213 [info ] [MainThread]: Running with dbt=1.12.5
[0m15:55:39.916445 [debug] [MainThread]: running dbt with arguments {'version_check': 'True', 'no_print': 'None', 'static_parser': 'True', 'target_path': 'None', 'maximum_seed_size_mib': '1', 'warn_error_options': 'WarnErrorOptionsV2(error=[], warn=[], silence=[])', 'printer_width': '80', 'write_json': 'True', 'introspect': 'True', 'log_cache_events': 'False', 'empty': 'False', 'cache_selected_only': 'False', 'fail_fast': 'False', 'debug': 'False', 'log_format': 'default', 'partial_parse': 'True', 'send_anonymous_usage_stats': 'True', 'quiet': 'False', 'warn_error': 'None', 'profiles_dir': 'C:\\Users\\samee\\OneDrive\\Desktop\\aws_dbt_snowflake\\aws_dbt_snowflake_project', 'invocation_command': 'dbt build', 'hints_enabled': 'True', 'indirect_selection': 'eager', 'use_experimental_parser': 'False', 'use_colors': 'True', 'log_path': 'C:\\Users\\samee\\OneDrive\\Desktop\\aws_dbt_snowflake\\aws_dbt_snowflake_project\\logs'}
[0m15:55:40.570606 [debug] [MainThread]: Snowflake adapter: Setting snowflake.connector to ERROR (file logging only)
[0m15:55:40.571331 [debug] [MainThread]: Snowflake adapter: Setting botocore to ERROR (file logging only)
[0m15:55:40.571860 [debug] [MainThread]: Snowflake adapter: Setting boto3 to ERROR (file logging only)
[0m15:55:40.976615 [debug] [MainThread]: Sending event: {'category': 'dbt', 'action': 'project_id', 'label': '311365e9-7614-42c4-9ed3-8f2494fe0fe0', 'context': [<snowplow_tracker.self_describing_json.SelfDescribingJson object at 0x000002C4E60AEFD0>]}
[0m15:55:41.071191 [debug] [MainThread]: Sending event: {'category': 'dbt', 'action': 'adapter_info', 'label': '311365e9-7614-42c4-9ed3-8f2494fe0fe0', 'context': [<snowplow_tracker.self_describing_json.SelfDescribingJson object at 0x000002C4E6708380>]}
[0m15:55:41.072828 [info ] [MainThread]: Registered adapter: snowflake=1.12.1
[0m15:55:41.589163 [debug] [MainThread]: checksum: 0ee1a1dce6b94271f7f4877021b9467e87e858ea987b298e8ea9f7304295ef8e, vars: {}, profile: aws_dbt_snowflake_project, target: dev, version: 1.12.5
[0m15:55:41.906965 [debug] [MainThread]: Partial parsing enabled: 0 files deleted, 0 files added, 1 files changed.
[0m15:55:41.907853 [debug] [MainThread]: Partial parsing: updated file: aws_dbt_snowflake_project://models\gold\ephemeral\listings.sql
[0m15:55:42.343598 [debug] [MainThread]: Sending event: {'category': 'dbt', 'action': 'load_project', 'label': '311365e9-7614-42c4-9ed3-8f2494fe0fe0', 'context': [<snowplow_tracker.self_describing_json.SelfDescribingJson object at 0x000002C4EA174550>]}
[0m15:55:42.551324 [debug] [MainThread]: Wrote artifact WritableManifest to C:\Users\samee\OneDrive\Desktop\aws_dbt_snowflake\aws_dbt_snowflake_project\target\manifest.json
[0m15:55:42.557467 [debug] [MainThread]: Wrote artifact SemanticManifest to C:\Users\samee\OneDrive\Desktop\aws_dbt_snowflake\aws_dbt_snowflake_project\target\semantic_manifest.json
[0m15:55:42.607673 [debug] [MainThread]: Wrote artifact OsiDocument to C:\Users\samee\OneDrive\Desktop\aws_dbt_snowflake\aws_dbt_snowflake_project\target\osi_document.json
[0m15:55:42.645075 [debug] [MainThread]: Sending event: {'category': 'dbt', 'action': 'resource_counts', 'label': '311365e9-7614-42c4-9ed3-8f2494fe0fe0', 'context': [<snowplow_tracker.self_describing_json.SelfDescribingJson object at 0x000002C4EB3CAC60>]}
[0m15:55:42.646078 [info ] [MainThread]: Found 11 models, 2 analyses, 3 snapshots, 3 sources, 566 macros
[0m15:55:42.650352 [info ] [MainThread]: 
[0m15:55:42.651185 [info ] [MainThread]: Concurrency: 1 threads (target='dev')
[0m15:55:42.651926 [info ] [MainThread]: 
[0m15:55:42.653663 [debug] [MainThread]: Acquiring new snowflake connection 'master'
[0m15:55:42.662922 [debug] [ThreadPool]: Acquiring new snowflake connection 'list_AIRBNB'
[0m15:55:42.689494 [debug] [ThreadPool]: Using snowflake connection "list_AIRBNB"
[0m15:55:42.690013 [debug] [ThreadPool]: On list_AIRBNB: show terse schemas in database AIRBNB
    limit 10000
/* {"app": "dbt", "dbt_version": "1.12.5", "profile_name": "aws_dbt_snowflake_project", "target_name": "dev", "connection_name": "list_AIRBNB"} */
[0m15:55:42.690507 [debug] [ThreadPool]: Opening a new connection, currently in state init
[0m15:55:44.180499 [debug] [ThreadPool]: SQL status: SUCCESS 8 in 1.490 seconds
[0m15:55:44.190015 [debug] [ThreadPool]: Using snowflake connection "list_AIRBNB"
[0m15:55:44.191070 [debug] [ThreadPool]: On list_AIRBNB: show terse schemas in database AIRBNB
    limit 10000
/* {"app": "dbt", "dbt_version": "1.12.5", "profile_name": "aws_dbt_snowflake_project", "target_name": "dev", "connection_name": "list_AIRBNB"} */
[0m15:55:44.390022 [debug] [ThreadPool]: SQL status: SUCCESS 8 in 0.198 seconds
[0m15:55:44.399231 [debug] [ThreadPool]: Using snowflake connection "list_AIRBNB"
[0m15:55:44.400631 [debug] [ThreadPool]: On list_AIRBNB: show terse schemas in database AIRBNB
    limit 10000
/* {"app": "dbt", "dbt_version": "1.12.5", "profile_name": "aws_dbt_snowflake_project", "target_name": "dev", "connection_name": "list_AIRBNB"} */
[0m15:55:44.598658 [debug] [ThreadPool]: SQL status: SUCCESS 8 in 0.197 seconds
[0m15:55:44.611234 [debug] [ThreadPool]: Acquiring new snowflake connection 'list_AIRBNB_silver'
[0m15:55:44.640831 [debug] [ThreadPool]: Using snowflake connection "list_AIRBNB_silver"
[0m15:55:44.641499 [debug] [ThreadPool]: On list_AIRBNB_silver: show objects in AIRBNB.silver
    limit 10000
    

/* {"app": "dbt", "dbt_version": "1.12.5", "profile_name": "aws_dbt_snowflake_project", "target_name": "dev", "connection_name": "list_AIRBNB_silver"} */;
[0m15:55:44.642030 [debug] [ThreadPool]: Opening a new connection, currently in state init
[0m15:55:45.714567 [debug] [ThreadPool]: SQL status: SUCCESS 3 in 1.072 seconds
[0m15:55:45.732948 [debug] [ThreadPool]: Using snowflake connection "list_AIRBNB_silver"
[0m15:55:45.734269 [debug] [ThreadPool]: On list_AIRBNB_silver: show user functions in AIRBNB.silver
/* {"app": "dbt", "dbt_version": "1.12.5", "profile_name": "aws_dbt_snowflake_project", "target_name": "dev", "connection_name": "list_AIRBNB_silver"} */
[0m15:55:45.919791 [debug] [ThreadPool]: SQL status: SUCCESS 0 in 0.184 seconds
[0m15:55:45.922380 [debug] [ThreadPool]: Re-using an available connection from the pool (formerly list_AIRBNB_silver, now list_AIRBNB_bronze)
[0m15:55:45.925105 [debug] [ThreadPool]: Using snowflake connection "list_AIRBNB_bronze"
[0m15:55:45.925581 [debug] [ThreadPool]: On list_AIRBNB_bronze: show objects in AIRBNB.bronze
    limit 10000
    

/* {"app": "dbt", "dbt_version": "1.12.5", "profile_name": "aws_dbt_snowflake_project", "target_name": "dev", "connection_name": "list_AIRBNB_bronze"} */;
[0m15:55:46.119331 [debug] [ThreadPool]: SQL status: SUCCESS 3 in 0.193 seconds
[0m15:55:46.128076 [debug] [ThreadPool]: Using snowflake connection "list_AIRBNB_bronze"
[0m15:55:46.129085 [debug] [ThreadPool]: On list_AIRBNB_bronze: show user functions in AIRBNB.bronze
/* {"app": "dbt", "dbt_version": "1.12.5", "profile_name": "aws_dbt_snowflake_project", "target_name": "dev", "connection_name": "list_AIRBNB_bronze"} */
[0m15:55:46.315465 [debug] [ThreadPool]: SQL status: SUCCESS 0 in 0.185 seconds
[0m15:55:46.318955 [debug] [ThreadPool]: Re-using an available connection from the pool (formerly list_AIRBNB_bronze, now list_AIRBNB_gold)
[0m15:55:46.322231 [debug] [ThreadPool]: Using snowflake connection "list_AIRBNB_gold"
[0m15:55:46.322725 [debug] [ThreadPool]: On list_AIRBNB_gold: show objects in AIRBNB.gold
    limit 10000
    

/* {"app": "dbt", "dbt_version": "1.12.5", "profile_name": "aws_dbt_snowflake_project", "target_name": "dev", "connection_name": "list_AIRBNB_gold"} */;
[0m15:55:46.548849 [debug] [ThreadPool]: SQL status: SUCCESS 3 in 0.226 seconds
[0m15:55:46.554464 [debug] [ThreadPool]: Using snowflake connection "list_AIRBNB_gold"
[0m15:55:46.555361 [debug] [ThreadPool]: On list_AIRBNB_gold: show user functions in AIRBNB.gold
/* {"app": "dbt", "dbt_version": "1.12.5", "profile_name": "aws_dbt_snowflake_project", "target_name": "dev", "connection_name": "list_AIRBNB_gold"} */
[0m15:55:46.726745 [debug] [ThreadPool]: SQL status: SUCCESS 0 in 0.171 seconds
[0m15:55:46.729995 [debug] [MainThread]: Sending event: {'category': 'dbt', 'action': 'runnable_timing', 'label': '311365e9-7614-42c4-9ed3-8f2494fe0fe0', 'context': [<snowplow_tracker.self_describing_json.SelfDescribingJson object at 0x000002C4EB3E5010>]}
[0m15:55:46.737279 [debug] [Thread-2 (]: Began running node model.aws_dbt_snowflake_project.bronze_bookings
[0m15:55:46.738603 [info ] [Thread-2 (]: 1 of 10 START sql incremental model bronze.bronze_bookings ..................... [RUN]
[0m15:55:46.740179 [debug] [Thread-2 (]: Acquiring new snowflake connection 'model.aws_dbt_snowflake_project.bronze_bookings'
[0m15:55:46.740763 [debug] [Thread-2 (]: Began compiling node model.aws_dbt_snowflake_project.bronze_bookings
[0m15:55:46.758736 [debug] [Thread-2 (]: Writing injected SQL for node "model.aws_dbt_snowflake_project.bronze_bookings"
[0m15:55:46.760630 [debug] [Thread-2 (]: Began executing node model.aws_dbt_snowflake_project.bronze_bookings
[0m15:55:46.889157 [debug] [Thread-2 (]: Using snowflake connection "model.aws_dbt_snowflake_project.bronze_bookings"
[0m15:55:46.890035 [debug] [Thread-2 (]: On model.aws_dbt_snowflake_project.bronze_bookings: create or replace  temporary view AIRBNB.bronze.bronze_bookings__dbt_tmp
  
  
  
  
  as (
    


SELECT * FROM  AIRBNB.staging.bookings


    WHERE CREATED_AT > (SELECT COALESCE(MAX(CREATED_AT), '1900-01-01') FROM AIRBNB.bronze.bronze_bookings)

  )
/* {"app": "dbt", "dbt_version": "1.12.5", "profile_name": "aws_dbt_snowflake_project", "target_name": "dev", "node_id": "model.aws_dbt_snowflake_project.bronze_bookings"} */;
[0m15:55:46.890534 [debug] [Thread-2 (]: Opening a new connection, currently in state init
[0m15:55:47.706500 [debug] [Thread-2 (]: SQL status: SUCCESS 1 in 0.816 seconds
[0m15:55:47.722311 [debug] [Thread-2 (]: Using snowflake connection "model.aws_dbt_snowflake_project.bronze_bookings"
[0m15:55:47.723112 [debug] [Thread-2 (]: On model.aws_dbt_snowflake_project.bronze_bookings: describe table AIRBNB.bronze.bronze_bookings__dbt_tmp
/* {"app": "dbt", "dbt_version": "1.12.5", "profile_name": "aws_dbt_snowflake_project", "target_name": "dev", "node_id": "model.aws_dbt_snowflake_project.bronze_bookings"} */
[0m15:55:47.903889 [debug] [Thread-2 (]: SQL status: SUCCESS 9 in 0.180 seconds
[0m15:55:47.911827 [debug] [Thread-2 (]: Using snowflake connection "model.aws_dbt_snowflake_project.bronze_bookings"
[0m15:55:47.912743 [debug] [Thread-2 (]: On model.aws_dbt_snowflake_project.bronze_bookings: describe table AIRBNB.bronze.bronze_bookings
/* {"app": "dbt", "dbt_version": "1.12.5", "profile_name": "aws_dbt_snowflake_project", "target_name": "dev", "node_id": "model.aws_dbt_snowflake_project.bronze_bookings"} */
[0m15:55:48.096858 [debug] [Thread-2 (]: SQL status: SUCCESS 9 in 0.183 seconds
[0m15:55:48.113754 [debug] [Thread-2 (]: Using snowflake connection "model.aws_dbt_snowflake_project.bronze_bookings"
[0m15:55:48.114448 [debug] [Thread-2 (]: On model.aws_dbt_snowflake_project.bronze_bookings: describe table "AIRBNB"."BRONZE"."BRONZE_BOOKINGS"
/* {"app": "dbt", "dbt_version": "1.12.5", "profile_name": "aws_dbt_snowflake_project", "target_name": "dev", "node_id": "model.aws_dbt_snowflake_project.bronze_bookings"} */
[0m15:55:48.309810 [debug] [Thread-2 (]: SQL status: SUCCESS 9 in 0.194 seconds
[0m15:55:48.343221 [debug] [Thread-2 (]: Writing runtime sql for node "model.aws_dbt_snowflake_project.bronze_bookings"
[0m15:55:48.345300 [debug] [Thread-2 (]: Using snowflake connection "model.aws_dbt_snowflake_project.bronze_bookings"
[0m15:55:48.345986 [debug] [Thread-2 (]: On model.aws_dbt_snowflake_project.bronze_bookings: -- back compat for old kwarg name
  
  begin
/* {"app": "dbt", "dbt_version": "1.12.5", "profile_name": "aws_dbt_snowflake_project", "target_name": "dev", "node_id": "model.aws_dbt_snowflake_project.bronze_bookings"} */;
[0m15:55:48.520439 [debug] [Thread-2 (]: SQL status: SUCCESS 1 in 0.174 seconds
[0m15:55:48.521118 [debug] [Thread-2 (]: Using snowflake connection "model.aws_dbt_snowflake_project.bronze_bookings"
[0m15:55:48.521714 [debug] [Thread-2 (]: On model.aws_dbt_snowflake_project.bronze_bookings: insert into AIRBNB.bronze.bronze_bookings ("BOOKING_ID", "LISTING_ID", "BOOKING_DATE", "NIGHTS_BOOKED", "BOOKING_AMOUNT", "CLEANING_FEE", "SERVICE_FEE", "BOOKING_STATUS", "CREATED_AT")
        (
            select "BOOKING_ID", "LISTING_ID", "BOOKING_DATE", "NIGHTS_BOOKED", "BOOKING_AMOUNT", "CLEANING_FEE", "SERVICE_FEE", "BOOKING_STATUS", "CREATED_AT"
            from AIRBNB.bronze.bronze_bookings__dbt_tmp
        )
/* {"app": "dbt", "dbt_version": "1.12.5", "profile_name": "aws_dbt_snowflake_project", "target_name": "dev", "node_id": "model.aws_dbt_snowflake_project.bronze_bookings"} */;
[0m15:55:48.828700 [debug] [Thread-2 (]: SQL status: SUCCESS 0 in 0.306 seconds
[0m15:55:48.829636 [debug] [Thread-2 (]: Using snowflake connection "model.aws_dbt_snowflake_project.bronze_bookings"
[0m15:55:48.830222 [debug] [Thread-2 (]: On model.aws_dbt_snowflake_project.bronze_bookings: COMMIT
/* {"app": "dbt", "dbt_version": "1.12.5", "profile_name": "aws_dbt_snowflake_project", "target_name": "dev", "node_id": "model.aws_dbt_snowflake_project.bronze_bookings"} */
[0m15:55:49.073040 [debug] [Thread-2 (]: SQL status: SUCCESS 1 in 0.242 seconds
[0m15:55:49.092286 [debug] [Thread-2 (]: Applying DROP to: AIRBNB.bronze.bronze_bookings__dbt_tmp
[0m15:55:49.105910 [debug] [Thread-2 (]: Using snowflake connection "model.aws_dbt_snowflake_project.bronze_bookings"
[0m15:55:49.106543 [debug] [Thread-2 (]: On model.aws_dbt_snowflake_project.bronze_bookings: drop view if exists AIRBNB.bronze.bronze_bookings__dbt_tmp cascade
/* {"app": "dbt", "dbt_version": "1.12.5", "profile_name": "aws_dbt_snowflake_project", "target_name": "dev", "node_id": "model.aws_dbt_snowflake_project.bronze_bookings"} */
[0m15:55:49.303117 [debug] [Thread-2 (]: SQL status: SUCCESS 1 in 0.196 seconds
[0m15:55:49.339745 [debug] [Thread-2 (]: Sending event: {'category': 'dbt', 'action': 'run_model', 'label': '311365e9-7614-42c4-9ed3-8f2494fe0fe0', 'context': [<snowplow_tracker.self_describing_json.SelfDescribingJson object at 0x000002C4EB76A820>]}
[0m15:55:49.340624 [info ] [Thread-2 (]: 1 of 10 OK created sql incremental model bronze.bronze_bookings ................ [[32mSUCCESS 0[0m in 2.60s]
[0m15:55:49.342213 [debug] [Thread-2 (]: Finished running node model.aws_dbt_snowflake_project.bronze_bookings
[0m15:55:49.343024 [debug] [Thread-2 (]: Began running node model.aws_dbt_snowflake_project.bronze_hosts
[0m15:55:49.344013 [info ] [Thread-2 (]: 2 of 10 START sql incremental model bronze.bronze_hosts ........................ [RUN]
[0m15:55:49.344798 [debug] [Thread-2 (]: Re-using an available connection from the pool (formerly model.aws_dbt_snowflake_project.bronze_bookings, now model.aws_dbt_snowflake_project.bronze_hosts)
[0m15:55:49.345280 [debug] [Thread-2 (]: Began compiling node model.aws_dbt_snowflake_project.bronze_hosts
[0m15:55:49.348501 [debug] [Thread-2 (]: Writing injected SQL for node "model.aws_dbt_snowflake_project.bronze_hosts"
[0m15:55:49.351083 [debug] [Thread-2 (]: Began executing node model.aws_dbt_snowflake_project.bronze_hosts
[0m15:55:49.356358 [debug] [Thread-2 (]: Using snowflake connection "model.aws_dbt_snowflake_project.bronze_hosts"
[0m15:55:49.356920 [debug] [Thread-2 (]: On model.aws_dbt_snowflake_project.bronze_hosts: create or replace  temporary view AIRBNB.bronze.bronze_hosts__dbt_tmp
  
  
  
  
  as (
    


SELECT * FROM  AIRBNB.staging.hosts


    WHERE CREATED_AT > (SELECT COALESCE(MAX(CREATED_AT), '1900-01-01') FROM AIRBNB.bronze.bronze_hosts)

  )
/* {"app": "dbt", "dbt_version": "1.12.5", "profile_name": "aws_dbt_snowflake_project", "target_name": "dev", "node_id": "model.aws_dbt_snowflake_project.bronze_hosts"} */;
[0m15:55:49.634304 [debug] [Thread-2 (]: SQL status: SUCCESS 1 in 0.277 seconds
[0m15:55:49.637936 [debug] [Thread-2 (]: Using snowflake connection "model.aws_dbt_snowflake_project.bronze_hosts"
[0m15:55:49.638807 [debug] [Thread-2 (]: On model.aws_dbt_snowflake_project.bronze_hosts: describe table AIRBNB.bronze.bronze_hosts__dbt_tmp
/* {"app": "dbt", "dbt_version": "1.12.5", "profile_name": "aws_dbt_snowflake_project", "target_name": "dev", "node_id": "model.aws_dbt_snowflake_project.bronze_hosts"} */
[0m15:55:49.806962 [debug] [Thread-2 (]: SQL status: SUCCESS 6 in 0.167 seconds
[0m15:55:49.811567 [debug] [Thread-2 (]: Using snowflake connection "model.aws_dbt_snowflake_project.bronze_hosts"
[0m15:55:49.812236 [debug] [Thread-2 (]: On model.aws_dbt_snowflake_project.bronze_hosts: describe table AIRBNB.bronze.bronze_hosts
/* {"app": "dbt", "dbt_version": "1.12.5", "profile_name": "aws_dbt_snowflake_project", "target_name": "dev", "node_id": "model.aws_dbt_snowflake_project.bronze_hosts"} */
[0m15:55:49.993608 [debug] [Thread-2 (]: SQL status: SUCCESS 6 in 0.181 seconds
[0m15:55:49.997069 [debug] [Thread-2 (]: Using snowflake connection "model.aws_dbt_snowflake_project.bronze_hosts"
[0m15:55:49.997785 [debug] [Thread-2 (]: On model.aws_dbt_snowflake_project.bronze_hosts: describe table "AIRBNB"."BRONZE"."BRONZE_HOSTS"
/* {"app": "dbt", "dbt_version": "1.12.5", "profile_name": "aws_dbt_snowflake_project", "target_name": "dev", "node_id": "model.aws_dbt_snowflake_project.bronze_hosts"} */
[0m15:55:50.151667 [debug] [Thread-2 (]: SQL status: SUCCESS 6 in 0.153 seconds
[0m15:55:50.155157 [debug] [Thread-2 (]: Writing runtime sql for node "model.aws_dbt_snowflake_project.bronze_hosts"
[0m15:55:50.157261 [debug] [Thread-2 (]: Using snowflake connection "model.aws_dbt_snowflake_project.bronze_hosts"
[0m15:55:50.157937 [debug] [Thread-2 (]: On model.aws_dbt_snowflake_project.bronze_hosts: -- back compat for old kwarg name
  
  begin
/* {"app": "dbt", "dbt_version": "1.12.5", "profile_name": "aws_dbt_snowflake_project", "target_name": "dev", "node_id": "model.aws_dbt_snowflake_project.bronze_hosts"} */;
[0m15:55:50.327876 [debug] [Thread-2 (]: SQL status: SUCCESS 1 in 0.169 seconds
[0m15:55:50.328477 [debug] [Thread-2 (]: Using snowflake connection "model.aws_dbt_snowflake_project.bronze_hosts"
[0m15:55:50.328951 [debug] [Thread-2 (]: On model.aws_dbt_snowflake_project.bronze_hosts: insert into AIRBNB.bronze.bronze_hosts ("HOST_ID", "HOST_NAME", "HOST_SINCE", "IS_SUPERHOST", "RESPONSE_RATE", "CREATED_AT")
        (
            select "HOST_ID", "HOST_NAME", "HOST_SINCE", "IS_SUPERHOST", "RESPONSE_RATE", "CREATED_AT"
            from AIRBNB.bronze.bronze_hosts__dbt_tmp
        )
/* {"app": "dbt", "dbt_version": "1.12.5", "profile_name": "aws_dbt_snowflake_project", "target_name": "dev", "node_id": "model.aws_dbt_snowflake_project.bronze_hosts"} */;
[0m15:55:50.608652 [debug] [Thread-2 (]: SQL status: SUCCESS 0 in 0.279 seconds
[0m15:55:50.609378 [debug] [Thread-2 (]: Using snowflake connection "model.aws_dbt_snowflake_project.bronze_hosts"
[0m15:55:50.610041 [debug] [Thread-2 (]: On model.aws_dbt_snowflake_project.bronze_hosts: COMMIT
/* {"app": "dbt", "dbt_version": "1.12.5", "profile_name": "aws_dbt_snowflake_project", "target_name": "dev", "node_id": "model.aws_dbt_snowflake_project.bronze_hosts"} */
[0m15:55:50.812920 [debug] [Thread-2 (]: SQL status: SUCCESS 1 in 0.202 seconds
[0m15:55:50.818129 [debug] [Thread-2 (]: Applying DROP to: AIRBNB.bronze.bronze_hosts__dbt_tmp
[0m15:55:50.819687 [debug] [Thread-2 (]: Using snowflake connection "model.aws_dbt_snowflake_project.bronze_hosts"
[0m15:55:50.820391 [debug] [Thread-2 (]: On model.aws_dbt_snowflake_project.bronze_hosts: drop view if exists AIRBNB.bronze.bronze_hosts__dbt_tmp cascade
/* {"app": "dbt", "dbt_version": "1.12.5", "profile_name": "aws_dbt_snowflake_project", "target_name": "dev", "node_id": "model.aws_dbt_snowflake_project.bronze_hosts"} */
[0m15:55:51.017402 [debug] [Thread-2 (]: SQL status: SUCCESS 1 in 0.196 seconds
[0m15:55:51.020590 [debug] [Thread-2 (]: Sending event: {'category': 'dbt', 'action': 'run_model', 'label': '311365e9-7614-42c4-9ed3-8f2494fe0fe0', 'context': [<snowplow_tracker.self_describing_json.SelfDescribingJson object at 0x000002C4EB66A450>]}
[0m15:55:51.021629 [info ] [Thread-2 (]: 2 of 10 OK created sql incremental model bronze.bronze_hosts ................... [[32mSUCCESS 0[0m in 1.68s]
[0m15:55:51.022899 [debug] [Thread-2 (]: Finished running node model.aws_dbt_snowflake_project.bronze_hosts
[0m15:55:51.023727 [debug] [Thread-2 (]: Began running node model.aws_dbt_snowflake_project.bronze_listings
[0m15:55:51.024681 [info ] [Thread-2 (]: 3 of 10 START sql incremental model bronze.bronze_listings ..................... [RUN]
[0m15:55:51.025642 [debug] [Thread-2 (]: Re-using an available connection from the pool (formerly model.aws_dbt_snowflake_project.bronze_hosts, now model.aws_dbt_snowflake_project.bronze_listings)
[0m15:55:51.026206 [debug] [Thread-2 (]: Began compiling node model.aws_dbt_snowflake_project.bronze_listings
[0m15:55:51.029394 [debug] [Thread-2 (]: Writing injected SQL for node "model.aws_dbt_snowflake_project.bronze_listings"
[0m15:55:51.030758 [debug] [Thread-2 (]: Began executing node model.aws_dbt_snowflake_project.bronze_listings
[0m15:55:51.040632 [debug] [Thread-2 (]: Using snowflake connection "model.aws_dbt_snowflake_project.bronze_listings"
[0m15:55:51.041575 [debug] [Thread-2 (]: On model.aws_dbt_snowflake_project.bronze_listings: create or replace  temporary view AIRBNB.bronze.bronze_listings__dbt_tmp
  
  
  
  
  as (
    


SELECT * FROM  AIRBNB.staging.listings


    WHERE CREATED_AT > (SELECT COALESCE(MAX(CREATED_AT), '1900-01-01') FROM AIRBNB.bronze.bronze_listings)

  )
/* {"app": "dbt", "dbt_version": "1.12.5", "profile_name": "aws_dbt_snowflake_project", "target_name": "dev", "node_id": "model.aws_dbt_snowflake_project.bronze_listings"} */;
[0m15:55:51.326534 [debug] [Thread-2 (]: SQL status: SUCCESS 1 in 0.284 seconds
[0m15:55:51.329483 [debug] [Thread-2 (]: Using snowflake connection "model.aws_dbt_snowflake_project.bronze_listings"
[0m15:55:51.330101 [debug] [Thread-2 (]: On model.aws_dbt_snowflake_project.bronze_listings: describe table AIRBNB.bronze.bronze_listings__dbt_tmp
/* {"app": "dbt", "dbt_version": "1.12.5", "profile_name": "aws_dbt_snowflake_project", "target_name": "dev", "node_id": "model.aws_dbt_snowflake_project.bronze_listings"} */
[0m15:55:51.489511 [debug] [Thread-2 (]: SQL status: SUCCESS 11 in 0.158 seconds
[0m15:55:51.499499 [debug] [Thread-2 (]: Using snowflake connection "model.aws_dbt_snowflake_project.bronze_listings"
[0m15:55:51.500586 [debug] [Thread-2 (]: On model.aws_dbt_snowflake_project.bronze_listings: describe table AIRBNB.bronze.bronze_listings
/* {"app": "dbt", "dbt_version": "1.12.5", "profile_name": "aws_dbt_snowflake_project", "target_name": "dev", "node_id": "model.aws_dbt_snowflake_project.bronze_listings"} */
[0m15:55:51.668494 [debug] [Thread-2 (]: SQL status: SUCCESS 11 in 0.167 seconds
[0m15:55:51.675651 [debug] [Thread-2 (]: Using snowflake connection "model.aws_dbt_snowflake_project.bronze_listings"
[0m15:55:51.676511 [debug] [Thread-2 (]: On model.aws_dbt_snowflake_project.bronze_listings: describe table "AIRBNB"."BRONZE"."BRONZE_LISTINGS"
/* {"app": "dbt", "dbt_version": "1.12.5", "profile_name": "aws_dbt_snowflake_project", "target_name": "dev", "node_id": "model.aws_dbt_snowflake_project.bronze_listings"} */
[0m15:55:51.839162 [debug] [Thread-2 (]: SQL status: SUCCESS 11 in 0.162 seconds
[0m15:55:51.845101 [debug] [Thread-2 (]: Writing runtime sql for node "model.aws_dbt_snowflake_project.bronze_listings"
[0m15:55:51.848299 [debug] [Thread-2 (]: Using snowflake connection "model.aws_dbt_snowflake_project.bronze_listings"
[0m15:55:51.849812 [debug] [Thread-2 (]: On model.aws_dbt_snowflake_project.bronze_listings: -- back compat for old kwarg name
  
  begin
/* {"app": "dbt", "dbt_version": "1.12.5", "profile_name": "aws_dbt_snowflake_project", "target_name": "dev", "node_id": "model.aws_dbt_snowflake_project.bronze_listings"} */;
[0m15:55:52.002422 [debug] [Thread-2 (]: SQL status: SUCCESS 1 in 0.151 seconds
[0m15:55:52.003054 [debug] [Thread-2 (]: Using snowflake connection "model.aws_dbt_snowflake_project.bronze_listings"
[0m15:55:52.003584 [debug] [Thread-2 (]: On model.aws_dbt_snowflake_project.bronze_listings: insert into AIRBNB.bronze.bronze_listings ("LISTING_ID", "HOST_ID", "PROPERTY_TYPE", "ROOM_TYPE", "CITY", "COUNTRY", "ACCOMMODATES", "BEDROOMS", "BATHROOMS", "PRICE_PER_NIGHT", "CREATED_AT")
        (
            select "LISTING_ID", "HOST_ID", "PROPERTY_TYPE", "ROOM_TYPE", "CITY", "COUNTRY", "ACCOMMODATES", "BEDROOMS", "BATHROOMS", "PRICE_PER_NIGHT", "CREATED_AT"
            from AIRBNB.bronze.bronze_listings__dbt_tmp
        )
/* {"app": "dbt", "dbt_version": "1.12.5", "profile_name": "aws_dbt_snowflake_project", "target_name": "dev", "node_id": "model.aws_dbt_snowflake_project.bronze_listings"} */;
[0m15:55:52.297587 [debug] [Thread-2 (]: SQL status: SUCCESS 0 in 0.293 seconds
[0m15:55:52.301397 [debug] [Thread-2 (]: Using snowflake connection "model.aws_dbt_snowflake_project.bronze_listings"
[0m15:55:52.302980 [debug] [Thread-2 (]: On model.aws_dbt_snowflake_project.bronze_listings: COMMIT
/* {"app": "dbt", "dbt_version": "1.12.5", "profile_name": "aws_dbt_snowflake_project", "target_name": "dev", "node_id": "model.aws_dbt_snowflake_project.bronze_listings"} */
[0m15:55:52.479120 [debug] [Thread-2 (]: SQL status: SUCCESS 1 in 0.175 seconds
[0m15:55:52.483372 [debug] [Thread-2 (]: Applying DROP to: AIRBNB.bronze.bronze_listings__dbt_tmp
[0m15:55:52.486199 [debug] [Thread-2 (]: Using snowflake connection "model.aws_dbt_snowflake_project.bronze_listings"
[0m15:55:52.486857 [debug] [Thread-2 (]: On model.aws_dbt_snowflake_project.bronze_listings: drop view if exists AIRBNB.bronze.bronze_listings__dbt_tmp cascade
/* {"app": "dbt", "dbt_version": "1.12.5", "profile_name": "aws_dbt_snowflake_project", "target_name": "dev", "node_id": "model.aws_dbt_snowflake_project.bronze_listings"} */
[0m15:55:52.669478 [debug] [Thread-2 (]: SQL status: SUCCESS 1 in 0.182 seconds
[0m15:55:52.673003 [debug] [Thread-2 (]: Sending event: {'category': 'dbt', 'action': 'run_model', 'label': '311365e9-7614-42c4-9ed3-8f2494fe0fe0', 'context': [<snowplow_tracker.self_describing_json.SelfDescribingJson object at 0x000002C4EB6E2F10>]}
[0m15:55:52.673966 [info ] [Thread-2 (]: 3 of 10 OK created sql incremental model bronze.bronze_listings ................ [[32mSUCCESS 0[0m in 1.65s]
[0m15:55:52.675367 [debug] [Thread-2 (]: Finished running node model.aws_dbt_snowflake_project.bronze_listings
[0m15:55:52.676204 [debug] [Thread-2 (]: Began running node model.aws_dbt_snowflake_project.obt
[0m15:55:52.677388 [info ] [Thread-2 (]: 4 of 10 START sql table model gold.obt ......................................... [RUN]
[0m15:55:52.678656 [debug] [Thread-2 (]: Re-using an available connection from the pool (formerly model.aws_dbt_snowflake_project.bronze_listings, now model.aws_dbt_snowflake_project.obt)
[0m15:55:52.679276 [debug] [Thread-2 (]: Began compiling node model.aws_dbt_snowflake_project.obt
[0m15:55:52.686176 [debug] [Thread-2 (]: Writing injected SQL for node "model.aws_dbt_snowflake_project.obt"
[0m15:55:52.687857 [debug] [Thread-2 (]: Began executing node model.aws_dbt_snowflake_project.obt
[0m15:55:52.743272 [debug] [Thread-2 (]: Writing runtime sql for node "model.aws_dbt_snowflake_project.obt"
[0m15:55:52.746682 [debug] [Thread-2 (]: Using snowflake connection "model.aws_dbt_snowflake_project.obt"
[0m15:55:52.747318 [debug] [Thread-2 (]: On model.aws_dbt_snowflake_project.obt: create or replace transient table AIRBNB.gold.obt
    
    
    
    
    

    as (



SELECT 
    
        SILVER_bookings.*,
    
        SILVER_listings.HOST_ID, SILVER_listings.PROPERTY_TYPE, SILVER_listings.ROOM_TYPE, SILVER_listings.CITY, SILVER_listings.COUNTRY, SILVER_listings.ACCOMMODATES, SILVER_listings.BEDROOMS, SILVER_listings.BATHROOMS, SILVER_listings.PRICE_PER_NIGHT, silver_listings.PRICE_PER_NIGHT_TAG, SILVER_listings.CREATED_AT AS LISTING_CREATED_AT,
    
        SILVER_hosts.HOST_NAME, SILVER_hosts.HOST_SINCE, SILVER_hosts.IS_SUPERHOST, SILVER_hosts.RESPONSE_RATE, SILVER_hosts.RESPONSE_RATE_QUALITY, SILVER_hosts.CREATED_AT AS HOST_CREATED_AT
    
FROM
    
    
      AIRBNB.SILVER.SILVER_BOOKINGS AS SILVER_bookings
    
        
    
        LEFT JOIN AIRBNB.SILVER.SILVER_LISTINGS AS SILVER_listings
        ON SILVER_bookings.listing_id = SILVER_listings.listing_id
        
        
    
        LEFT JOIN AIRBNB.SILVER.SILVER_HOSTS AS SILVER_hosts
        ON SILVER_listings.host_id = SILVER_hosts.host_id
        
        
    )

/* {"app": "dbt", "dbt_version": "1.12.5", "profile_name": "aws_dbt_snowflake_project", "target_name": "dev", "node_id": "model.aws_dbt_snowflake_project.obt"} */;
[0m15:55:53.698558 [debug] [Thread-2 (]: SQL status: SUCCESS 5000 in 0.950 seconds
[0m15:55:53.711452 [debug] [Thread-2 (]: Sending event: {'category': 'dbt', 'action': 'run_model', 'label': '311365e9-7614-42c4-9ed3-8f2494fe0fe0', 'context': [<snowplow_tracker.self_describing_json.SelfDescribingJson object at 0x000002C4EB58F750>]}
[0m15:55:53.712700 [info ] [Thread-2 (]: 4 of 10 OK created sql table model gold.obt .................................... [[32mSUCCESS 5000[0m in 1.03s]
[0m15:55:53.714904 [debug] [Thread-2 (]: Finished running node model.aws_dbt_snowflake_project.obt
[0m15:55:53.716597 [debug] [Thread-2 (]: Began running node model.aws_dbt_snowflake_project.silver_bookings
[0m15:55:53.718133 [info ] [Thread-2 (]: 5 of 10 START sql incremental model silver.silver_bookings ..................... [RUN]
[0m15:55:53.719349 [debug] [Thread-2 (]: Re-using an available connection from the pool (formerly model.aws_dbt_snowflake_project.obt, now model.aws_dbt_snowflake_project.silver_bookings)
[0m15:55:53.720135 [debug] [Thread-2 (]: Began compiling node model.aws_dbt_snowflake_project.silver_bookings
[0m15:55:53.725222 [debug] [Thread-2 (]: Writing injected SQL for node "model.aws_dbt_snowflake_project.silver_bookings"
[0m15:55:53.727424 [debug] [Thread-2 (]: Began executing node model.aws_dbt_snowflake_project.silver_bookings
[0m15:55:53.736454 [debug] [Thread-2 (]: Using snowflake connection "model.aws_dbt_snowflake_project.silver_bookings"
[0m15:55:53.737387 [debug] [Thread-2 (]: On model.aws_dbt_snowflake_project.silver_bookings: create or replace  temporary view AIRBNB.silver.silver_bookings__dbt_tmp
  
  
  
  
  as (
    

select 
    BOOKING_ID,
    LISTING_ID,
    BOOKING_DATE,
    
    round(NIGHTS_BOOKED * BOOKING_AMOUNT,2)
 as TOTAL_BOOKING_PRICE ,
    SERVICE_FEE,
    CLEANING_FEE,
    BOOKING_STATUS,
    CREATED_AT 
FROM AIRBNB.bronze.bronze_bookings
  )
/* {"app": "dbt", "dbt_version": "1.12.5", "profile_name": "aws_dbt_snowflake_project", "target_name": "dev", "node_id": "model.aws_dbt_snowflake_project.silver_bookings"} */;
[0m15:55:53.996609 [debug] [Thread-2 (]: SQL status: SUCCESS 1 in 0.258 seconds
[0m15:55:53.999495 [debug] [Thread-2 (]: Using snowflake connection "model.aws_dbt_snowflake_project.silver_bookings"
[0m15:55:54.000051 [debug] [Thread-2 (]: On model.aws_dbt_snowflake_project.silver_bookings: describe table AIRBNB.silver.silver_bookings__dbt_tmp
/* {"app": "dbt", "dbt_version": "1.12.5", "profile_name": "aws_dbt_snowflake_project", "target_name": "dev", "node_id": "model.aws_dbt_snowflake_project.silver_bookings"} */
[0m15:55:54.193168 [debug] [Thread-2 (]: SQL status: SUCCESS 8 in 0.192 seconds
[0m15:55:54.201641 [debug] [Thread-2 (]: Using snowflake connection "model.aws_dbt_snowflake_project.silver_bookings"
[0m15:55:54.202680 [debug] [Thread-2 (]: On model.aws_dbt_snowflake_project.silver_bookings: describe table AIRBNB.silver.silver_bookings
/* {"app": "dbt", "dbt_version": "1.12.5", "profile_name": "aws_dbt_snowflake_project", "target_name": "dev", "node_id": "model.aws_dbt_snowflake_project.silver_bookings"} */
[0m15:55:54.358720 [debug] [Thread-2 (]: SQL status: SUCCESS 8 in 0.155 seconds
[0m15:55:54.367158 [debug] [Thread-2 (]: Using snowflake connection "model.aws_dbt_snowflake_project.silver_bookings"
[0m15:55:54.368089 [debug] [Thread-2 (]: On model.aws_dbt_snowflake_project.silver_bookings: describe table "AIRBNB"."SILVER"."SILVER_BOOKINGS"
/* {"app": "dbt", "dbt_version": "1.12.5", "profile_name": "aws_dbt_snowflake_project", "target_name": "dev", "node_id": "model.aws_dbt_snowflake_project.silver_bookings"} */
[0m15:55:54.542484 [debug] [Thread-2 (]: SQL status: SUCCESS 8 in 0.174 seconds
[0m15:55:54.585225 [debug] [Thread-2 (]: Writing runtime sql for node "model.aws_dbt_snowflake_project.silver_bookings"
[0m15:55:54.587870 [debug] [Thread-2 (]: Using snowflake connection "model.aws_dbt_snowflake_project.silver_bookings"
[0m15:55:54.588527 [debug] [Thread-2 (]: On model.aws_dbt_snowflake_project.silver_bookings: -- back compat for old kwarg name
  
  begin
/* {"app": "dbt", "dbt_version": "1.12.5", "profile_name": "aws_dbt_snowflake_project", "target_name": "dev", "node_id": "model.aws_dbt_snowflake_project.silver_bookings"} */;
[0m15:55:54.771869 [debug] [Thread-2 (]: SQL status: SUCCESS 1 in 0.183 seconds
[0m15:55:54.772654 [debug] [Thread-2 (]: Using snowflake connection "model.aws_dbt_snowflake_project.silver_bookings"
[0m15:55:54.773453 [debug] [Thread-2 (]: On model.aws_dbt_snowflake_project.silver_bookings: merge into AIRBNB.silver.silver_bookings as DBT_INTERNAL_DEST
        using AIRBNB.silver.silver_bookings__dbt_tmp as DBT_INTERNAL_SOURCE
        on ((DBT_INTERNAL_SOURCE.BOOKING_ID = DBT_INTERNAL_DEST.BOOKING_ID))

    
    when matched then update set
        "BOOKING_ID" = DBT_INTERNAL_SOURCE."BOOKING_ID","LISTING_ID" = DBT_INTERNAL_SOURCE."LISTING_ID","BOOKING_DATE" = DBT_INTERNAL_SOURCE."BOOKING_DATE","TOTAL_BOOKING_PRICE" = DBT_INTERNAL_SOURCE."TOTAL_BOOKING_PRICE","SERVICE_FEE" = DBT_INTERNAL_SOURCE."SERVICE_FEE","CLEANING_FEE" = DBT_INTERNAL_SOURCE."CLEANING_FEE","BOOKING_STATUS" = DBT_INTERNAL_SOURCE."BOOKING_STATUS","CREATED_AT" = DBT_INTERNAL_SOURCE."CREATED_AT"
    

    when not matched then insert
        ("BOOKING_ID", "LISTING_ID", "BOOKING_DATE", "TOTAL_BOOKING_PRICE", "SERVICE_FEE", "CLEANING_FEE", "BOOKING_STATUS", "CREATED_AT")
    values
        ("BOOKING_ID", "LISTING_ID", "BOOKING_DATE", "TOTAL_BOOKING_PRICE", "SERVICE_FEE", "CLEANING_FEE", "BOOKING_STATUS", "CREATED_AT")


/* {"app": "dbt", "dbt_version": "1.12.5", "profile_name": "aws_dbt_snowflake_project", "target_name": "dev", "node_id": "model.aws_dbt_snowflake_project.silver_bookings"} */;
[0m15:55:55.286214 [debug] [Thread-2 (]: SQL status: SUCCESS 5000 in 0.512 seconds
[0m15:55:55.287194 [debug] [Thread-2 (]: Using snowflake connection "model.aws_dbt_snowflake_project.silver_bookings"
[0m15:55:55.287887 [debug] [Thread-2 (]: On model.aws_dbt_snowflake_project.silver_bookings: COMMIT
/* {"app": "dbt", "dbt_version": "1.12.5", "profile_name": "aws_dbt_snowflake_project", "target_name": "dev", "node_id": "model.aws_dbt_snowflake_project.silver_bookings"} */
[0m15:55:55.638245 [debug] [Thread-2 (]: SQL status: SUCCESS 1 in 0.349 seconds
[0m15:55:55.649452 [debug] [Thread-2 (]: Applying DROP to: AIRBNB.silver.silver_bookings__dbt_tmp
[0m15:55:55.652909 [debug] [Thread-2 (]: Using snowflake connection "model.aws_dbt_snowflake_project.silver_bookings"
[0m15:55:55.654187 [debug] [Thread-2 (]: On model.aws_dbt_snowflake_project.silver_bookings: drop view if exists AIRBNB.silver.silver_bookings__dbt_tmp cascade
/* {"app": "dbt", "dbt_version": "1.12.5", "profile_name": "aws_dbt_snowflake_project", "target_name": "dev", "node_id": "model.aws_dbt_snowflake_project.silver_bookings"} */
[0m15:55:55.859694 [debug] [Thread-2 (]: SQL status: SUCCESS 1 in 0.204 seconds
[0m15:55:55.864692 [debug] [Thread-2 (]: Sending event: {'category': 'dbt', 'action': 'run_model', 'label': '311365e9-7614-42c4-9ed3-8f2494fe0fe0', 'context': [<snowplow_tracker.self_describing_json.SelfDescribingJson object at 0x000002C4EB774ED0>]}
[0m15:55:55.866088 [info ] [Thread-2 (]: 5 of 10 OK created sql incremental model silver.silver_bookings ................ [[32mSUCCESS 5000[0m in 2.15s]
[0m15:55:55.867919 [debug] [Thread-2 (]: Finished running node model.aws_dbt_snowflake_project.silver_bookings
[0m15:55:55.869020 [debug] [Thread-2 (]: Began running node model.aws_dbt_snowflake_project.silver_hosts
[0m15:55:55.870128 [info ] [Thread-2 (]: 6 of 10 START sql incremental model silver.silver_hosts ........................ [RUN]
[0m15:55:55.871336 [debug] [Thread-2 (]: Re-using an available connection from the pool (formerly model.aws_dbt_snowflake_project.silver_bookings, now model.aws_dbt_snowflake_project.silver_hosts)
[0m15:55:55.872070 [debug] [Thread-2 (]: Began compiling node model.aws_dbt_snowflake_project.silver_hosts
[0m15:55:55.875856 [debug] [Thread-2 (]: Writing injected SQL for node "model.aws_dbt_snowflake_project.silver_hosts"
[0m15:55:55.877627 [debug] [Thread-2 (]: Began executing node model.aws_dbt_snowflake_project.silver_hosts
[0m15:55:55.882849 [debug] [Thread-2 (]: Using snowflake connection "model.aws_dbt_snowflake_project.silver_hosts"
[0m15:55:55.883562 [debug] [Thread-2 (]: On model.aws_dbt_snowflake_project.silver_hosts: create or replace  temporary view AIRBNB.silver.silver_hosts__dbt_tmp
  
  
  
  
  as (
    

SELECT 
    HOST_ID,
    REPLACE(HOST_NAME, ' ', '_') AS HOST_NAME,
    HOST_SINCE AS HOST_SINCE,
    IS_SUPERHOST AS IS_SUPERHOST,
    RESPONSE_RATE AS RESPONSE_RATE,
    CASE 
    WHEN RESPONSE_RATE > 95 THEN 'VERY GOOD'
    WHEN RESPONSE_RATE > 80 THEN 'GOOD'
    WHEN RESPONSE_RATE > 60 THEN 'FAIR' 
    ELSE 'POOR'
    END AS RESPONSE_RATE_QUALITY,
    CREATED_AT AS CREATED_AT
FROM 
    AIRBNB.bronze.bronze_hosts
  )
/* {"app": "dbt", "dbt_version": "1.12.5", "profile_name": "aws_dbt_snowflake_project", "target_name": "dev", "node_id": "model.aws_dbt_snowflake_project.silver_hosts"} */;
[0m15:55:56.148645 [debug] [Thread-2 (]: SQL status: SUCCESS 1 in 0.264 seconds
[0m15:55:56.154803 [debug] [Thread-2 (]: Using snowflake connection "model.aws_dbt_snowflake_project.silver_hosts"
[0m15:55:56.155731 [debug] [Thread-2 (]: On model.aws_dbt_snowflake_project.silver_hosts: describe table AIRBNB.silver.silver_hosts__dbt_tmp
/* {"app": "dbt", "dbt_version": "1.12.5", "profile_name": "aws_dbt_snowflake_project", "target_name": "dev", "node_id": "model.aws_dbt_snowflake_project.silver_hosts"} */
[0m15:55:56.352582 [debug] [Thread-2 (]: SQL status: SUCCESS 7 in 0.196 seconds
[0m15:55:56.357371 [debug] [Thread-2 (]: Using snowflake connection "model.aws_dbt_snowflake_project.silver_hosts"
[0m15:55:56.358130 [debug] [Thread-2 (]: On model.aws_dbt_snowflake_project.silver_hosts: describe table AIRBNB.silver.silver_hosts
/* {"app": "dbt", "dbt_version": "1.12.5", "profile_name": "aws_dbt_snowflake_project", "target_name": "dev", "node_id": "model.aws_dbt_snowflake_project.silver_hosts"} */
[0m15:55:56.512958 [debug] [Thread-2 (]: SQL status: SUCCESS 7 in 0.154 seconds
[0m15:55:56.524252 [debug] [Thread-2 (]: Using snowflake connection "model.aws_dbt_snowflake_project.silver_hosts"
[0m15:55:56.525712 [debug] [Thread-2 (]: On model.aws_dbt_snowflake_project.silver_hosts: describe table "AIRBNB"."SILVER"."SILVER_HOSTS"
/* {"app": "dbt", "dbt_version": "1.12.5", "profile_name": "aws_dbt_snowflake_project", "target_name": "dev", "node_id": "model.aws_dbt_snowflake_project.silver_hosts"} */
[0m15:55:56.691343 [debug] [Thread-2 (]: SQL status: SUCCESS 7 in 0.164 seconds
[0m15:55:56.703273 [debug] [Thread-2 (]: Writing runtime sql for node "model.aws_dbt_snowflake_project.silver_hosts"
[0m15:55:56.707051 [debug] [Thread-2 (]: Using snowflake connection "model.aws_dbt_snowflake_project.silver_hosts"
[0m15:55:56.707896 [debug] [Thread-2 (]: On model.aws_dbt_snowflake_project.silver_hosts: -- back compat for old kwarg name
  
  begin
/* {"app": "dbt", "dbt_version": "1.12.5", "profile_name": "aws_dbt_snowflake_project", "target_name": "dev", "node_id": "model.aws_dbt_snowflake_project.silver_hosts"} */;
[0m15:55:56.881908 [debug] [Thread-2 (]: SQL status: SUCCESS 1 in 0.173 seconds
[0m15:55:56.885063 [debug] [Thread-2 (]: Using snowflake connection "model.aws_dbt_snowflake_project.silver_hosts"
[0m15:55:56.887437 [debug] [Thread-2 (]: On model.aws_dbt_snowflake_project.silver_hosts: merge into AIRBNB.silver.silver_hosts as DBT_INTERNAL_DEST
        using AIRBNB.silver.silver_hosts__dbt_tmp as DBT_INTERNAL_SOURCE
        on ((DBT_INTERNAL_SOURCE.HOST_ID = DBT_INTERNAL_DEST.HOST_ID))

    
    when matched then update set
        "HOST_ID" = DBT_INTERNAL_SOURCE."HOST_ID","HOST_NAME" = DBT_INTERNAL_SOURCE."HOST_NAME","HOST_SINCE" = DBT_INTERNAL_SOURCE."HOST_SINCE","IS_SUPERHOST" = DBT_INTERNAL_SOURCE."IS_SUPERHOST","RESPONSE_RATE" = DBT_INTERNAL_SOURCE."RESPONSE_RATE","RESPONSE_RATE_QUALITY" = DBT_INTERNAL_SOURCE."RESPONSE_RATE_QUALITY","CREATED_AT" = DBT_INTERNAL_SOURCE."CREATED_AT"
    

    when not matched then insert
        ("HOST_ID", "HOST_NAME", "HOST_SINCE", "IS_SUPERHOST", "RESPONSE_RATE", "RESPONSE_RATE_QUALITY", "CREATED_AT")
    values
        ("HOST_ID", "HOST_NAME", "HOST_SINCE", "IS_SUPERHOST", "RESPONSE_RATE", "RESPONSE_RATE_QUALITY", "CREATED_AT")


/* {"app": "dbt", "dbt_version": "1.12.5", "profile_name": "aws_dbt_snowflake_project", "target_name": "dev", "node_id": "model.aws_dbt_snowflake_project.silver_hosts"} */;
[0m15:55:57.385484 [debug] [Thread-2 (]: SQL status: SUCCESS 200 in 0.496 seconds
[0m15:55:57.387714 [debug] [Thread-2 (]: Using snowflake connection "model.aws_dbt_snowflake_project.silver_hosts"
[0m15:55:57.389531 [debug] [Thread-2 (]: On model.aws_dbt_snowflake_project.silver_hosts: COMMIT
/* {"app": "dbt", "dbt_version": "1.12.5", "profile_name": "aws_dbt_snowflake_project", "target_name": "dev", "node_id": "model.aws_dbt_snowflake_project.silver_hosts"} */
[0m15:55:57.691431 [debug] [Thread-2 (]: SQL status: SUCCESS 1 in 0.300 seconds
[0m15:55:57.698277 [debug] [Thread-2 (]: Applying DROP to: AIRBNB.silver.silver_hosts__dbt_tmp
[0m15:55:57.700787 [debug] [Thread-2 (]: Using snowflake connection "model.aws_dbt_snowflake_project.silver_hosts"
[0m15:55:57.702393 [debug] [Thread-2 (]: On model.aws_dbt_snowflake_project.silver_hosts: drop view if exists AIRBNB.silver.silver_hosts__dbt_tmp cascade
/* {"app": "dbt", "dbt_version": "1.12.5", "profile_name": "aws_dbt_snowflake_project", "target_name": "dev", "node_id": "model.aws_dbt_snowflake_project.silver_hosts"} */
[0m15:55:57.896511 [debug] [Thread-2 (]: SQL status: SUCCESS 1 in 0.193 seconds
[0m15:55:57.901742 [debug] [Thread-2 (]: Sending event: {'category': 'dbt', 'action': 'run_model', 'label': '311365e9-7614-42c4-9ed3-8f2494fe0fe0', 'context': [<snowplow_tracker.self_describing_json.SelfDescribingJson object at 0x000002C4EB48D710>]}
[0m15:55:57.902863 [info ] [Thread-2 (]: 6 of 10 OK created sql incremental model silver.silver_hosts ................... [[32mSUCCESS 200[0m in 2.03s]
[0m15:55:57.904601 [debug] [Thread-2 (]: Finished running node model.aws_dbt_snowflake_project.silver_hosts
[0m15:55:57.905432 [debug] [Thread-2 (]: Began running node model.aws_dbt_snowflake_project.silver_listings
[0m15:55:57.906342 [info ] [Thread-2 (]: 7 of 10 START sql incremental model silver.silver_listings ..................... [RUN]
[0m15:55:57.907407 [debug] [Thread-2 (]: Re-using an available connection from the pool (formerly model.aws_dbt_snowflake_project.silver_hosts, now model.aws_dbt_snowflake_project.silver_listings)
[0m15:55:57.908107 [debug] [Thread-2 (]: Began compiling node model.aws_dbt_snowflake_project.silver_listings
[0m15:55:57.915671 [debug] [Thread-2 (]: Writing injected SQL for node "model.aws_dbt_snowflake_project.silver_listings"
[0m15:55:57.918140 [debug] [Thread-2 (]: Began executing node model.aws_dbt_snowflake_project.silver_listings
[0m15:55:57.924094 [debug] [Thread-2 (]: Using snowflake connection "model.aws_dbt_snowflake_project.silver_listings"
[0m15:55:57.924701 [debug] [Thread-2 (]: On model.aws_dbt_snowflake_project.silver_listings: create or replace  temporary view AIRBNB.silver.silver_listings__dbt_tmp
  
  
  
  
  as (
    

SELECT 
    LISTING_ID,
    HOST_ID,
    PROPERTY_TYPE,
    ROOM_TYPE,
    CITY,
    COUNTRY,
    ACCOMMODATES,
    BEDROOMS,
    BATHROOMS,
    PRICE_PER_NIGHT,
    
    CASE 
        WHEN CAST(PRICE_PER_NIGHT AS INT) < 100 THEN 'low'
        WHEN CAST(PRICE_PER_NIGHT AS INT) < 200 THEN 'medium'
        ELSE 'high'
    END
 AS PRICE_PER_NIGHT_TAG,
    CREATED_AT
FROM 
    AIRBNB.bronze.bronze_listings
  )
/* {"app": "dbt", "dbt_version": "1.12.5", "profile_name": "aws_dbt_snowflake_project", "target_name": "dev", "node_id": "model.aws_dbt_snowflake_project.silver_listings"} */;
[0m15:55:58.202347 [debug] [Thread-2 (]: SQL status: SUCCESS 1 in 0.277 seconds
[0m15:55:58.205720 [debug] [Thread-2 (]: Using snowflake connection "model.aws_dbt_snowflake_project.silver_listings"
[0m15:55:58.206420 [debug] [Thread-2 (]: On model.aws_dbt_snowflake_project.silver_listings: describe table AIRBNB.silver.silver_listings__dbt_tmp
/* {"app": "dbt", "dbt_version": "1.12.5", "profile_name": "aws_dbt_snowflake_project", "target_name": "dev", "node_id": "model.aws_dbt_snowflake_project.silver_listings"} */
[0m15:55:58.410538 [debug] [Thread-2 (]: SQL status: SUCCESS 12 in 0.203 seconds
[0m15:55:58.422449 [debug] [Thread-2 (]: Using snowflake connection "model.aws_dbt_snowflake_project.silver_listings"
[0m15:55:58.423517 [debug] [Thread-2 (]: On model.aws_dbt_snowflake_project.silver_listings: describe table AIRBNB.silver.silver_listings
/* {"app": "dbt", "dbt_version": "1.12.5", "profile_name": "aws_dbt_snowflake_project", "target_name": "dev", "node_id": "model.aws_dbt_snowflake_project.silver_listings"} */
[0m15:55:58.613619 [debug] [Thread-2 (]: SQL status: SUCCESS 12 in 0.189 seconds
[0m15:55:58.621575 [debug] [Thread-2 (]: Using snowflake connection "model.aws_dbt_snowflake_project.silver_listings"
[0m15:55:58.622465 [debug] [Thread-2 (]: On model.aws_dbt_snowflake_project.silver_listings: describe table "AIRBNB"."SILVER"."SILVER_LISTINGS"
/* {"app": "dbt", "dbt_version": "1.12.5", "profile_name": "aws_dbt_snowflake_project", "target_name": "dev", "node_id": "model.aws_dbt_snowflake_project.silver_listings"} */
[0m15:55:58.764149 [debug] [Thread-2 (]: SQL status: SUCCESS 12 in 0.141 seconds
[0m15:55:58.772780 [debug] [Thread-2 (]: Writing runtime sql for node "model.aws_dbt_snowflake_project.silver_listings"
[0m15:55:58.776356 [debug] [Thread-2 (]: Using snowflake connection "model.aws_dbt_snowflake_project.silver_listings"
[0m15:55:58.777215 [debug] [Thread-2 (]: On model.aws_dbt_snowflake_project.silver_listings: -- back compat for old kwarg name
  
  begin
/* {"app": "dbt", "dbt_version": "1.12.5", "profile_name": "aws_dbt_snowflake_project", "target_name": "dev", "node_id": "model.aws_dbt_snowflake_project.silver_listings"} */;
[0m15:55:59.021266 [debug] [Thread-2 (]: SQL status: SUCCESS 1 in 0.243 seconds
[0m15:55:59.022111 [debug] [Thread-2 (]: Using snowflake connection "model.aws_dbt_snowflake_project.silver_listings"
[0m15:55:59.022901 [debug] [Thread-2 (]: On model.aws_dbt_snowflake_project.silver_listings: merge into AIRBNB.silver.silver_listings as DBT_INTERNAL_DEST
        using AIRBNB.silver.silver_listings__dbt_tmp as DBT_INTERNAL_SOURCE
        on ((DBT_INTERNAL_SOURCE.LISTING_ID = DBT_INTERNAL_DEST.LISTING_ID))

    
    when matched then update set
        "LISTING_ID" = DBT_INTERNAL_SOURCE."LISTING_ID","HOST_ID" = DBT_INTERNAL_SOURCE."HOST_ID","PROPERTY_TYPE" = DBT_INTERNAL_SOURCE."PROPERTY_TYPE","ROOM_TYPE" = DBT_INTERNAL_SOURCE."ROOM_TYPE","CITY" = DBT_INTERNAL_SOURCE."CITY","COUNTRY" = DBT_INTERNAL_SOURCE."COUNTRY","ACCOMMODATES" = DBT_INTERNAL_SOURCE."ACCOMMODATES","BEDROOMS" = DBT_INTERNAL_SOURCE."BEDROOMS","BATHROOMS" = DBT_INTERNAL_SOURCE."BATHROOMS","PRICE_PER_NIGHT" = DBT_INTERNAL_SOURCE."PRICE_PER_NIGHT","PRICE_PER_NIGHT_TAG" = DBT_INTERNAL_SOURCE."PRICE_PER_NIGHT_TAG","CREATED_AT" = DBT_INTERNAL_SOURCE."CREATED_AT"
    

    when not matched then insert
        ("LISTING_ID", "HOST_ID", "PROPERTY_TYPE", "ROOM_TYPE", "CITY", "COUNTRY", "ACCOMMODATES", "BEDROOMS", "BATHROOMS", "PRICE_PER_NIGHT", "PRICE_PER_NIGHT_TAG", "CREATED_AT")
    values
        ("LISTING_ID", "HOST_ID", "PROPERTY_TYPE", "ROOM_TYPE", "CITY", "COUNTRY", "ACCOMMODATES", "BEDROOMS", "BATHROOMS", "PRICE_PER_NIGHT", "PRICE_PER_NIGHT_TAG", "CREATED_AT")


/* {"app": "dbt", "dbt_version": "1.12.5", "profile_name": "aws_dbt_snowflake_project", "target_name": "dev", "node_id": "model.aws_dbt_snowflake_project.silver_listings"} */;
[0m15:55:59.639149 [debug] [Thread-2 (]: SQL status: SUCCESS 500 in 0.615 seconds
[0m15:55:59.641378 [debug] [Thread-2 (]: Using snowflake connection "model.aws_dbt_snowflake_project.silver_listings"
[0m15:55:59.643171 [debug] [Thread-2 (]: On model.aws_dbt_snowflake_project.silver_listings: COMMIT
/* {"app": "dbt", "dbt_version": "1.12.5", "profile_name": "aws_dbt_snowflake_project", "target_name": "dev", "node_id": "model.aws_dbt_snowflake_project.silver_listings"} */
[0m15:55:59.933426 [debug] [Thread-2 (]: SQL status: SUCCESS 1 in 0.288 seconds
[0m15:55:59.943319 [debug] [Thread-2 (]: Applying DROP to: AIRBNB.silver.silver_listings__dbt_tmp
[0m15:55:59.946207 [debug] [Thread-2 (]: Using snowflake connection "model.aws_dbt_snowflake_project.silver_listings"
[0m15:55:59.947564 [debug] [Thread-2 (]: On model.aws_dbt_snowflake_project.silver_listings: drop view if exists AIRBNB.silver.silver_listings__dbt_tmp cascade
/* {"app": "dbt", "dbt_version": "1.12.5", "profile_name": "aws_dbt_snowflake_project", "target_name": "dev", "node_id": "model.aws_dbt_snowflake_project.silver_listings"} */
[0m15:56:00.133479 [debug] [Thread-2 (]: SQL status: SUCCESS 1 in 0.185 seconds
[0m15:56:00.137184 [debug] [Thread-2 (]: Sending event: {'category': 'dbt', 'action': 'run_model', 'label': '311365e9-7614-42c4-9ed3-8f2494fe0fe0', 'context': [<snowplow_tracker.self_describing_json.SelfDescribingJson object at 0x000002C4EB735730>]}
[0m15:56:00.138116 [info ] [Thread-2 (]: 7 of 10 OK created sql incremental model silver.silver_listings ................ [[32mSUCCESS 500[0m in 2.23s]
[0m15:56:00.139244 [debug] [Thread-2 (]: Finished running node model.aws_dbt_snowflake_project.silver_listings
[0m15:56:00.139830 [debug] [Thread-2 (]: Began running node model.aws_dbt_snowflake_project.bookings
[0m15:56:00.140369 [debug] [Thread-2 (]: Re-using an available connection from the pool (formerly model.aws_dbt_snowflake_project.silver_listings, now model.aws_dbt_snowflake_project.bookings)
[0m15:56:00.140835 [debug] [Thread-2 (]: Began compiling node model.aws_dbt_snowflake_project.bookings
[0m15:56:00.143227 [debug] [Thread-2 (]: Writing injected SQL for node "model.aws_dbt_snowflake_project.bookings"
[0m15:56:00.145881 [debug] [Thread-2 (]: Finished running node model.aws_dbt_snowflake_project.bookings
[0m15:56:00.146811 [debug] [Thread-2 (]: Began running node model.aws_dbt_snowflake_project.hosts
[0m15:56:00.147928 [debug] [Thread-2 (]: Re-using an available connection from the pool (formerly model.aws_dbt_snowflake_project.bookings, now model.aws_dbt_snowflake_project.hosts)
[0m15:56:00.148702 [debug] [Thread-2 (]: Began compiling node model.aws_dbt_snowflake_project.hosts
[0m15:56:00.152180 [debug] [Thread-2 (]: Writing injected SQL for node "model.aws_dbt_snowflake_project.hosts"
[0m15:56:00.155574 [debug] [Thread-2 (]: Finished running node model.aws_dbt_snowflake_project.hosts
[0m15:56:00.156512 [debug] [Thread-2 (]: Began running node model.aws_dbt_snowflake_project.listings
[0m15:56:00.157245 [debug] [Thread-2 (]: Re-using an available connection from the pool (formerly model.aws_dbt_snowflake_project.hosts, now model.aws_dbt_snowflake_project.listings)
[0m15:56:00.157872 [debug] [Thread-2 (]: Began compiling node model.aws_dbt_snowflake_project.listings
[0m15:56:00.161066 [debug] [Thread-2 (]: Writing injected SQL for node "model.aws_dbt_snowflake_project.listings"
[0m15:56:00.164004 [debug] [Thread-2 (]: Finished running node model.aws_dbt_snowflake_project.listings
[0m15:56:00.165175 [debug] [Thread-2 (]: Began running node snapshot.aws_dbt_snowflake_project.dim_bookings
[0m15:56:00.166458 [info ] [Thread-2 (]: 8 of 10 START snapshot gold.dim_bookings ....................................... [RUN]
[0m15:56:00.167818 [debug] [Thread-2 (]: Re-using an available connection from the pool (formerly model.aws_dbt_snowflake_project.listings, now snapshot.aws_dbt_snowflake_project.dim_bookings)
[0m15:56:00.168387 [debug] [Thread-2 (]: Began compiling node snapshot.aws_dbt_snowflake_project.dim_bookings
[0m15:56:00.171545 [debug] [Thread-2 (]: Writing injected SQL for node "snapshot.aws_dbt_snowflake_project.dim_bookings"
[0m15:56:00.173888 [debug] [Thread-2 (]: Began executing node snapshot.aws_dbt_snowflake_project.dim_bookings
[0m15:56:00.223998 [debug] [Thread-2 (]: Using snowflake connection "snapshot.aws_dbt_snowflake_project.dim_bookings"
[0m15:56:00.224651 [debug] [Thread-2 (]: On snapshot.aws_dbt_snowflake_project.dim_bookings: describe table "AIRBNB"."GOLD"."DIM_BOOKINGS"
/* {"app": "dbt", "dbt_version": "1.12.5", "profile_name": "aws_dbt_snowflake_project", "target_name": "dev", "node_id": "snapshot.aws_dbt_snowflake_project.dim_bookings"} */
[0m15:56:00.371215 [debug] [Thread-2 (]: SQL status: SUCCESS 8 in 0.146 seconds
[0m15:56:00.431978 [debug] [Thread-2 (]: Using snowflake connection "snapshot.aws_dbt_snowflake_project.dim_bookings"
[0m15:56:00.432655 [debug] [Thread-2 (]: On snapshot.aws_dbt_snowflake_project.dim_bookings: create or replace temporary table "AIRBNB"."GOLD"."DIM_BOOKINGS__dbt_tmp"
as (
    
    
    with snapshot_query as (

        with __dbt__cte__bookings as (


WITH bookings AS 
(
    SELECT 
        BOOKING_ID,
        BOOKING_DATE,
        BOOKING_STATUS,
        CREATED_AT
    FROM 
        AIRBNB.gold.obt
)
SELECT * FROM bookings
) select * from __dbt__cte__bookings

    ),

    snapshotted_data as (

        select *, 
    
        BOOKING_ID as dbt_unique_key
    

        from "AIRBNB"."GOLD"."DIM_BOOKINGS"
        where
            
		
		

		
                ( (dbt_valid_to = to_date('9999-12-31')) or dbt_valid_to is null )
            

    ),

    insertions_source_data as (

        select *, 
    
        BOOKING_ID as dbt_unique_key
    
,
            CREATED_AT as dbt_updated_at,
            CREATED_AT as dbt_valid_from,
            
  
  coalesce(nullif(CREATED_AT, CREATED_AT), to_date('9999-12-31'))
  as dbt_valid_to
,
            md5(coalesce(cast(BOOKING_ID as varchar ), '')
         || '|' || coalesce(cast(CREATED_AT as varchar ), '')
        ) as dbt_scd_id

        from snapshot_query
    ),

    updates_source_data as (

        select *, 
    
        BOOKING_ID as dbt_unique_key
    
,
            CREATED_AT as dbt_updated_at,
            CREATED_AT as dbt_valid_from,
            CREATED_AT as dbt_valid_to

        from snapshot_query
    ),

    insertions as (

        select
            'insert' as dbt_change_type,
            source_data.*

        from insertions_source_data as source_data
        left outer join snapshotted_data
            on 
    
        snapshotted_data.dbt_unique_key = source_data.dbt_unique_key
    

            where 
    
        snapshotted_data.dbt_unique_key is null
    

            or (
    
        snapshotted_data.dbt_unique_key is not null
    
 and (
               (snapshotted_data.dbt_valid_from < source_data.CREATED_AT)
            )

        )

    ),

    updates as (

        select
            'update' as dbt_change_type,
            source_data.*,
            snapshotted_data.dbt_scd_id

        from updates_source_data as source_data
        join snapshotted_data
            on 
    
        snapshotted_data.dbt_unique_key = source_data.dbt_unique_key
    

        where (
            (snapshotted_data.dbt_valid_from < source_data.CREATED_AT)
        )
    )

    select * from insertions
    union all
    select * from updates

    )

/* {"app": "dbt", "dbt_version": "1.12.5", "profile_name": "aws_dbt_snowflake_project", "target_name": "dev", "node_id": "snapshot.aws_dbt_snowflake_project.dim_bookings"} */;
[0m15:56:00.983230 [debug] [Thread-2 (]: SQL status: SUCCESS 1 in 0.550 seconds
[0m15:56:00.986714 [debug] [Thread-2 (]: Using snowflake connection "snapshot.aws_dbt_snowflake_project.dim_bookings"
[0m15:56:00.987605 [debug] [Thread-2 (]: On snapshot.aws_dbt_snowflake_project.dim_bookings: describe table "AIRBNB"."GOLD"."DIM_BOOKINGS__dbt_tmp"
/* {"app": "dbt", "dbt_version": "1.12.5", "profile_name": "aws_dbt_snowflake_project", "target_name": "dev", "node_id": "snapshot.aws_dbt_snowflake_project.dim_bookings"} */
[0m15:56:01.185409 [debug] [Thread-2 (]: SQL status: SUCCESS 10 in 0.197 seconds
[0m15:56:01.188774 [debug] [Thread-2 (]: Using snowflake connection "snapshot.aws_dbt_snowflake_project.dim_bookings"
[0m15:56:01.189389 [debug] [Thread-2 (]: On snapshot.aws_dbt_snowflake_project.dim_bookings: describe table "AIRBNB"."GOLD"."DIM_BOOKINGS"
/* {"app": "dbt", "dbt_version": "1.12.5", "profile_name": "aws_dbt_snowflake_project", "target_name": "dev", "node_id": "snapshot.aws_dbt_snowflake_project.dim_bookings"} */
[0m15:56:01.376324 [debug] [Thread-2 (]: SQL status: SUCCESS 8 in 0.186 seconds
[0m15:56:01.386582 [debug] [Thread-2 (]: Using snowflake connection "snapshot.aws_dbt_snowflake_project.dim_bookings"
[0m15:56:01.387620 [debug] [Thread-2 (]: On snapshot.aws_dbt_snowflake_project.dim_bookings: describe table "AIRBNB"."GOLD"."DIM_BOOKINGS__dbt_tmp"
/* {"app": "dbt", "dbt_version": "1.12.5", "profile_name": "aws_dbt_snowflake_project", "target_name": "dev", "node_id": "snapshot.aws_dbt_snowflake_project.dim_bookings"} */
[0m15:56:01.575670 [debug] [Thread-2 (]: SQL status: SUCCESS 10 in 0.187 seconds
[0m15:56:01.580959 [debug] [Thread-2 (]: Using snowflake connection "snapshot.aws_dbt_snowflake_project.dim_bookings"
[0m15:56:01.581707 [debug] [Thread-2 (]: On snapshot.aws_dbt_snowflake_project.dim_bookings: describe table "AIRBNB"."GOLD"."DIM_BOOKINGS"
/* {"app": "dbt", "dbt_version": "1.12.5", "profile_name": "aws_dbt_snowflake_project", "target_name": "dev", "node_id": "snapshot.aws_dbt_snowflake_project.dim_bookings"} */
[0m15:56:01.738623 [debug] [Thread-2 (]: SQL status: SUCCESS 8 in 0.156 seconds
[0m15:56:01.759610 [debug] [Thread-2 (]: Using snowflake connection "snapshot.aws_dbt_snowflake_project.dim_bookings"
[0m15:56:01.760545 [debug] [Thread-2 (]: On snapshot.aws_dbt_snowflake_project.dim_bookings: describe table "AIRBNB"."GOLD"."DIM_BOOKINGS__dbt_tmp"
/* {"app": "dbt", "dbt_version": "1.12.5", "profile_name": "aws_dbt_snowflake_project", "target_name": "dev", "node_id": "snapshot.aws_dbt_snowflake_project.dim_bookings"} */
[0m15:56:01.991823 [debug] [Thread-2 (]: SQL status: SUCCESS 10 in 0.230 seconds
[0m15:56:02.035037 [debug] [Thread-2 (]: Using snowflake connection "snapshot.aws_dbt_snowflake_project.dim_bookings"
[0m15:56:02.035702 [debug] [Thread-2 (]: On snapshot.aws_dbt_snowflake_project.dim_bookings: select * from (
        
    
    with snapshot_query as (

        with __dbt__cte__bookings as (


WITH bookings AS 
(
    SELECT 
        BOOKING_ID,
        BOOKING_DATE,
        BOOKING_STATUS,
        CREATED_AT
    FROM 
        AIRBNB.gold.obt
)
SELECT * FROM bookings
) select * from __dbt__cte__bookings

    ),

    snapshotted_data as (

        select *, 
    
        BOOKING_ID as dbt_unique_key
    

        from "AIRBNB"."GOLD"."DIM_BOOKINGS"
        where
            
		
		

		
                ( (dbt_valid_to = to_date('9999-12-31')) or dbt_valid_to is null )
            

    ),

    insertions_source_data as (

        select *, 
    
        BOOKING_ID as dbt_unique_key
    
,
            CREATED_AT as dbt_updated_at,
            CREATED_AT as dbt_valid_from,
            
  
  coalesce(nullif(CREATED_AT, CREATED_AT), to_date('9999-12-31'))
  as dbt_valid_to
,
            md5(coalesce(cast(BOOKING_ID as varchar ), '')
         || '|' || coalesce(cast(CREATED_AT as varchar ), '')
        ) as dbt_scd_id

        from snapshot_query
    ),

    updates_source_data as (

        select *, 
    
        BOOKING_ID as dbt_unique_key
    
,
            CREATED_AT as dbt_updated_at,
            CREATED_AT as dbt_valid_from,
            CREATED_AT as dbt_valid_to

        from snapshot_query
    ),

    insertions as (

        select
            'insert' as dbt_change_type,
            source_data.*

        from insertions_source_data as source_data
        left outer join snapshotted_data
            on 
    
        snapshotted_data.dbt_unique_key = source_data.dbt_unique_key
    

            where 
    
        snapshotted_data.dbt_unique_key is null
    

            or (
    
        snapshotted_data.dbt_unique_key is not null
    
 and (
               (snapshotted_data.dbt_valid_from < source_data.CREATED_AT)
            )

        )

    ),

    updates as (

        select
            'update' as dbt_change_type,
            source_data.*,
            snapshotted_data.dbt_scd_id

        from updates_source_data as source_data
        join snapshotted_data
            on 
    
        snapshotted_data.dbt_unique_key = source_data.dbt_unique_key
    

        where (
            (snapshotted_data.dbt_valid_from < source_data.CREATED_AT)
        )
    )

    select * from insertions
    union all
    select * from updates

    ) as __dbt_sbq
    where false
    limit 0
/* {"app": "dbt", "dbt_version": "1.12.5", "profile_name": "aws_dbt_snowflake_project", "target_name": "dev", "node_id": "snapshot.aws_dbt_snowflake_project.dim_bookings"} */
/* {"app": "dbt", "dbt_version": "1.12.5", "profile_name": "aws_dbt_snowflake_project", "target_name": "dev", "node_id": "snapshot.aws_dbt_snowflake_project.dim_bookings"} */
[0m15:56:02.499907 [debug] [Thread-2 (]: SQL status: SUCCESS 0 in 0.463 seconds
[0m15:56:02.521314 [debug] [Thread-2 (]: Using snowflake connection "snapshot.aws_dbt_snowflake_project.dim_bookings"
[0m15:56:02.522396 [debug] [Thread-2 (]: On snapshot.aws_dbt_snowflake_project.dim_bookings: select * from (
        select to_timestamp_ntz(convert_timezone('UTC', current_timestamp())) as dbt_snapshot_time
    ) as __dbt_sbq
    where false
    limit 0
/* {"app": "dbt", "dbt_version": "1.12.5", "profile_name": "aws_dbt_snowflake_project", "target_name": "dev", "node_id": "snapshot.aws_dbt_snowflake_project.dim_bookings"} */
/* {"app": "dbt", "dbt_version": "1.12.5", "profile_name": "aws_dbt_snowflake_project", "target_name": "dev", "node_id": "snapshot.aws_dbt_snowflake_project.dim_bookings"} */
[0m15:56:02.704795 [debug] [Thread-2 (]: SQL status: SUCCESS 0 in 0.181 seconds
[0m15:56:02.707709 [debug] [Thread-2 (]: Writing runtime sql for node "snapshot.aws_dbt_snowflake_project.dim_bookings"
[0m15:56:02.716059 [debug] [Thread-2 (]: Using snowflake connection "snapshot.aws_dbt_snowflake_project.dim_bookings"
[0m15:56:02.717737 [debug] [Thread-2 (]: On snapshot.aws_dbt_snowflake_project.dim_bookings: BEGIN
/* {"app": "dbt", "dbt_version": "1.12.5", "profile_name": "aws_dbt_snowflake_project", "target_name": "dev", "node_id": "snapshot.aws_dbt_snowflake_project.dim_bookings"} */
[0m15:56:02.938562 [debug] [Thread-2 (]: SQL status: SUCCESS 1 in 0.220 seconds
[0m15:56:02.939339 [debug] [Thread-2 (]: Using snowflake connection "snapshot.aws_dbt_snowflake_project.dim_bookings"
[0m15:56:02.940001 [debug] [Thread-2 (]: On snapshot.aws_dbt_snowflake_project.dim_bookings: merge into "AIRBNB"."GOLD"."DIM_BOOKINGS" as DBT_INTERNAL_DEST
    using "AIRBNB"."GOLD"."DIM_BOOKINGS__dbt_tmp" as DBT_INTERNAL_SOURCE
    on DBT_INTERNAL_SOURCE.dbt_scd_id = DBT_INTERNAL_DEST.dbt_scd_id

    when matched
     
	
	
	and ((DBT_INTERNAL_DEST.dbt_valid_to = to_date('9999-12-31')) or DBT_INTERNAL_DEST.dbt_valid_to is null)

     
     and DBT_INTERNAL_SOURCE.dbt_change_type in ('update', 'delete')
        then update
        set dbt_valid_to = DBT_INTERNAL_SOURCE.dbt_valid_to

    when not matched
     and DBT_INTERNAL_SOURCE.dbt_change_type = 'insert'
        then insert ("BOOKING_ID", "BOOKING_DATE", "BOOKING_STATUS", "CREATED_AT", "DBT_UPDATED_AT", "DBT_VALID_FROM", "DBT_VALID_TO", "DBT_SCD_ID")
        values ("BOOKING_ID", "BOOKING_DATE", "BOOKING_STATUS", "CREATED_AT", "DBT_UPDATED_AT", "DBT_VALID_FROM", "DBT_VALID_TO", "DBT_SCD_ID")


/* {"app": "dbt", "dbt_version": "1.12.5", "profile_name": "aws_dbt_snowflake_project", "target_name": "dev", "node_id": "snapshot.aws_dbt_snowflake_project.dim_bookings"} */;
[0m15:56:03.264714 [debug] [Thread-2 (]: SQL status: SUCCESS 0 in 0.324 seconds
[0m15:56:03.265345 [debug] [Thread-2 (]: Using snowflake connection "snapshot.aws_dbt_snowflake_project.dim_bookings"
[0m15:56:03.265776 [debug] [Thread-2 (]: On snapshot.aws_dbt_snowflake_project.dim_bookings: COMMIT
/* {"app": "dbt", "dbt_version": "1.12.5", "profile_name": "aws_dbt_snowflake_project", "target_name": "dev", "node_id": "snapshot.aws_dbt_snowflake_project.dim_bookings"} */
[0m15:56:03.447197 [debug] [Thread-2 (]: SQL status: SUCCESS 1 in 0.181 seconds
[0m15:56:03.452254 [debug] [Thread-2 (]: Sending event: {'category': 'dbt', 'action': 'run_model', 'label': '311365e9-7614-42c4-9ed3-8f2494fe0fe0', 'context': [<snowplow_tracker.self_describing_json.SelfDescribingJson object at 0x000002C4EB7EDEB0>]}
[0m15:56:03.453278 [info ] [Thread-2 (]: 8 of 10 OK snapshotted gold.dim_bookings ....................................... [[32mSUCCESS 0[0m in 3.28s]
[0m15:56:03.454260 [debug] [Thread-2 (]: Finished running node snapshot.aws_dbt_snowflake_project.dim_bookings
[0m15:56:03.454866 [debug] [Thread-2 (]: Began running node snapshot.aws_dbt_snowflake_project.dim_hosts
[0m15:56:03.455668 [info ] [Thread-2 (]: 9 of 10 START snapshot gold.dim_hosts .......................................... [RUN]
[0m15:56:03.456510 [debug] [Thread-2 (]: Re-using an available connection from the pool (formerly snapshot.aws_dbt_snowflake_project.dim_bookings, now snapshot.aws_dbt_snowflake_project.dim_hosts)
[0m15:56:03.456971 [debug] [Thread-2 (]: Began compiling node snapshot.aws_dbt_snowflake_project.dim_hosts
[0m15:56:03.459625 [debug] [Thread-2 (]: Writing injected SQL for node "snapshot.aws_dbt_snowflake_project.dim_hosts"
[0m15:56:03.461244 [debug] [Thread-2 (]: Began executing node snapshot.aws_dbt_snowflake_project.dim_hosts
[0m15:56:03.465585 [debug] [Thread-2 (]: Using snowflake connection "snapshot.aws_dbt_snowflake_project.dim_hosts"
[0m15:56:03.466144 [debug] [Thread-2 (]: On snapshot.aws_dbt_snowflake_project.dim_hosts: describe table "AIRBNB"."GOLD"."DIM_HOSTS"
/* {"app": "dbt", "dbt_version": "1.12.5", "profile_name": "aws_dbt_snowflake_project", "target_name": "dev", "node_id": "snapshot.aws_dbt_snowflake_project.dim_hosts"} */
[0m15:56:03.665638 [debug] [Thread-2 (]: SQL status: SUCCESS 10 in 0.199 seconds
[0m15:56:03.676642 [debug] [Thread-2 (]: Using snowflake connection "snapshot.aws_dbt_snowflake_project.dim_hosts"
[0m15:56:03.677916 [debug] [Thread-2 (]: On snapshot.aws_dbt_snowflake_project.dim_hosts: create or replace temporary table "AIRBNB"."GOLD"."DIM_HOSTS__dbt_tmp"
as (
    
    
    with snapshot_query as (

        with __dbt__cte__hosts as (


WITH hosts AS 
(
    SELECT 
        HOST_ID,
        HOST_NAME,
        HOST_SINCE,
        IS_SUPERHOST,
        RESPONSE_RATE_QUALITY,
        HOST_CREATED_AT

    FROM 
        AIRBNB.gold.obt
)
SELECT * FROM hosts
) select * from __dbt__cte__hosts

    ),

    snapshotted_data as (

        select *, 
    
        HOST_ID as dbt_unique_key
    

        from "AIRBNB"."GOLD"."DIM_HOSTS"
        where
            
		
		

		
                ( (dbt_valid_to = to_date('9999-12-31')) or dbt_valid_to is null )
            

    ),

    insertions_source_data as (

        select *, 
    
        HOST_ID as dbt_unique_key
    
,
            HOST_CREATED_AT as dbt_updated_at,
            HOST_CREATED_AT as dbt_valid_from,
            
  
  coalesce(nullif(HOST_CREATED_AT, HOST_CREATED_AT), to_date('9999-12-31'))
  as dbt_valid_to
,
            md5(coalesce(cast(HOST_ID as varchar ), '')
         || '|' || coalesce(cast(HOST_CREATED_AT as varchar ), '')
        ) as dbt_scd_id

        from snapshot_query
    ),

    updates_source_data as (

        select *, 
    
        HOST_ID as dbt_unique_key
    
,
            HOST_CREATED_AT as dbt_updated_at,
            HOST_CREATED_AT as dbt_valid_from,
            HOST_CREATED_AT as dbt_valid_to

        from snapshot_query
    ),

    insertions as (

        select
            'insert' as dbt_change_type,
            source_data.*

        from insertions_source_data as source_data
        left outer join snapshotted_data
            on 
    
        snapshotted_data.dbt_unique_key = source_data.dbt_unique_key
    

            where 
    
        snapshotted_data.dbt_unique_key is null
    

            or (
    
        snapshotted_data.dbt_unique_key is not null
    
 and (
               (snapshotted_data.dbt_valid_from < source_data.HOST_CREATED_AT)
            )

        )

    ),

    updates as (

        select
            'update' as dbt_change_type,
            source_data.*,
            snapshotted_data.dbt_scd_id

        from updates_source_data as source_data
        join snapshotted_data
            on 
    
        snapshotted_data.dbt_unique_key = source_data.dbt_unique_key
    

        where (
            (snapshotted_data.dbt_valid_from < source_data.HOST_CREATED_AT)
        )
    )

    select * from insertions
    union all
    select * from updates

    )

/* {"app": "dbt", "dbt_version": "1.12.5", "profile_name": "aws_dbt_snowflake_project", "target_name": "dev", "node_id": "snapshot.aws_dbt_snowflake_project.dim_hosts"} */;
[0m15:56:04.573703 [debug] [Thread-2 (]: SQL status: SUCCESS 1 in 0.894 seconds
[0m15:56:04.580937 [debug] [Thread-2 (]: Using snowflake connection "snapshot.aws_dbt_snowflake_project.dim_hosts"
[0m15:56:04.582671 [debug] [Thread-2 (]: On snapshot.aws_dbt_snowflake_project.dim_hosts: describe table "AIRBNB"."GOLD"."DIM_HOSTS__dbt_tmp"
/* {"app": "dbt", "dbt_version": "1.12.5", "profile_name": "aws_dbt_snowflake_project", "target_name": "dev", "node_id": "snapshot.aws_dbt_snowflake_project.dim_hosts"} */
[0m15:56:04.845034 [debug] [Thread-2 (]: SQL status: SUCCESS 12 in 0.261 seconds
[0m15:56:04.857223 [debug] [Thread-2 (]: Using snowflake connection "snapshot.aws_dbt_snowflake_project.dim_hosts"
[0m15:56:04.858500 [debug] [Thread-2 (]: On snapshot.aws_dbt_snowflake_project.dim_hosts: describe table "AIRBNB"."GOLD"."DIM_HOSTS"
/* {"app": "dbt", "dbt_version": "1.12.5", "profile_name": "aws_dbt_snowflake_project", "target_name": "dev", "node_id": "snapshot.aws_dbt_snowflake_project.dim_hosts"} */
[0m15:56:05.060238 [debug] [Thread-2 (]: SQL status: SUCCESS 10 in 0.200 seconds
[0m15:56:05.072871 [debug] [Thread-2 (]: Using snowflake connection "snapshot.aws_dbt_snowflake_project.dim_hosts"
[0m15:56:05.074298 [debug] [Thread-2 (]: On snapshot.aws_dbt_snowflake_project.dim_hosts: describe table "AIRBNB"."GOLD"."DIM_HOSTS__dbt_tmp"
/* {"app": "dbt", "dbt_version": "1.12.5", "profile_name": "aws_dbt_snowflake_project", "target_name": "dev", "node_id": "snapshot.aws_dbt_snowflake_project.dim_hosts"} */
[0m15:56:05.265746 [debug] [Thread-2 (]: SQL status: SUCCESS 12 in 0.190 seconds
[0m15:56:05.279542 [debug] [Thread-2 (]: Using snowflake connection "snapshot.aws_dbt_snowflake_project.dim_hosts"
[0m15:56:05.280626 [debug] [Thread-2 (]: On snapshot.aws_dbt_snowflake_project.dim_hosts: describe table "AIRBNB"."GOLD"."DIM_HOSTS"
/* {"app": "dbt", "dbt_version": "1.12.5", "profile_name": "aws_dbt_snowflake_project", "target_name": "dev", "node_id": "snapshot.aws_dbt_snowflake_project.dim_hosts"} */
[0m15:56:05.469146 [debug] [Thread-2 (]: SQL status: SUCCESS 10 in 0.187 seconds
[0m15:56:05.638579 [debug] [Thread-2 (]: Using snowflake connection "snapshot.aws_dbt_snowflake_project.dim_hosts"
[0m15:56:05.640352 [debug] [Thread-2 (]: On snapshot.aws_dbt_snowflake_project.dim_hosts: describe table "AIRBNB"."GOLD"."DIM_HOSTS__dbt_tmp"
/* {"app": "dbt", "dbt_version": "1.12.5", "profile_name": "aws_dbt_snowflake_project", "target_name": "dev", "node_id": "snapshot.aws_dbt_snowflake_project.dim_hosts"} */
[0m15:56:05.819227 [debug] [Thread-2 (]: SQL status: SUCCESS 12 in 0.177 seconds
[0m15:56:05.837549 [debug] [Thread-2 (]: Using snowflake connection "snapshot.aws_dbt_snowflake_project.dim_hosts"
[0m15:56:05.838868 [debug] [Thread-2 (]: On snapshot.aws_dbt_snowflake_project.dim_hosts: select * from (
        
    
    with snapshot_query as (

        with __dbt__cte__hosts as (


WITH hosts AS 
(
    SELECT 
        HOST_ID,
        HOST_NAME,
        HOST_SINCE,
        IS_SUPERHOST,
        RESPONSE_RATE_QUALITY,
        HOST_CREATED_AT

    FROM 
        AIRBNB.gold.obt
)
SELECT * FROM hosts
) select * from __dbt__cte__hosts

    ),

    snapshotted_data as (

        select *, 
    
        HOST_ID as dbt_unique_key
    

        from "AIRBNB"."GOLD"."DIM_HOSTS"
        where
            
		
		

		
                ( (dbt_valid_to = to_date('9999-12-31')) or dbt_valid_to is null )
            

    ),

    insertions_source_data as (

        select *, 
    
        HOST_ID as dbt_unique_key
    
,
            HOST_CREATED_AT as dbt_updated_at,
            HOST_CREATED_AT as dbt_valid_from,
            
  
  coalesce(nullif(HOST_CREATED_AT, HOST_CREATED_AT), to_date('9999-12-31'))
  as dbt_valid_to
,
            md5(coalesce(cast(HOST_ID as varchar ), '')
         || '|' || coalesce(cast(HOST_CREATED_AT as varchar ), '')
        ) as dbt_scd_id

        from snapshot_query
    ),

    updates_source_data as (

        select *, 
    
        HOST_ID as dbt_unique_key
    
,
            HOST_CREATED_AT as dbt_updated_at,
            HOST_CREATED_AT as dbt_valid_from,
            HOST_CREATED_AT as dbt_valid_to

        from snapshot_query
    ),

    insertions as (

        select
            'insert' as dbt_change_type,
            source_data.*

        from insertions_source_data as source_data
        left outer join snapshotted_data
            on 
    
        snapshotted_data.dbt_unique_key = source_data.dbt_unique_key
    

            where 
    
        snapshotted_data.dbt_unique_key is null
    

            or (
    
        snapshotted_data.dbt_unique_key is not null
    
 and (
               (snapshotted_data.dbt_valid_from < source_data.HOST_CREATED_AT)
            )

        )

    ),

    updates as (

        select
            'update' as dbt_change_type,
            source_data.*,
            snapshotted_data.dbt_scd_id

        from updates_source_data as source_data
        join snapshotted_data
            on 
    
        snapshotted_data.dbt_unique_key = source_data.dbt_unique_key
    

        where (
            (snapshotted_data.dbt_valid_from < source_data.HOST_CREATED_AT)
        )
    )

    select * from insertions
    union all
    select * from updates

    ) as __dbt_sbq
    where false
    limit 0
/* {"app": "dbt", "dbt_version": "1.12.5", "profile_name": "aws_dbt_snowflake_project", "target_name": "dev", "node_id": "snapshot.aws_dbt_snowflake_project.dim_hosts"} */
/* {"app": "dbt", "dbt_version": "1.12.5", "profile_name": "aws_dbt_snowflake_project", "target_name": "dev", "node_id": "snapshot.aws_dbt_snowflake_project.dim_hosts"} */
[0m15:56:06.186678 [debug] [Thread-2 (]: SQL status: SUCCESS 0 in 0.346 seconds
[0m15:56:06.192034 [debug] [Thread-2 (]: Using snowflake connection "snapshot.aws_dbt_snowflake_project.dim_hosts"
[0m15:56:06.194013 [debug] [Thread-2 (]: On snapshot.aws_dbt_snowflake_project.dim_hosts: select * from (
        select to_timestamp_ntz(convert_timezone('UTC', current_timestamp())) as dbt_snapshot_time
    ) as __dbt_sbq
    where false
    limit 0
/* {"app": "dbt", "dbt_version": "1.12.5", "profile_name": "aws_dbt_snowflake_project", "target_name": "dev", "node_id": "snapshot.aws_dbt_snowflake_project.dim_hosts"} */
/* {"app": "dbt", "dbt_version": "1.12.5", "profile_name": "aws_dbt_snowflake_project", "target_name": "dev", "node_id": "snapshot.aws_dbt_snowflake_project.dim_hosts"} */
[0m15:56:06.378454 [debug] [Thread-2 (]: SQL status: SUCCESS 0 in 0.183 seconds
[0m15:56:06.380218 [debug] [Thread-2 (]: Writing runtime sql for node "snapshot.aws_dbt_snowflake_project.dim_hosts"
[0m15:56:06.385157 [debug] [Thread-2 (]: Using snowflake connection "snapshot.aws_dbt_snowflake_project.dim_hosts"
[0m15:56:06.386493 [debug] [Thread-2 (]: On snapshot.aws_dbt_snowflake_project.dim_hosts: BEGIN
/* {"app": "dbt", "dbt_version": "1.12.5", "profile_name": "aws_dbt_snowflake_project", "target_name": "dev", "node_id": "snapshot.aws_dbt_snowflake_project.dim_hosts"} */
[0m15:56:06.593646 [debug] [Thread-2 (]: SQL status: SUCCESS 1 in 0.206 seconds
[0m15:56:06.594942 [debug] [Thread-2 (]: Using snowflake connection "snapshot.aws_dbt_snowflake_project.dim_hosts"
[0m15:56:06.596136 [debug] [Thread-2 (]: On snapshot.aws_dbt_snowflake_project.dim_hosts: merge into "AIRBNB"."GOLD"."DIM_HOSTS" as DBT_INTERNAL_DEST
    using "AIRBNB"."GOLD"."DIM_HOSTS__dbt_tmp" as DBT_INTERNAL_SOURCE
    on DBT_INTERNAL_SOURCE.dbt_scd_id = DBT_INTERNAL_DEST.dbt_scd_id

    when matched
     
	
	
	and ((DBT_INTERNAL_DEST.dbt_valid_to = to_date('9999-12-31')) or DBT_INTERNAL_DEST.dbt_valid_to is null)

     
     and DBT_INTERNAL_SOURCE.dbt_change_type in ('update', 'delete')
        then update
        set dbt_valid_to = DBT_INTERNAL_SOURCE.dbt_valid_to

    when not matched
     and DBT_INTERNAL_SOURCE.dbt_change_type = 'insert'
        then insert ("HOST_ID", "HOST_NAME", "HOST_SINCE", "IS_SUPERHOST", "RESPONSE_RATE_QUALITY", "HOST_CREATED_AT", "DBT_UPDATED_AT", "DBT_VALID_FROM", "DBT_VALID_TO", "DBT_SCD_ID")
        values ("HOST_ID", "HOST_NAME", "HOST_SINCE", "IS_SUPERHOST", "RESPONSE_RATE_QUALITY", "HOST_CREATED_AT", "DBT_UPDATED_AT", "DBT_VALID_FROM", "DBT_VALID_TO", "DBT_SCD_ID")


/* {"app": "dbt", "dbt_version": "1.12.5", "profile_name": "aws_dbt_snowflake_project", "target_name": "dev", "node_id": "snapshot.aws_dbt_snowflake_project.dim_hosts"} */;
[0m15:56:07.004565 [debug] [Thread-2 (]: SQL status: SUCCESS 0 in 0.407 seconds
[0m15:56:07.005591 [debug] [Thread-2 (]: Using snowflake connection "snapshot.aws_dbt_snowflake_project.dim_hosts"
[0m15:56:07.006336 [debug] [Thread-2 (]: On snapshot.aws_dbt_snowflake_project.dim_hosts: COMMIT
/* {"app": "dbt", "dbt_version": "1.12.5", "profile_name": "aws_dbt_snowflake_project", "target_name": "dev", "node_id": "snapshot.aws_dbt_snowflake_project.dim_hosts"} */
[0m15:56:07.209852 [debug] [Thread-2 (]: SQL status: SUCCESS 1 in 0.202 seconds
[0m15:56:07.219596 [debug] [Thread-2 (]: Sending event: {'category': 'dbt', 'action': 'run_model', 'label': '311365e9-7614-42c4-9ed3-8f2494fe0fe0', 'context': [<snowplow_tracker.self_describing_json.SelfDescribingJson object at 0x000002C4EB735FD0>]}
[0m15:56:07.222187 [info ] [Thread-2 (]: 9 of 10 OK snapshotted gold.dim_hosts .......................................... [[32mSUCCESS 0[0m in 3.76s]
[0m15:56:07.224500 [debug] [Thread-2 (]: Finished running node snapshot.aws_dbt_snowflake_project.dim_hosts
[0m15:56:07.225868 [debug] [Thread-2 (]: Began running node snapshot.aws_dbt_snowflake_project.dim_listings
[0m15:56:07.227009 [info ] [Thread-2 (]: 10 of 10 START snapshot gold.dim_listings ...................................... [RUN]
[0m15:56:07.228403 [debug] [Thread-2 (]: Re-using an available connection from the pool (formerly snapshot.aws_dbt_snowflake_project.dim_hosts, now snapshot.aws_dbt_snowflake_project.dim_listings)
[0m15:56:07.229330 [debug] [Thread-2 (]: Began compiling node snapshot.aws_dbt_snowflake_project.dim_listings
[0m15:56:07.233208 [debug] [Thread-2 (]: Writing injected SQL for node "snapshot.aws_dbt_snowflake_project.dim_listings"
[0m15:56:07.236086 [debug] [Thread-2 (]: Began executing node snapshot.aws_dbt_snowflake_project.dim_listings
[0m15:56:07.249574 [debug] [Thread-2 (]: Using snowflake connection "snapshot.aws_dbt_snowflake_project.dim_listings"
[0m15:56:07.250325 [debug] [Thread-2 (]: On snapshot.aws_dbt_snowflake_project.dim_listings: select * from (
        
    

    select *,
        md5(coalesce(cast(LISTING_ID as varchar ), '')
         || '|' || coalesce(cast(LISTING_CREATED_AT as varchar ), '')
        ) as dbt_scd_id,
        LISTING_CREATED_AT as dbt_updated_at,
        LISTING_CREATED_AT as dbt_valid_from,
        
  
  coalesce(nullif(LISTING_CREATED_AT, LISTING_CREATED_AT), to_date('9999-12-31'))
  as dbt_valid_to
from (
        with __dbt__cte__listings as (


WITH listings AS 
(
    SELECT 
        LISTING_ID,
        PROPERTY_TYPE,
        CITY,
        COUNTRY,
        PRICE_PER_NIGHT_TAG,
        LISTING_CREATED_AT
        
    FROM 
        AIRBNB.gold.obt
)
SELECT * FROM listings
) select * from __dbt__cte__listings
    ) sbq



    ) as __dbt_sbq
    where false
    limit 0
/* {"app": "dbt", "dbt_version": "1.12.5", "profile_name": "aws_dbt_snowflake_project", "target_name": "dev", "node_id": "snapshot.aws_dbt_snowflake_project.dim_listings"} */
/* {"app": "dbt", "dbt_version": "1.12.5", "profile_name": "aws_dbt_snowflake_project", "target_name": "dev", "node_id": "snapshot.aws_dbt_snowflake_project.dim_listings"} */
[0m15:56:07.430437 [debug] [Thread-2 (]: SQL status: SUCCESS 0 in 0.179 seconds
[0m15:56:07.432335 [debug] [Thread-2 (]: Using snowflake connection "snapshot.aws_dbt_snowflake_project.dim_listings"
[0m15:56:07.432966 [debug] [Thread-2 (]: On snapshot.aws_dbt_snowflake_project.dim_listings: select * from (
        select to_timestamp_ntz(convert_timezone('UTC', current_timestamp())) as dbt_snapshot_time
    ) as __dbt_sbq
    where false
    limit 0
/* {"app": "dbt", "dbt_version": "1.12.5", "profile_name": "aws_dbt_snowflake_project", "target_name": "dev", "node_id": "snapshot.aws_dbt_snowflake_project.dim_listings"} */
/* {"app": "dbt", "dbt_version": "1.12.5", "profile_name": "aws_dbt_snowflake_project", "target_name": "dev", "node_id": "snapshot.aws_dbt_snowflake_project.dim_listings"} */
[0m15:56:07.619999 [debug] [Thread-2 (]: SQL status: SUCCESS 0 in 0.186 seconds
[0m15:56:07.622901 [debug] [Thread-2 (]: Writing runtime sql for node "snapshot.aws_dbt_snowflake_project.dim_listings"
[0m15:56:07.634113 [debug] [Thread-2 (]: Using snowflake connection "snapshot.aws_dbt_snowflake_project.dim_listings"
[0m15:56:07.636547 [debug] [Thread-2 (]: On snapshot.aws_dbt_snowflake_project.dim_listings: create or replace transient table AIRBNB.gold.dim_listings
    
    
    
    
    

    as (
    

    select *,
        md5(coalesce(cast(LISTING_ID as varchar ), '')
         || '|' || coalesce(cast(LISTING_CREATED_AT as varchar ), '')
        ) as dbt_scd_id,
        LISTING_CREATED_AT as dbt_updated_at,
        LISTING_CREATED_AT as dbt_valid_from,
        
  
  coalesce(nullif(LISTING_CREATED_AT, LISTING_CREATED_AT), to_date('9999-12-31'))
  as dbt_valid_to
from (
        with __dbt__cte__listings as (


WITH listings AS 
(
    SELECT 
        LISTING_ID,
        PROPERTY_TYPE,
        CITY,
        COUNTRY,
        PRICE_PER_NIGHT_TAG,
        LISTING_CREATED_AT
        
    FROM 
        AIRBNB.gold.obt
)
SELECT * FROM listings
) select * from __dbt__cte__listings
    ) sbq



    )

/* {"app": "dbt", "dbt_version": "1.12.5", "profile_name": "aws_dbt_snowflake_project", "target_name": "dev", "node_id": "snapshot.aws_dbt_snowflake_project.dim_listings"} */;
[0m15:56:08.287194 [debug] [Thread-2 (]: SQL status: SUCCESS 5000 in 0.649 seconds
[0m15:56:08.296839 [debug] [Thread-2 (]: Sending event: {'category': 'dbt', 'action': 'run_model', 'label': '311365e9-7614-42c4-9ed3-8f2494fe0fe0', 'context': [<snowplow_tracker.self_describing_json.SelfDescribingJson object at 0x000002C4EB787770>]}
[0m15:56:08.298143 [info ] [Thread-2 (]: 10 of 10 OK snapshotted gold.dim_listings ...................................... [[32mSUCCESS 5000[0m in 1.07s]
[0m15:56:08.299244 [debug] [Thread-2 (]: Finished running node snapshot.aws_dbt_snowflake_project.dim_listings
[0m15:56:08.300968 [debug] [MainThread]: Connection 'master' was properly closed.
[0m15:56:08.301454 [debug] [MainThread]: Connection 'list_AIRBNB' was left open.
[0m15:56:08.301912 [debug] [MainThread]: On list_AIRBNB: Close
[0m15:56:08.638145 [debug] [MainThread]: Connection 'list_AIRBNB_gold' was left open.
[0m15:56:08.639942 [debug] [MainThread]: On list_AIRBNB_gold: Close
[0m15:56:08.948978 [debug] [MainThread]: Connection 'snapshot.aws_dbt_snowflake_project.dim_listings' was left open.
[0m15:56:08.949864 [debug] [MainThread]: On snapshot.aws_dbt_snowflake_project.dim_listings: Close
[0m15:56:09.246581 [info ] [MainThread]: 
[0m15:56:09.247553 [info ] [MainThread]: Finished running 6 incremental models, 3 snapshots, 1 table model in 0 hours 0 minutes and 26.59 seconds (26.59s).
[0m15:56:09.251087 [debug] [MainThread]: Command end result
[0m15:56:09.312585 [debug] [MainThread]: Wrote artifact WritableManifest to C:\Users\samee\OneDrive\Desktop\aws_dbt_snowflake\aws_dbt_snowflake_project\target\manifest.json
[0m15:56:09.320723 [debug] [MainThread]: Wrote artifact SemanticManifest to C:\Users\samee\OneDrive\Desktop\aws_dbt_snowflake\aws_dbt_snowflake_project\target\semantic_manifest.json
[0m15:56:09.328375 [debug] [MainThread]: Wrote artifact OsiDocument to C:\Users\samee\OneDrive\Desktop\aws_dbt_snowflake\aws_dbt_snowflake_project\target\osi_document.json
[0m15:56:09.344477 [debug] [MainThread]: Wrote artifact RunExecutionResult to C:\Users\samee\OneDrive\Desktop\aws_dbt_snowflake\aws_dbt_snowflake_project\target\run_results.json
[0m15:56:09.345209 [info ] [MainThread]: 
[0m15:56:09.346035 [info ] [MainThread]: [32mCompleted successfully[0m
[0m15:56:09.346743 [info ] [MainThread]: 
[0m15:56:09.347308 [info ] [MainThread]: Done. PASS=10 WARN=0 ERROR=0 SKIP=0 NO-OP=0 REUSED=0 TOTAL=10
[0m15:56:09.348943 [debug] [MainThread]: Command `dbt build` succeeded at 15:56:09.348766 after 29.67 seconds
[0m15:56:09.349468 [debug] [MainThread]: Sending event: {'category': 'dbt', 'action': 'invocation', 'label': 'end', 'context': [<snowplow_tracker.self_describing_json.SelfDescribingJson object at 0x000002C4E56951F0>, <snowplow_tracker.self_describing_json.SelfDescribingJson object at 0x000002C4EB42AC30>, <snowplow_tracker.self_describing_json.SelfDescribingJson object at 0x000002C4EB7877D0>]}
[0m15:56:09.349919 [debug] [MainThread]: Flushing usage events
[0m15:56:11.109709 [debug] [MainThread]: An error was encountered while trying to flush usage events
[0m16:12:13.950711 [debug] [MainThread]: Sending event: {'category': 'dbt', 'action': 'invocation', 'label': 'start', 'context': [<snowplow_tracker.self_describing_json.SelfDescribingJson object at 0x0000019C2476E900>, <snowplow_tracker.self_describing_json.SelfDescribingJson object at 0x0000019C26DBFED0>, <snowplow_tracker.self_describing_json.SelfDescribingJson object at 0x0000019C26DBFB10>]}


============================== 16:12:13.957930 | aa8f3035-26ff-48a8-9c5f-2faf186efa2f ==============================
[0m16:12:13.957930 [info ] [MainThread]: Running with dbt=1.12.5
[0m16:12:13.959052 [debug] [MainThread]: running dbt with arguments {'version_check': 'True', 'no_print': 'None', 'maximum_seed_size_mib': '1', 'target_path': 'None', 'warn_error_options': 'WarnErrorOptionsV2(error=[], warn=[], silence=[])', 'static_parser': 'True', 'printer_width': '80', 'write_json': 'True', 'introspect': 'True', 'log_cache_events': 'False', 'empty': 'False', 'cache_selected_only': 'False', 'fail_fast': 'False', 'debug': 'False', 'log_format': 'default', 'partial_parse': 'True', 'send_anonymous_usage_stats': 'True', 'quiet': 'False', 'warn_error': 'None', 'profiles_dir': 'C:\\Users\\samee\\OneDrive\\Desktop\\aws_dbt_snowflake\\aws_dbt_snowflake_project', 'indirect_selection': 'eager', 'hints_enabled': 'True', 'invocation_command': 'dbt run --select gold', 'use_experimental_parser': 'False', 'use_colors': 'True', 'log_path': 'C:\\Users\\samee\\OneDrive\\Desktop\\aws_dbt_snowflake\\aws_dbt_snowflake_project\\logs'}
[0m16:12:14.918206 [debug] [MainThread]: Snowflake adapter: Setting snowflake.connector to ERROR (file logging only)
[0m16:12:14.919488 [debug] [MainThread]: Snowflake adapter: Setting botocore to ERROR (file logging only)
[0m16:12:14.920939 [debug] [MainThread]: Snowflake adapter: Setting boto3 to ERROR (file logging only)
[0m16:12:15.464164 [debug] [MainThread]: Sending event: {'category': 'dbt', 'action': 'project_id', 'label': 'aa8f3035-26ff-48a8-9c5f-2faf186efa2f', 'context': [<snowplow_tracker.self_describing_json.SelfDescribingJson object at 0x0000019C24C8EFD0>]}
[0m16:12:15.559488 [debug] [MainThread]: Sending event: {'category': 'dbt', 'action': 'adapter_info', 'label': 'aa8f3035-26ff-48a8-9c5f-2faf186efa2f', 'context': [<snowplow_tracker.self_describing_json.SelfDescribingJson object at 0x0000019C252D8380>]}
[0m16:12:15.564049 [info ] [MainThread]: Registered adapter: snowflake=1.12.1
[0m16:12:16.035441 [debug] [MainThread]: checksum: 0ee1a1dce6b94271f7f4877021b9467e87e858ea987b298e8ea9f7304295ef8e, vars: {}, profile: aws_dbt_snowflake_project, target: dev, version: 1.12.5
[0m16:12:16.327756 [debug] [MainThread]: Partial parsing enabled: 0 files deleted, 0 files added, 0 files changed.
[0m16:12:16.328244 [debug] [MainThread]: Nothing changed, skipping partial parsing.
[0m16:12:16.328571 [debug] [MainThread]: Partial parsing enabled, no changes found, skipping parsing
[0m16:12:16.343422 [debug] [MainThread]: Sending event: {'category': 'dbt', 'action': 'load_project', 'label': 'aa8f3035-26ff-48a8-9c5f-2faf186efa2f', 'context': [<snowplow_tracker.self_describing_json.SelfDescribingJson object at 0x0000019C28D60F50>]}
[0m16:12:16.645535 [debug] [MainThread]: Wrote artifact WritableManifest to C:\Users\samee\OneDrive\Desktop\aws_dbt_snowflake\aws_dbt_snowflake_project\target\manifest.json
[0m16:12:16.652057 [debug] [MainThread]: Wrote artifact SemanticManifest to C:\Users\samee\OneDrive\Desktop\aws_dbt_snowflake\aws_dbt_snowflake_project\target\semantic_manifest.json
[0m16:12:16.758884 [debug] [MainThread]: Wrote artifact OsiDocument to C:\Users\samee\OneDrive\Desktop\aws_dbt_snowflake\aws_dbt_snowflake_project\target\osi_document.json
[0m16:12:16.785659 [debug] [MainThread]: Sending event: {'category': 'dbt', 'action': 'resource_counts', 'label': 'aa8f3035-26ff-48a8-9c5f-2faf186efa2f', 'context': [<snowplow_tracker.self_describing_json.SelfDescribingJson object at 0x0000019C29E526C0>]}
[0m16:12:16.786909 [info ] [MainThread]: Found 11 models, 2 analyses, 3 snapshots, 3 sources, 566 macros
[0m16:12:16.788985 [debug] [MainThread]: Sending event: {'category': 'dbt', 'action': 'runnable_timing', 'label': 'aa8f3035-26ff-48a8-9c5f-2faf186efa2f', 'context': [<snowplow_tracker.self_describing_json.SelfDescribingJson object at 0x0000019C29E73690>]}
[0m16:12:16.792511 [info ] [MainThread]: 
[0m16:12:16.793226 [info ] [MainThread]: Concurrency: 1 threads (target='dev')
[0m16:12:16.793975 [info ] [MainThread]: 
[0m16:12:16.794863 [debug] [MainThread]: Acquiring new snowflake connection 'master'
[0m16:12:16.800660 [debug] [ThreadPool]: Acquiring new snowflake connection 'list_AIRBNB'
[0m16:12:16.833352 [debug] [ThreadPool]: Using snowflake connection "list_AIRBNB"
[0m16:12:16.833954 [debug] [ThreadPool]: On list_AIRBNB: show terse schemas in database AIRBNB
    limit 10000
/* {"app": "dbt", "dbt_version": "1.12.5", "profile_name": "aws_dbt_snowflake_project", "target_name": "dev", "connection_name": "list_AIRBNB"} */
[0m16:12:16.834376 [debug] [ThreadPool]: Opening a new connection, currently in state init
[0m16:12:20.474544 [debug] [ThreadPool]: SQL status: SUCCESS 8 in 3.639 seconds
[0m16:12:20.488417 [debug] [ThreadPool]: Acquiring new snowflake connection 'list_AIRBNB_bronze'
[0m16:12:20.520756 [debug] [ThreadPool]: Using snowflake connection "list_AIRBNB_bronze"
[0m16:12:20.521678 [debug] [ThreadPool]: On list_AIRBNB_bronze: show objects in AIRBNB.bronze
    limit 10000
    

/* {"app": "dbt", "dbt_version": "1.12.5", "profile_name": "aws_dbt_snowflake_project", "target_name": "dev", "connection_name": "list_AIRBNB_bronze"} */;
[0m16:12:20.522240 [debug] [ThreadPool]: Opening a new connection, currently in state init
[0m16:12:21.631244 [debug] [ThreadPool]: SQL status: SUCCESS 3 in 1.109 seconds
[0m16:12:21.649135 [debug] [ThreadPool]: Using snowflake connection "list_AIRBNB_bronze"
[0m16:12:21.649915 [debug] [ThreadPool]: On list_AIRBNB_bronze: show user functions in AIRBNB.bronze
/* {"app": "dbt", "dbt_version": "1.12.5", "profile_name": "aws_dbt_snowflake_project", "target_name": "dev", "connection_name": "list_AIRBNB_bronze"} */
[0m16:12:21.905914 [debug] [ThreadPool]: SQL status: SUCCESS 0 in 0.255 seconds
[0m16:12:21.913398 [debug] [ThreadPool]: Re-using an available connection from the pool (formerly list_AIRBNB_bronze, now list_AIRBNB_silver)
[0m16:12:21.918480 [debug] [ThreadPool]: Using snowflake connection "list_AIRBNB_silver"
[0m16:12:21.919442 [debug] [ThreadPool]: On list_AIRBNB_silver: show objects in AIRBNB.silver
    limit 10000
    

/* {"app": "dbt", "dbt_version": "1.12.5", "profile_name": "aws_dbt_snowflake_project", "target_name": "dev", "connection_name": "list_AIRBNB_silver"} */;
[0m16:12:22.179299 [debug] [ThreadPool]: SQL status: SUCCESS 3 in 0.259 seconds
[0m16:12:22.183699 [debug] [ThreadPool]: Using snowflake connection "list_AIRBNB_silver"
[0m16:12:22.184305 [debug] [ThreadPool]: On list_AIRBNB_silver: show user functions in AIRBNB.silver
/* {"app": "dbt", "dbt_version": "1.12.5", "profile_name": "aws_dbt_snowflake_project", "target_name": "dev", "connection_name": "list_AIRBNB_silver"} */
[0m16:12:22.353552 [debug] [ThreadPool]: SQL status: SUCCESS 0 in 0.168 seconds
[0m16:12:22.358376 [debug] [ThreadPool]: Re-using an available connection from the pool (formerly list_AIRBNB_silver, now list_AIRBNB_gold)
[0m16:12:22.362032 [debug] [ThreadPool]: Using snowflake connection "list_AIRBNB_gold"
[0m16:12:22.362705 [debug] [ThreadPool]: On list_AIRBNB_gold: show objects in AIRBNB.gold
    limit 10000
    

/* {"app": "dbt", "dbt_version": "1.12.5", "profile_name": "aws_dbt_snowflake_project", "target_name": "dev", "connection_name": "list_AIRBNB_gold"} */;
[0m16:12:22.631914 [debug] [ThreadPool]: SQL status: SUCCESS 4 in 0.268 seconds
[0m16:12:22.637362 [debug] [ThreadPool]: Using snowflake connection "list_AIRBNB_gold"
[0m16:12:22.638317 [debug] [ThreadPool]: On list_AIRBNB_gold: show user functions in AIRBNB.gold
/* {"app": "dbt", "dbt_version": "1.12.5", "profile_name": "aws_dbt_snowflake_project", "target_name": "dev", "connection_name": "list_AIRBNB_gold"} */
[0m16:12:22.938849 [debug] [ThreadPool]: SQL status: SUCCESS 0 in 0.300 seconds
[0m16:12:22.946112 [debug] [MainThread]: Sending event: {'category': 'dbt', 'action': 'runnable_timing', 'label': 'aa8f3035-26ff-48a8-9c5f-2faf186efa2f', 'context': [<snowplow_tracker.self_describing_json.SelfDescribingJson object at 0x0000019C29FD4460>]}
[0m16:12:22.957380 [debug] [Thread-2 (]: Began running node model.aws_dbt_snowflake_project.fact
[0m16:12:22.958284 [info ] [Thread-2 (]: 1 of 2 START sql table model gold.fact ......................................... [RUN]
[0m16:12:22.959429 [debug] [Thread-2 (]: Acquiring new snowflake connection 'model.aws_dbt_snowflake_project.fact'
[0m16:12:22.960029 [debug] [Thread-2 (]: Began compiling node model.aws_dbt_snowflake_project.fact
[0m16:12:22.976827 [debug] [Thread-2 (]: Writing injected SQL for node "model.aws_dbt_snowflake_project.fact"
[0m16:12:22.979291 [debug] [Thread-2 (]: Began executing node model.aws_dbt_snowflake_project.fact
[0m16:12:23.056258 [debug] [Thread-2 (]: Writing runtime sql for node "model.aws_dbt_snowflake_project.fact"
[0m16:12:23.060383 [debug] [Thread-2 (]: Using snowflake connection "model.aws_dbt_snowflake_project.fact"
[0m16:12:23.061417 [debug] [Thread-2 (]: On model.aws_dbt_snowflake_project.fact: create or replace transient table AIRBNB.gold.fact
    
    
    
    
    

    as (



SELECT 
        GOLD_obt.BOOKING_ID, GOLD_obt.LISTING_ID, GOLD_obt.HOST_ID,GOLD_obt.TOTAL_AMOUNT, GOLD_obt.SERVICE_FEE, GOLD_obt.CLEANING_FEE, GOLD_obt.ACCOMMODATES, GOLD_obt.BEDROOMS, GOLD_obt.BATHROOMS, GOLD_obt.PRICE_PER_NIGHT, GOLD_obt.RESPONSE_RATE

FROM
    
    
      AIRBNB.GOLD.OBT AS GOLD_obt
    
        
    
        LEFT JOIN AIRBNB.GOLD.DIM_LISTINGS AS DIM_listings
        ON GOLD_obt.listing_id = DIM_listings.listing_id
        
        
    
        LEFT JOIN AIRBNB.GOLD.DIM_HOSTS AS DIM_hosts
        ON GOLD_obt.host_id = DIM_hosts.host_id
        
        
    )

/* {"app": "dbt", "dbt_version": "1.12.5", "profile_name": "aws_dbt_snowflake_project", "target_name": "dev", "node_id": "model.aws_dbt_snowflake_project.fact"} */;
[0m16:12:23.062124 [debug] [Thread-2 (]: Opening a new connection, currently in state init
[0m16:12:26.329694 [debug] [Thread-2 (]: Snowflake adapter: Snowflake query id: 01c74882-000e-03dd-0002-3e520007f13e
[0m16:12:26.330337 [debug] [Thread-2 (]: Snowflake adapter: Snowflake error: 000904 (42000): SQL compilation error: error line 13 at position 67
invalid identifier 'GOLD_OBT.TOTAL_AMOUNT'
[0m16:12:26.341880 [debug] [Thread-2 (]: Database Error in model fact (models\gold\fact.sql)
  000904 (42000): SQL compilation error: error line 13 at position 67
  invalid identifier 'GOLD_OBT.TOTAL_AMOUNT'
  compiled code at target\run\aws_dbt_snowflake_project\models\gold\fact.sql
[0m16:12:26.345349 [debug] [Thread-2 (]: Sending event: {'category': 'dbt', 'action': 'run_model', 'label': 'aa8f3035-26ff-48a8-9c5f-2faf186efa2f', 'context': [<snowplow_tracker.self_describing_json.SelfDescribingJson object at 0x0000019C29E968D0>]}
[0m16:12:26.346177 [error] [Thread-2 (]: 1 of 2 ERROR creating sql table model gold.fact ................................ [[31mERROR[0m in 3.38s]
[0m16:12:26.347312 [debug] [Thread-2 (]: Finished running node model.aws_dbt_snowflake_project.fact
[0m16:12:26.348012 [debug] [Thread-2 (]: Began running node model.aws_dbt_snowflake_project.obt
[0m16:12:26.349534 [debug] [Thread-5 (]: Marking all children of 'model.aws_dbt_snowflake_project.fact' to be skipped because of status 'error'.  Reason: Database Error in model fact (models\gold\fact.sql)
  000904 (42000): SQL compilation error: error line 13 at position 67
  invalid identifier 'GOLD_OBT.TOTAL_AMOUNT'
  compiled code at target\run\aws_dbt_snowflake_project\models\gold\fact.sql.
[0m16:12:26.348720 [info ] [Thread-2 (]: 2 of 2 START sql table model gold.obt .......................................... [RUN]
[0m16:12:26.352140 [debug] [Thread-2 (]: Re-using an available connection from the pool (formerly model.aws_dbt_snowflake_project.fact, now model.aws_dbt_snowflake_project.obt)
[0m16:12:26.353202 [debug] [Thread-2 (]: Began compiling node model.aws_dbt_snowflake_project.obt
[0m16:12:26.360638 [debug] [Thread-2 (]: Writing injected SQL for node "model.aws_dbt_snowflake_project.obt"
[0m16:12:26.362433 [debug] [Thread-2 (]: Began executing node model.aws_dbt_snowflake_project.obt
[0m16:12:26.367570 [debug] [Thread-2 (]: Writing runtime sql for node "model.aws_dbt_snowflake_project.obt"
[0m16:12:26.375258 [debug] [Thread-2 (]: Using snowflake connection "model.aws_dbt_snowflake_project.obt"
[0m16:12:26.376409 [debug] [Thread-2 (]: On model.aws_dbt_snowflake_project.obt: create or replace transient table AIRBNB.gold.obt
    
    
    
    
    

    as (



SELECT 
    
        SILVER_bookings.*,
    
        SILVER_listings.HOST_ID, SILVER_listings.PROPERTY_TYPE, SILVER_listings.ROOM_TYPE, SILVER_listings.CITY, SILVER_listings.COUNTRY, SILVER_listings.ACCOMMODATES, SILVER_listings.BEDROOMS, SILVER_listings.BATHROOMS, SILVER_listings.PRICE_PER_NIGHT, silver_listings.PRICE_PER_NIGHT_TAG, SILVER_listings.CREATED_AT AS LISTING_CREATED_AT,
    
        SILVER_hosts.HOST_NAME, SILVER_hosts.HOST_SINCE, SILVER_hosts.IS_SUPERHOST, SILVER_hosts.RESPONSE_RATE, SILVER_hosts.RESPONSE_RATE_QUALITY, SILVER_hosts.CREATED_AT AS HOST_CREATED_AT
    
FROM
    
    
      AIRBNB.SILVER.SILVER_BOOKINGS AS SILVER_bookings
    
        
    
        LEFT JOIN AIRBNB.SILVER.SILVER_LISTINGS AS SILVER_listings
        ON SILVER_bookings.listing_id = SILVER_listings.listing_id
        
        
    
        LEFT JOIN AIRBNB.SILVER.SILVER_HOSTS AS SILVER_hosts
        ON SILVER_listings.host_id = SILVER_hosts.host_id
        
        
    )

/* {"app": "dbt", "dbt_version": "1.12.5", "profile_name": "aws_dbt_snowflake_project", "target_name": "dev", "node_id": "model.aws_dbt_snowflake_project.obt"} */;
[0m16:12:27.626735 [debug] [Thread-2 (]: SQL status: SUCCESS 5000 in 1.249 seconds
[0m16:12:27.670906 [debug] [Thread-2 (]: Sending event: {'category': 'dbt', 'action': 'run_model', 'label': 'aa8f3035-26ff-48a8-9c5f-2faf186efa2f', 'context': [<snowplow_tracker.self_describing_json.SelfDescribingJson object at 0x0000019C29EE0F70>]}
[0m16:12:27.671910 [info ] [Thread-2 (]: 2 of 2 OK created sql table model gold.obt ..................................... [[32mSUCCESS 5000[0m in 1.32s]
[0m16:12:27.672998 [debug] [Thread-2 (]: Finished running node model.aws_dbt_snowflake_project.obt
[0m16:12:27.673889 [debug] [Thread-2 (]: Began running node model.aws_dbt_snowflake_project.bookings
[0m16:12:27.674395 [debug] [Thread-2 (]: Re-using an available connection from the pool (formerly model.aws_dbt_snowflake_project.obt, now model.aws_dbt_snowflake_project.bookings)
[0m16:12:27.674931 [debug] [Thread-2 (]: Began compiling node model.aws_dbt_snowflake_project.bookings
[0m16:12:27.677481 [debug] [Thread-2 (]: Writing injected SQL for node "model.aws_dbt_snowflake_project.bookings"
[0m16:12:27.680783 [debug] [Thread-2 (]: Finished running node model.aws_dbt_snowflake_project.bookings
[0m16:12:27.681560 [debug] [Thread-2 (]: Began running node model.aws_dbt_snowflake_project.hosts
[0m16:12:27.682228 [debug] [Thread-2 (]: Re-using an available connection from the pool (formerly model.aws_dbt_snowflake_project.bookings, now model.aws_dbt_snowflake_project.hosts)
[0m16:12:27.682771 [debug] [Thread-2 (]: Began compiling node model.aws_dbt_snowflake_project.hosts
[0m16:12:27.686982 [debug] [Thread-2 (]: Writing injected SQL for node "model.aws_dbt_snowflake_project.hosts"
[0m16:12:27.689684 [debug] [Thread-2 (]: Finished running node model.aws_dbt_snowflake_project.hosts
[0m16:12:27.690912 [debug] [Thread-2 (]: Began running node model.aws_dbt_snowflake_project.listings
[0m16:12:27.691827 [debug] [Thread-2 (]: Re-using an available connection from the pool (formerly model.aws_dbt_snowflake_project.hosts, now model.aws_dbt_snowflake_project.listings)
[0m16:12:27.692536 [debug] [Thread-2 (]: Began compiling node model.aws_dbt_snowflake_project.listings
[0m16:12:27.695209 [debug] [Thread-2 (]: Writing injected SQL for node "model.aws_dbt_snowflake_project.listings"
[0m16:12:27.697804 [debug] [Thread-2 (]: Finished running node model.aws_dbt_snowflake_project.listings
[0m16:12:27.700707 [debug] [MainThread]: Connection 'master' was properly closed.
[0m16:12:27.702154 [debug] [MainThread]: Connection 'list_AIRBNB' was left open.
[0m16:12:27.703287 [debug] [MainThread]: On list_AIRBNB: Close
[0m16:12:28.188513 [debug] [MainThread]: Connection 'list_AIRBNB_gold' was left open.
[0m16:12:28.189178 [debug] [MainThread]: On list_AIRBNB_gold: Close
[0m16:12:28.561775 [debug] [MainThread]: Connection 'model.aws_dbt_snowflake_project.listings' was left open.
[0m16:12:28.562996 [debug] [MainThread]: On model.aws_dbt_snowflake_project.listings: Close
[0m16:12:28.963054 [info ] [MainThread]: 
[0m16:12:28.965459 [info ] [MainThread]: Finished running 2 table models in 0 hours 0 minutes and 12.17 seconds (12.17s).
[0m16:12:28.973428 [debug] [MainThread]: Command end result
[0m16:12:29.098377 [debug] [MainThread]: Wrote artifact WritableManifest to C:\Users\samee\OneDrive\Desktop\aws_dbt_snowflake\aws_dbt_snowflake_project\target\manifest.json
[0m16:12:29.108010 [debug] [MainThread]: Wrote artifact SemanticManifest to C:\Users\samee\OneDrive\Desktop\aws_dbt_snowflake\aws_dbt_snowflake_project\target\semantic_manifest.json
[0m16:12:29.115170 [debug] [MainThread]: Wrote artifact OsiDocument to C:\Users\samee\OneDrive\Desktop\aws_dbt_snowflake\aws_dbt_snowflake_project\target\osi_document.json
[0m16:12:29.131175 [debug] [MainThread]: Wrote artifact RunExecutionResult to C:\Users\samee\OneDrive\Desktop\aws_dbt_snowflake\aws_dbt_snowflake_project\target\run_results.json
[0m16:12:29.131771 [info ] [MainThread]: 
[0m16:12:29.132554 [info ] [MainThread]: [31mCompleted with 1 error, 0 partial successes, and 0 warnings:[0m
[0m16:12:29.133359 [info ] [MainThread]: 
[0m16:12:29.134991 [error] [MainThread]: [[31mERROR[0m]: in model fact (models\gold\fact.sql)
[0m16:12:29.136419 [error] [MainThread]:   Database Error in model fact (models\gold\fact.sql)
  000904 (42000): SQL compilation error: error line 13 at position 67
  invalid identifier 'GOLD_OBT.TOTAL_AMOUNT'
  compiled code at target\run\aws_dbt_snowflake_project\models\gold\fact.sql
[0m16:12:29.138488 [info ] [MainThread]: 
[0m16:12:29.139781 [info ] [MainThread]:   compiled code at target\compiled\aws_dbt_snowflake_project\models\gold\fact.sql
[0m16:12:29.140900 [info ] [MainThread]: 
[0m16:12:29.141814 [info ] [MainThread]: Done. PASS=1 WARN=0 ERROR=1 SKIP=0 NO-OP=0 REUSED=0 TOTAL=2
[0m16:12:29.143935 [debug] [MainThread]: Command `dbt run` failed at 16:12:29.143653 after 15.46 seconds
[0m16:12:29.144654 [debug] [MainThread]: Sending event: {'category': 'dbt', 'action': 'invocation', 'label': 'end', 'context': [<snowplow_tracker.self_describing_json.SelfDescribingJson object at 0x0000019C29ECDB30>, <snowplow_tracker.self_describing_json.SelfDescribingJson object at 0x0000019C2A04E330>, <snowplow_tracker.self_describing_json.SelfDescribingJson object at 0x0000019C283E4050>]}
[0m16:12:29.145334 [debug] [MainThread]: Flushing usage events
[0m16:12:32.430872 [debug] [MainThread]: An error was encountered while trying to flush usage events
[0m16:15:18.064482 [debug] [MainThread]: Sending event: {'category': 'dbt', 'action': 'invocation', 'label': 'start', 'context': [<snowplow_tracker.self_describing_json.SelfDescribingJson object at 0x0000021CF40BE900>, <snowplow_tracker.self_describing_json.SelfDescribingJson object at 0x0000021CF670FED0>, <snowplow_tracker.self_describing_json.SelfDescribingJson object at 0x0000021CF670FB10>]}


============================== 16:15:18.069844 | fef0c717-0273-4112-9895-b2a37cb0a21c ==============================
[0m16:15:18.069844 [info ] [MainThread]: Running with dbt=1.12.5
[0m16:15:18.070900 [debug] [MainThread]: running dbt with arguments {'static_parser': 'True', 'no_print': 'None', 'version_check': 'True', 'target_path': 'None', 'warn_error_options': 'WarnErrorOptionsV2(error=[], warn=[], silence=[])', 'maximum_seed_size_mib': '1', 'printer_width': '80', 'write_json': 'True', 'empty': 'False', 'log_cache_events': 'False', 'introspect': 'True', 'cache_selected_only': 'False', 'fail_fast': 'False', 'debug': 'False', 'log_format': 'default', 'profiles_dir': 'C:\\Users\\samee\\OneDrive\\Desktop\\aws_dbt_snowflake\\aws_dbt_snowflake_project', 'send_anonymous_usage_stats': 'True', 'quiet': 'False', 'warn_error': 'None', 'partial_parse': 'True', 'invocation_command': 'dbt run --select gold', 'hints_enabled': 'True', 'use_colors': 'True', 'use_experimental_parser': 'False', 'indirect_selection': 'eager', 'log_path': 'C:\\Users\\samee\\OneDrive\\Desktop\\aws_dbt_snowflake\\aws_dbt_snowflake_project\\logs'}
[0m16:15:18.825571 [debug] [MainThread]: Snowflake adapter: Setting snowflake.connector to ERROR (file logging only)
[0m16:15:18.826150 [debug] [MainThread]: Snowflake adapter: Setting botocore to ERROR (file logging only)
[0m16:15:18.826608 [debug] [MainThread]: Snowflake adapter: Setting boto3 to ERROR (file logging only)
[0m16:15:19.326587 [debug] [MainThread]: Sending event: {'category': 'dbt', 'action': 'project_id', 'label': 'fef0c717-0273-4112-9895-b2a37cb0a21c', 'context': [<snowplow_tracker.self_describing_json.SelfDescribingJson object at 0x0000021CF45DEFD0>]}
[0m16:15:19.533525 [debug] [MainThread]: Sending event: {'category': 'dbt', 'action': 'adapter_info', 'label': 'fef0c717-0273-4112-9895-b2a37cb0a21c', 'context': [<snowplow_tracker.self_describing_json.SelfDescribingJson object at 0x0000021CF4C28380>]}
[0m16:15:19.534956 [info ] [MainThread]: Registered adapter: snowflake=1.12.1
[0m16:15:20.056562 [debug] [MainThread]: checksum: 0ee1a1dce6b94271f7f4877021b9467e87e858ea987b298e8ea9f7304295ef8e, vars: {}, profile: aws_dbt_snowflake_project, target: dev, version: 1.12.5
[0m16:15:20.397653 [debug] [MainThread]: Partial parsing enabled: 0 files deleted, 0 files added, 0 files changed.
[0m16:15:20.398626 [debug] [MainThread]: Nothing changed, skipping partial parsing.
[0m16:15:20.399381 [debug] [MainThread]: Partial parsing enabled, no changes found, skipping parsing
[0m16:15:20.413461 [debug] [MainThread]: Sending event: {'category': 'dbt', 'action': 'load_project', 'label': 'fef0c717-0273-4112-9895-b2a37cb0a21c', 'context': [<snowplow_tracker.self_describing_json.SelfDescribingJson object at 0x0000021CF86A0F50>]}
[0m16:15:20.686320 [debug] [MainThread]: Wrote artifact WritableManifest to C:\Users\samee\OneDrive\Desktop\aws_dbt_snowflake\aws_dbt_snowflake_project\target\manifest.json
[0m16:15:20.691767 [debug] [MainThread]: Wrote artifact SemanticManifest to C:\Users\samee\OneDrive\Desktop\aws_dbt_snowflake\aws_dbt_snowflake_project\target\semantic_manifest.json
[0m16:15:20.744338 [debug] [MainThread]: Wrote artifact OsiDocument to C:\Users\samee\OneDrive\Desktop\aws_dbt_snowflake\aws_dbt_snowflake_project\target\osi_document.json
[0m16:15:20.764809 [debug] [MainThread]: Sending event: {'category': 'dbt', 'action': 'resource_counts', 'label': 'fef0c717-0273-4112-9895-b2a37cb0a21c', 'context': [<snowplow_tracker.self_describing_json.SelfDescribingJson object at 0x0000021CF97966C0>]}
[0m16:15:20.765462 [info ] [MainThread]: Found 11 models, 2 analyses, 3 snapshots, 3 sources, 566 macros
[0m16:15:20.766192 [debug] [MainThread]: Sending event: {'category': 'dbt', 'action': 'runnable_timing', 'label': 'fef0c717-0273-4112-9895-b2a37cb0a21c', 'context': [<snowplow_tracker.self_describing_json.SelfDescribingJson object at 0x0000021CF97B3690>]}
[0m16:15:20.768639 [info ] [MainThread]: 
[0m16:15:20.769363 [info ] [MainThread]: Concurrency: 1 threads (target='dev')
[0m16:15:20.770053 [info ] [MainThread]: 
[0m16:15:20.770905 [debug] [MainThread]: Acquiring new snowflake connection 'master'
[0m16:15:20.776414 [debug] [ThreadPool]: Acquiring new snowflake connection 'list_AIRBNB'
[0m16:15:20.798928 [debug] [ThreadPool]: Using snowflake connection "list_AIRBNB"
[0m16:15:20.799434 [debug] [ThreadPool]: On list_AIRBNB: show terse schemas in database AIRBNB
    limit 10000
/* {"app": "dbt", "dbt_version": "1.12.5", "profile_name": "aws_dbt_snowflake_project", "target_name": "dev", "connection_name": "list_AIRBNB"} */
[0m16:15:20.799846 [debug] [ThreadPool]: Opening a new connection, currently in state init
[0m16:15:24.723689 [debug] [ThreadPool]: SQL status: SUCCESS 8 in 3.924 seconds
[0m16:15:24.732157 [debug] [ThreadPool]: Acquiring new snowflake connection 'list_AIRBNB_silver'
[0m16:15:24.755872 [debug] [ThreadPool]: Using snowflake connection "list_AIRBNB_silver"
[0m16:15:24.756445 [debug] [ThreadPool]: On list_AIRBNB_silver: show objects in AIRBNB.silver
    limit 10000
    

/* {"app": "dbt", "dbt_version": "1.12.5", "profile_name": "aws_dbt_snowflake_project", "target_name": "dev", "connection_name": "list_AIRBNB_silver"} */;
[0m16:15:24.756914 [debug] [ThreadPool]: Opening a new connection, currently in state init
[0m16:15:27.214312 [debug] [ThreadPool]: SQL status: SUCCESS 3 in 2.457 seconds
[0m16:15:27.235752 [debug] [ThreadPool]: Using snowflake connection "list_AIRBNB_silver"
[0m16:15:27.236662 [debug] [ThreadPool]: On list_AIRBNB_silver: show user functions in AIRBNB.silver
/* {"app": "dbt", "dbt_version": "1.12.5", "profile_name": "aws_dbt_snowflake_project", "target_name": "dev", "connection_name": "list_AIRBNB_silver"} */
[0m16:15:27.442675 [debug] [ThreadPool]: SQL status: SUCCESS 0 in 0.205 seconds
[0m16:15:27.449885 [debug] [ThreadPool]: Re-using an available connection from the pool (formerly list_AIRBNB_silver, now list_AIRBNB_gold)
[0m16:15:27.454579 [debug] [ThreadPool]: Using snowflake connection "list_AIRBNB_gold"
[0m16:15:27.455320 [debug] [ThreadPool]: On list_AIRBNB_gold: show objects in AIRBNB.gold
    limit 10000
    

/* {"app": "dbt", "dbt_version": "1.12.5", "profile_name": "aws_dbt_snowflake_project", "target_name": "dev", "connection_name": "list_AIRBNB_gold"} */;
[0m16:15:27.728427 [debug] [ThreadPool]: SQL status: SUCCESS 4 in 0.272 seconds
[0m16:15:27.737083 [debug] [ThreadPool]: Using snowflake connection "list_AIRBNB_gold"
[0m16:15:27.737995 [debug] [ThreadPool]: On list_AIRBNB_gold: show user functions in AIRBNB.gold
/* {"app": "dbt", "dbt_version": "1.12.5", "profile_name": "aws_dbt_snowflake_project", "target_name": "dev", "connection_name": "list_AIRBNB_gold"} */
[0m16:15:28.023506 [debug] [ThreadPool]: SQL status: SUCCESS 0 in 0.285 seconds
[0m16:15:28.027115 [debug] [ThreadPool]: Re-using an available connection from the pool (formerly list_AIRBNB_gold, now list_AIRBNB_bronze)
[0m16:15:28.030442 [debug] [ThreadPool]: Using snowflake connection "list_AIRBNB_bronze"
[0m16:15:28.031148 [debug] [ThreadPool]: On list_AIRBNB_bronze: show objects in AIRBNB.bronze
    limit 10000
    

/* {"app": "dbt", "dbt_version": "1.12.5", "profile_name": "aws_dbt_snowflake_project", "target_name": "dev", "connection_name": "list_AIRBNB_bronze"} */;
[0m16:15:28.332932 [debug] [ThreadPool]: SQL status: SUCCESS 3 in 0.301 seconds
[0m16:15:28.340254 [debug] [ThreadPool]: Using snowflake connection "list_AIRBNB_bronze"
[0m16:15:28.341242 [debug] [ThreadPool]: On list_AIRBNB_bronze: show user functions in AIRBNB.bronze
/* {"app": "dbt", "dbt_version": "1.12.5", "profile_name": "aws_dbt_snowflake_project", "target_name": "dev", "connection_name": "list_AIRBNB_bronze"} */
[0m16:15:28.590232 [debug] [ThreadPool]: SQL status: SUCCESS 0 in 0.248 seconds
[0m16:15:28.602168 [debug] [MainThread]: Sending event: {'category': 'dbt', 'action': 'runnable_timing', 'label': 'fef0c717-0273-4112-9895-b2a37cb0a21c', 'context': [<snowplow_tracker.self_describing_json.SelfDescribingJson object at 0x0000021CF9998460>]}
[0m16:15:28.611105 [debug] [Thread-2 (]: Began running node model.aws_dbt_snowflake_project.fact
[0m16:15:28.612493 [info ] [Thread-2 (]: 1 of 2 START sql table model gold.fact ......................................... [RUN]
[0m16:15:28.614423 [debug] [Thread-2 (]: Acquiring new snowflake connection 'model.aws_dbt_snowflake_project.fact'
[0m16:15:28.615680 [debug] [Thread-2 (]: Began compiling node model.aws_dbt_snowflake_project.fact
[0m16:15:28.634352 [debug] [Thread-2 (]: Writing injected SQL for node "model.aws_dbt_snowflake_project.fact"
[0m16:15:28.636358 [debug] [Thread-2 (]: Began executing node model.aws_dbt_snowflake_project.fact
[0m16:15:28.694944 [debug] [Thread-2 (]: Writing runtime sql for node "model.aws_dbt_snowflake_project.fact"
[0m16:15:28.698428 [debug] [Thread-2 (]: Using snowflake connection "model.aws_dbt_snowflake_project.fact"
[0m16:15:28.699016 [debug] [Thread-2 (]: On model.aws_dbt_snowflake_project.fact: create or replace transient table AIRBNB.gold.fact
    
    
    
    
    

    as (



SELECT 
        GOLD_obt.BOOKING_ID, GOLD_obt.LISTING_ID, GOLD_obt.HOST_ID,GOLD_obt.TOTAL_BOOKING_PRICE, GOLD_obt.SERVICE_FEE, GOLD_obt.CLEANING_FEE, GOLD_obt.ACCOMMODATES, GOLD_obt.BEDROOMS, GOLD_obt.BATHROOMS, GOLD_obt.PRICE_PER_NIGHT, GOLD_obt.RESPONSE_RATE

FROM
    
    
      AIRBNB.GOLD.OBT AS GOLD_obt
    
        
    
        LEFT JOIN AIRBNB.GOLD.DIM_LISTINGS AS DIM_listings
        ON GOLD_obt.listing_id = DIM_listings.listing_id
        
        
    
        LEFT JOIN AIRBNB.GOLD.DIM_HOSTS AS DIM_hosts
        ON GOLD_obt.host_id = DIM_hosts.host_id
        
        
    )

/* {"app": "dbt", "dbt_version": "1.12.5", "profile_name": "aws_dbt_snowflake_project", "target_name": "dev", "node_id": "model.aws_dbt_snowflake_project.fact"} */;
[0m16:15:28.699479 [debug] [Thread-2 (]: Opening a new connection, currently in state init
[0m16:15:32.112399 [debug] [Thread-2 (]: SQL status: SUCCESS 1925792 in 3.413 seconds
[0m16:15:32.146122 [debug] [Thread-2 (]: Sending event: {'category': 'dbt', 'action': 'run_model', 'label': 'fef0c717-0273-4112-9895-b2a37cb0a21c', 'context': [<snowplow_tracker.self_describing_json.SelfDescribingJson object at 0x0000021CF97DBC50>]}
[0m16:15:32.147376 [info ] [Thread-2 (]: 1 of 2 OK created sql table model gold.fact .................................... [[32mSUCCESS 1925792[0m in 3.53s]
[0m16:15:32.148337 [debug] [Thread-2 (]: Finished running node model.aws_dbt_snowflake_project.fact
[0m16:15:32.148855 [debug] [Thread-2 (]: Began running node model.aws_dbt_snowflake_project.obt
[0m16:15:32.149489 [info ] [Thread-2 (]: 2 of 2 START sql table model gold.obt .......................................... [RUN]
[0m16:15:32.150267 [debug] [Thread-2 (]: Re-using an available connection from the pool (formerly model.aws_dbt_snowflake_project.fact, now model.aws_dbt_snowflake_project.obt)
[0m16:15:32.150702 [debug] [Thread-2 (]: Began compiling node model.aws_dbt_snowflake_project.obt
[0m16:15:32.157289 [debug] [Thread-2 (]: Writing injected SQL for node "model.aws_dbt_snowflake_project.obt"
[0m16:15:32.159380 [debug] [Thread-2 (]: Began executing node model.aws_dbt_snowflake_project.obt
[0m16:15:32.164555 [debug] [Thread-2 (]: Writing runtime sql for node "model.aws_dbt_snowflake_project.obt"
[0m16:15:32.168055 [debug] [Thread-2 (]: Using snowflake connection "model.aws_dbt_snowflake_project.obt"
[0m16:15:32.168819 [debug] [Thread-2 (]: On model.aws_dbt_snowflake_project.obt: create or replace transient table AIRBNB.gold.obt
    
    
    
    
    

    as (



SELECT 
    
        SILVER_bookings.*,
    
        SILVER_listings.HOST_ID, SILVER_listings.PROPERTY_TYPE, SILVER_listings.ROOM_TYPE, SILVER_listings.CITY, SILVER_listings.COUNTRY, SILVER_listings.ACCOMMODATES, SILVER_listings.BEDROOMS, SILVER_listings.BATHROOMS, SILVER_listings.PRICE_PER_NIGHT, silver_listings.PRICE_PER_NIGHT_TAG, SILVER_listings.CREATED_AT AS LISTING_CREATED_AT,
    
        SILVER_hosts.HOST_NAME, SILVER_hosts.HOST_SINCE, SILVER_hosts.IS_SUPERHOST, SILVER_hosts.RESPONSE_RATE, SILVER_hosts.RESPONSE_RATE_QUALITY, SILVER_hosts.CREATED_AT AS HOST_CREATED_AT
    
FROM
    
    
      AIRBNB.SILVER.SILVER_BOOKINGS AS SILVER_bookings
    
        
    
        LEFT JOIN AIRBNB.SILVER.SILVER_LISTINGS AS SILVER_listings
        ON SILVER_bookings.listing_id = SILVER_listings.listing_id
        
        
    
        LEFT JOIN AIRBNB.SILVER.SILVER_HOSTS AS SILVER_hosts
        ON SILVER_listings.host_id = SILVER_hosts.host_id
        
        
    )

/* {"app": "dbt", "dbt_version": "1.12.5", "profile_name": "aws_dbt_snowflake_project", "target_name": "dev", "node_id": "model.aws_dbt_snowflake_project.obt"} */;
[0m16:15:32.873361 [debug] [Thread-2 (]: SQL status: SUCCESS 5000 in 0.703 seconds
[0m16:15:32.881965 [debug] [Thread-2 (]: Sending event: {'category': 'dbt', 'action': 'run_model', 'label': 'fef0c717-0273-4112-9895-b2a37cb0a21c', 'context': [<snowplow_tracker.self_describing_json.SelfDescribingJson object at 0x0000021CF98197B0>]}
[0m16:15:32.882818 [info ] [Thread-2 (]: 2 of 2 OK created sql table model gold.obt ..................................... [[32mSUCCESS 5000[0m in 0.73s]
[0m16:15:32.883862 [debug] [Thread-2 (]: Finished running node model.aws_dbt_snowflake_project.obt
[0m16:15:32.884965 [debug] [Thread-2 (]: Began running node model.aws_dbt_snowflake_project.bookings
[0m16:15:32.885755 [debug] [Thread-2 (]: Re-using an available connection from the pool (formerly model.aws_dbt_snowflake_project.obt, now model.aws_dbt_snowflake_project.bookings)
[0m16:15:32.886247 [debug] [Thread-2 (]: Began compiling node model.aws_dbt_snowflake_project.bookings
[0m16:15:32.888744 [debug] [Thread-2 (]: Writing injected SQL for node "model.aws_dbt_snowflake_project.bookings"
[0m16:15:32.890748 [debug] [Thread-2 (]: Finished running node model.aws_dbt_snowflake_project.bookings
[0m16:15:32.891586 [debug] [Thread-2 (]: Began running node model.aws_dbt_snowflake_project.hosts
[0m16:15:32.892282 [debug] [Thread-2 (]: Re-using an available connection from the pool (formerly model.aws_dbt_snowflake_project.bookings, now model.aws_dbt_snowflake_project.hosts)
[0m16:15:32.893605 [debug] [Thread-2 (]: Began compiling node model.aws_dbt_snowflake_project.hosts
[0m16:15:32.897895 [debug] [Thread-2 (]: Writing injected SQL for node "model.aws_dbt_snowflake_project.hosts"
[0m16:15:32.900311 [debug] [Thread-2 (]: Finished running node model.aws_dbt_snowflake_project.hosts
[0m16:15:32.901229 [debug] [Thread-2 (]: Began running node model.aws_dbt_snowflake_project.listings
[0m16:15:32.902102 [debug] [Thread-2 (]: Re-using an available connection from the pool (formerly model.aws_dbt_snowflake_project.hosts, now model.aws_dbt_snowflake_project.listings)
[0m16:15:32.902600 [debug] [Thread-2 (]: Began compiling node model.aws_dbt_snowflake_project.listings
[0m16:15:32.905561 [debug] [Thread-2 (]: Writing injected SQL for node "model.aws_dbt_snowflake_project.listings"
[0m16:15:32.907980 [debug] [Thread-2 (]: Finished running node model.aws_dbt_snowflake_project.listings
[0m16:15:32.909879 [debug] [MainThread]: Connection 'master' was properly closed.
[0m16:15:32.910525 [debug] [MainThread]: Connection 'list_AIRBNB' was left open.
[0m16:15:32.911248 [debug] [MainThread]: On list_AIRBNB: Close
[0m16:15:33.303078 [debug] [MainThread]: Connection 'list_AIRBNB_bronze' was left open.
[0m16:15:33.303535 [debug] [MainThread]: On list_AIRBNB_bronze: Close
[0m16:15:33.887145 [debug] [MainThread]: Connection 'model.aws_dbt_snowflake_project.listings' was left open.
[0m16:15:33.888307 [debug] [MainThread]: On model.aws_dbt_snowflake_project.listings: Close
[0m16:15:34.214814 [info ] [MainThread]: 
[0m16:15:34.215784 [info ] [MainThread]: Finished running 2 table models in 0 hours 0 minutes and 13.44 seconds (13.44s).
[0m16:15:34.217743 [debug] [MainThread]: Command end result
[0m16:15:34.285792 [debug] [MainThread]: Wrote artifact WritableManifest to C:\Users\samee\OneDrive\Desktop\aws_dbt_snowflake\aws_dbt_snowflake_project\target\manifest.json
[0m16:15:34.291217 [debug] [MainThread]: Wrote artifact SemanticManifest to C:\Users\samee\OneDrive\Desktop\aws_dbt_snowflake\aws_dbt_snowflake_project\target\semantic_manifest.json
[0m16:15:34.299257 [debug] [MainThread]: Wrote artifact OsiDocument to C:\Users\samee\OneDrive\Desktop\aws_dbt_snowflake\aws_dbt_snowflake_project\target\osi_document.json
[0m16:15:34.312735 [debug] [MainThread]: Wrote artifact RunExecutionResult to C:\Users\samee\OneDrive\Desktop\aws_dbt_snowflake\aws_dbt_snowflake_project\target\run_results.json
[0m16:15:34.313468 [info ] [MainThread]: 
[0m16:15:34.314394 [info ] [MainThread]: [32mCompleted successfully[0m
[0m16:15:34.315162 [info ] [MainThread]: 
[0m16:15:34.315922 [info ] [MainThread]: Done. PASS=2 WARN=0 ERROR=0 SKIP=0 NO-OP=0 REUSED=0 TOTAL=2
[0m16:15:34.317635 [debug] [MainThread]: Command `dbt run` succeeded at 16:15:34.317437 after 16.45 seconds
[0m16:15:34.318088 [debug] [MainThread]: Sending event: {'category': 'dbt', 'action': 'invocation', 'label': 'end', 'context': [<snowplow_tracker.self_describing_json.SelfDescribingJson object at 0x0000021CF9816350>, <snowplow_tracker.self_describing_json.SelfDescribingJson object at 0x0000021CF998D640>, <snowplow_tracker.self_describing_json.SelfDescribingJson object at 0x0000021CF97B84D0>]}
[0m16:15:34.318536 [debug] [MainThread]: Flushing usage events
[0m16:15:35.782285 [debug] [MainThread]: An error was encountered while trying to flush usage events
[0m16:26:18.643415 [debug] [MainThread]: Sending event: {'category': 'dbt', 'action': 'invocation', 'label': 'start', 'context': [<snowplow_tracker.self_describing_json.SelfDescribingJson object at 0x0000022C8A2D2900>, <snowplow_tracker.self_describing_json.SelfDescribingJson object at 0x0000022C8C92FED0>, <snowplow_tracker.self_describing_json.SelfDescribingJson object at 0x0000022C8C92FB10>]}


============================== 16:26:18.656517 | 5e94da3d-d8ff-482d-aa50-dbf35d303d6b ==============================
[0m16:26:18.656517 [info ] [MainThread]: Running with dbt=1.12.5
[0m16:26:18.657822 [debug] [MainThread]: running dbt with arguments {'static_parser': 'True', 'no_print': 'None', 'version_check': 'True', 'warn_error_options': 'WarnErrorOptionsV2(error=[], warn=[], silence=[])', 'maximum_seed_size_mib': '1', 'target_path': 'None', 'printer_width': '80', 'write_json': 'True', 'introspect': 'True', 'log_cache_events': 'False', 'empty': 'False', 'cache_selected_only': 'False', 'log_format': 'default', 'debug': 'False', 'fail_fast': 'False', 'partial_parse': 'True', 'send_anonymous_usage_stats': 'True', 'quiet': 'False', 'warn_error': 'None', 'profiles_dir': 'C:\\Users\\samee\\OneDrive\\Desktop\\aws_dbt_snowflake\\aws_dbt_snowflake_project', 'invocation_command': 'dbt run --select gold', 'hints_enabled': 'True', 'use_colors': 'True', 'use_experimental_parser': 'False', 'indirect_selection': 'eager', 'log_path': 'C:\\Users\\samee\\OneDrive\\Desktop\\aws_dbt_snowflake\\aws_dbt_snowflake_project\\logs'}
[0m16:26:19.182031 [debug] [MainThread]: Snowflake adapter: Setting snowflake.connector to ERROR (file logging only)
[0m16:26:19.182694 [debug] [MainThread]: Snowflake adapter: Setting botocore to ERROR (file logging only)
[0m16:26:19.183220 [debug] [MainThread]: Snowflake adapter: Setting boto3 to ERROR (file logging only)
[0m16:26:19.530024 [debug] [MainThread]: Sending event: {'category': 'dbt', 'action': 'project_id', 'label': '5e94da3d-d8ff-482d-aa50-dbf35d303d6b', 'context': [<snowplow_tracker.self_describing_json.SelfDescribingJson object at 0x0000022C8A7EEFD0>]}
[0m16:26:19.608997 [debug] [MainThread]: Sending event: {'category': 'dbt', 'action': 'adapter_info', 'label': '5e94da3d-d8ff-482d-aa50-dbf35d303d6b', 'context': [<snowplow_tracker.self_describing_json.SelfDescribingJson object at 0x0000022C8AE48380>]}
[0m16:26:19.610617 [info ] [MainThread]: Registered adapter: snowflake=1.12.1
[0m16:26:20.023896 [debug] [MainThread]: checksum: 0ee1a1dce6b94271f7f4877021b9467e87e858ea987b298e8ea9f7304295ef8e, vars: {}, profile: aws_dbt_snowflake_project, target: dev, version: 1.12.5
[0m16:26:20.265238 [debug] [MainThread]: Partial parsing enabled: 0 files deleted, 0 files added, 0 files changed.
[0m16:26:20.265850 [debug] [MainThread]: Nothing changed, skipping partial parsing.
[0m16:26:20.266293 [debug] [MainThread]: Partial parsing enabled, no changes found, skipping parsing
[0m16:26:20.277886 [debug] [MainThread]: Sending event: {'category': 'dbt', 'action': 'load_project', 'label': '5e94da3d-d8ff-482d-aa50-dbf35d303d6b', 'context': [<snowplow_tracker.self_describing_json.SelfDescribingJson object at 0x0000022C8F920F50>]}
[0m16:26:20.495134 [debug] [MainThread]: Wrote artifact WritableManifest to C:\Users\samee\OneDrive\Desktop\aws_dbt_snowflake\aws_dbt_snowflake_project\target\manifest.json
[0m16:26:20.501230 [debug] [MainThread]: Wrote artifact SemanticManifest to C:\Users\samee\OneDrive\Desktop\aws_dbt_snowflake\aws_dbt_snowflake_project\target\semantic_manifest.json
[0m16:26:20.581330 [debug] [MainThread]: Wrote artifact OsiDocument to C:\Users\samee\OneDrive\Desktop\aws_dbt_snowflake\aws_dbt_snowflake_project\target\osi_document.json
[0m16:26:20.603012 [debug] [MainThread]: Sending event: {'category': 'dbt', 'action': 'resource_counts', 'label': '5e94da3d-d8ff-482d-aa50-dbf35d303d6b', 'context': [<snowplow_tracker.self_describing_json.SelfDescribingJson object at 0x0000022C8FA6E5D0>]}
[0m16:26:20.603733 [info ] [MainThread]: Found 11 models, 2 analyses, 3 snapshots, 3 sources, 566 macros
[0m16:26:20.604355 [debug] [MainThread]: Sending event: {'category': 'dbt', 'action': 'runnable_timing', 'label': '5e94da3d-d8ff-482d-aa50-dbf35d303d6b', 'context': [<snowplow_tracker.self_describing_json.SelfDescribingJson object at 0x0000022C8FA63150>]}
[0m16:26:20.607089 [info ] [MainThread]: 
[0m16:26:20.608041 [info ] [MainThread]: Concurrency: 1 threads (target='dev')
[0m16:26:20.608740 [info ] [MainThread]: 
[0m16:26:20.609537 [debug] [MainThread]: Acquiring new snowflake connection 'master'
[0m16:26:20.616013 [debug] [ThreadPool]: Acquiring new snowflake connection 'list_AIRBNB'
[0m16:26:20.637092 [debug] [ThreadPool]: Using snowflake connection "list_AIRBNB"
[0m16:26:20.637539 [debug] [ThreadPool]: On list_AIRBNB: show terse schemas in database AIRBNB
    limit 10000
/* {"app": "dbt", "dbt_version": "1.12.5", "profile_name": "aws_dbt_snowflake_project", "target_name": "dev", "connection_name": "list_AIRBNB"} */
[0m16:26:20.637884 [debug] [ThreadPool]: Opening a new connection, currently in state init
[0m16:26:22.887250 [debug] [ThreadPool]: SQL status: SUCCESS 8 in 2.249 seconds
[0m16:26:22.891813 [debug] [ThreadPool]: Acquiring new snowflake connection 'list_AIRBNB_bronze'
[0m16:26:22.906627 [debug] [ThreadPool]: Using snowflake connection "list_AIRBNB_bronze"
[0m16:26:22.907399 [debug] [ThreadPool]: On list_AIRBNB_bronze: show objects in AIRBNB.bronze
    limit 10000
    

/* {"app": "dbt", "dbt_version": "1.12.5", "profile_name": "aws_dbt_snowflake_project", "target_name": "dev", "connection_name": "list_AIRBNB_bronze"} */;
[0m16:26:22.907946 [debug] [ThreadPool]: Opening a new connection, currently in state init
[0m16:26:24.214963 [debug] [ThreadPool]: SQL status: SUCCESS 3 in 1.307 seconds
[0m16:26:24.222537 [debug] [ThreadPool]: Using snowflake connection "list_AIRBNB_bronze"
[0m16:26:24.223127 [debug] [ThreadPool]: On list_AIRBNB_bronze: show user functions in AIRBNB.bronze
/* {"app": "dbt", "dbt_version": "1.12.5", "profile_name": "aws_dbt_snowflake_project", "target_name": "dev", "connection_name": "list_AIRBNB_bronze"} */
[0m16:26:24.428900 [debug] [ThreadPool]: SQL status: SUCCESS 0 in 0.205 seconds
[0m16:26:24.433361 [debug] [ThreadPool]: Re-using an available connection from the pool (formerly list_AIRBNB_bronze, now list_AIRBNB_gold)
[0m16:26:24.438511 [debug] [ThreadPool]: Using snowflake connection "list_AIRBNB_gold"
[0m16:26:24.439242 [debug] [ThreadPool]: On list_AIRBNB_gold: show objects in AIRBNB.gold
    limit 10000
    

/* {"app": "dbt", "dbt_version": "1.12.5", "profile_name": "aws_dbt_snowflake_project", "target_name": "dev", "connection_name": "list_AIRBNB_gold"} */;
[0m16:26:24.688048 [debug] [ThreadPool]: SQL status: SUCCESS 5 in 0.248 seconds
[0m16:26:24.694876 [debug] [ThreadPool]: Using snowflake connection "list_AIRBNB_gold"
[0m16:26:24.696068 [debug] [ThreadPool]: On list_AIRBNB_gold: show user functions in AIRBNB.gold
/* {"app": "dbt", "dbt_version": "1.12.5", "profile_name": "aws_dbt_snowflake_project", "target_name": "dev", "connection_name": "list_AIRBNB_gold"} */
[0m16:26:24.936596 [debug] [ThreadPool]: SQL status: SUCCESS 0 in 0.240 seconds
[0m16:26:24.938988 [debug] [ThreadPool]: Re-using an available connection from the pool (formerly list_AIRBNB_gold, now list_AIRBNB_silver)
[0m16:26:24.941805 [debug] [ThreadPool]: Using snowflake connection "list_AIRBNB_silver"
[0m16:26:24.942207 [debug] [ThreadPool]: On list_AIRBNB_silver: show objects in AIRBNB.silver
    limit 10000
    

/* {"app": "dbt", "dbt_version": "1.12.5", "profile_name": "aws_dbt_snowflake_project", "target_name": "dev", "connection_name": "list_AIRBNB_silver"} */;
[0m16:26:25.190914 [debug] [ThreadPool]: SQL status: SUCCESS 3 in 0.248 seconds
[0m16:26:25.199873 [debug] [ThreadPool]: Using snowflake connection "list_AIRBNB_silver"
[0m16:26:25.201222 [debug] [ThreadPool]: On list_AIRBNB_silver: show user functions in AIRBNB.silver
/* {"app": "dbt", "dbt_version": "1.12.5", "profile_name": "aws_dbt_snowflake_project", "target_name": "dev", "connection_name": "list_AIRBNB_silver"} */
[0m16:26:25.391201 [debug] [ThreadPool]: SQL status: SUCCESS 0 in 0.189 seconds
[0m16:26:25.429707 [debug] [MainThread]: Sending event: {'category': 'dbt', 'action': 'runnable_timing', 'label': '5e94da3d-d8ff-482d-aa50-dbf35d303d6b', 'context': [<snowplow_tracker.self_describing_json.SelfDescribingJson object at 0x0000022C8FC48460>]}
[0m16:26:25.447379 [debug] [Thread-2 (]: Began running node model.aws_dbt_snowflake_project.fact
[0m16:26:25.448281 [info ] [Thread-2 (]: 1 of 2 START sql table model gold.fact ......................................... [RUN]
[0m16:26:25.449659 [debug] [Thread-2 (]: Acquiring new snowflake connection 'model.aws_dbt_snowflake_project.fact'
[0m16:26:25.450535 [debug] [Thread-2 (]: Began compiling node model.aws_dbt_snowflake_project.fact
[0m16:26:25.469818 [debug] [Thread-2 (]: Writing injected SQL for node "model.aws_dbt_snowflake_project.fact"
[0m16:26:25.472718 [debug] [Thread-2 (]: Began executing node model.aws_dbt_snowflake_project.fact
[0m16:26:25.523403 [debug] [Thread-2 (]: Writing runtime sql for node "model.aws_dbt_snowflake_project.fact"
[0m16:26:25.526075 [debug] [Thread-2 (]: Using snowflake connection "model.aws_dbt_snowflake_project.fact"
[0m16:26:25.526620 [debug] [Thread-2 (]: On model.aws_dbt_snowflake_project.fact: create or replace transient table AIRBNB.gold.fact
    
    
    
    
    

    as (



SELECT 
        GOLD_obt.BOOKING_ID, GOLD_obt.LISTING_ID, GOLD_obt.HOST_ID,GOLD_obt.TOTAL_AMOUNT, GOLD_obt.SERVICE_FEE, GOLD_obt.CLEANING_FEE, GOLD_obt.ACCOMMODATES, GOLD_obt.BEDROOMS, GOLD_obt.BATHROOMS, GOLD_obt.PRICE_PER_NIGHT, GOLD_obt.RESPONSE_RATE

FROM
    
    
      AIRBNB.GOLD.OBT AS GOLD_obt
    
        
    
        LEFT JOIN AIRBNB.GOLD.DIM_LISTINGS AS DIM_listings
        ON GOLD_obt.listing_id = DIM_listings.listing_id
        
        
    
        LEFT JOIN AIRBNB.GOLD.DIM_HOSTS AS DIM_hosts
        ON GOLD_obt.host_id = DIM_hosts.host_id
        
        
    )

/* {"app": "dbt", "dbt_version": "1.12.5", "profile_name": "aws_dbt_snowflake_project", "target_name": "dev", "node_id": "model.aws_dbt_snowflake_project.fact"} */;
[0m16:26:25.527071 [debug] [Thread-2 (]: Opening a new connection, currently in state init
[0m16:26:26.609256 [debug] [Thread-2 (]: Snowflake adapter: Snowflake query id: 01c74890-000e-03e5-0002-3e520007532e
[0m16:26:26.609851 [debug] [Thread-2 (]: Snowflake adapter: Snowflake error: 000904 (42000): SQL compilation error: error line 13 at position 67
invalid identifier 'GOLD_OBT.TOTAL_AMOUNT'
[0m16:26:26.619911 [debug] [Thread-2 (]: Database Error in model fact (models\gold\fact.sql)
  000904 (42000): SQL compilation error: error line 13 at position 67
  invalid identifier 'GOLD_OBT.TOTAL_AMOUNT'
  compiled code at target\run\aws_dbt_snowflake_project\models\gold\fact.sql
[0m16:26:26.623998 [debug] [Thread-2 (]: Sending event: {'category': 'dbt', 'action': 'run_model', 'label': '5e94da3d-d8ff-482d-aa50-dbf35d303d6b', 'context': [<snowplow_tracker.self_describing_json.SelfDescribingJson object at 0x0000022C8FA865D0>]}
[0m16:26:26.625658 [error] [Thread-2 (]: 1 of 2 ERROR creating sql table model gold.fact ................................ [[31mERROR[0m in 1.17s]
[0m16:26:26.627125 [debug] [Thread-2 (]: Finished running node model.aws_dbt_snowflake_project.fact
[0m16:26:26.627784 [debug] [Thread-2 (]: Began running node model.aws_dbt_snowflake_project.obt
[0m16:26:26.629213 [debug] [Thread-5 (]: Marking all children of 'model.aws_dbt_snowflake_project.fact' to be skipped because of status 'error'.  Reason: Database Error in model fact (models\gold\fact.sql)
  000904 (42000): SQL compilation error: error line 13 at position 67
  invalid identifier 'GOLD_OBT.TOTAL_AMOUNT'
  compiled code at target\run\aws_dbt_snowflake_project\models\gold\fact.sql.
[0m16:26:26.628474 [info ] [Thread-2 (]: 2 of 2 START sql table model gold.obt .......................................... [RUN]
[0m16:26:26.632229 [debug] [Thread-2 (]: Re-using an available connection from the pool (formerly model.aws_dbt_snowflake_project.fact, now model.aws_dbt_snowflake_project.obt)
[0m16:26:26.633216 [debug] [Thread-2 (]: Began compiling node model.aws_dbt_snowflake_project.obt
[0m16:26:26.641895 [debug] [Thread-2 (]: Writing injected SQL for node "model.aws_dbt_snowflake_project.obt"
[0m16:26:26.643826 [debug] [Thread-2 (]: Began executing node model.aws_dbt_snowflake_project.obt
[0m16:26:26.647009 [debug] [Thread-2 (]: Writing runtime sql for node "model.aws_dbt_snowflake_project.obt"
[0m16:26:26.652567 [debug] [Thread-2 (]: Using snowflake connection "model.aws_dbt_snowflake_project.obt"
[0m16:26:26.653847 [debug] [Thread-2 (]: On model.aws_dbt_snowflake_project.obt: create or replace transient table AIRBNB.gold.obt
    
    
    
    
    

    as (



SELECT 
    
        SILVER_bookings.*,
    
        SILVER_listings.HOST_ID, SILVER_listings.PROPERTY_TYPE, SILVER_listings.ROOM_TYPE, SILVER_listings.CITY, SILVER_listings.COUNTRY, SILVER_listings.ACCOMMODATES, SILVER_listings.BEDROOMS, SILVER_listings.BATHROOMS, SILVER_listings.PRICE_PER_NIGHT, silver_listings.PRICE_PER_NIGHT_TAG, SILVER_listings.CREATED_AT AS LISTING_CREATED_AT,
    
        SILVER_hosts.HOST_NAME, SILVER_hosts.HOST_SINCE, SILVER_hosts.IS_SUPERHOST, SILVER_hosts.RESPONSE_RATE, SILVER_hosts.RESPONSE_RATE_QUALITY, SILVER_hosts.CREATED_AT AS HOST_CREATED_AT
    
FROM
    
    
      AIRBNB.SILVER.SILVER_BOOKINGS AS SILVER_bookings
    
        
    
        LEFT JOIN AIRBNB.SILVER.SILVER_LISTINGS AS SILVER_listings
        ON SILVER_bookings.listing_id = SILVER_listings.listing_id
        
        
    
        LEFT JOIN AIRBNB.SILVER.SILVER_HOSTS AS SILVER_hosts
        ON SILVER_listings.host_id = SILVER_hosts.host_id
        
        
    )

/* {"app": "dbt", "dbt_version": "1.12.5", "profile_name": "aws_dbt_snowflake_project", "target_name": "dev", "node_id": "model.aws_dbt_snowflake_project.obt"} */;
[0m16:26:27.867532 [debug] [Thread-2 (]: SQL status: SUCCESS 5000 in 1.213 seconds
[0m16:26:27.903959 [debug] [Thread-2 (]: Sending event: {'category': 'dbt', 'action': 'run_model', 'label': '5e94da3d-d8ff-482d-aa50-dbf35d303d6b', 'context': [<snowplow_tracker.self_describing_json.SelfDescribingJson object at 0x0000022C8FAD0F70>]}
[0m16:26:27.904935 [info ] [Thread-2 (]: 2 of 2 OK created sql table model gold.obt ..................................... [[32mSUCCESS 5000[0m in 1.27s]
[0m16:26:27.906266 [debug] [Thread-2 (]: Finished running node model.aws_dbt_snowflake_project.obt
[0m16:26:27.907812 [debug] [Thread-2 (]: Began running node model.aws_dbt_snowflake_project.bookings
[0m16:26:27.908488 [debug] [Thread-2 (]: Re-using an available connection from the pool (formerly model.aws_dbt_snowflake_project.obt, now model.aws_dbt_snowflake_project.bookings)
[0m16:26:27.909000 [debug] [Thread-2 (]: Began compiling node model.aws_dbt_snowflake_project.bookings
[0m16:26:27.911616 [debug] [Thread-2 (]: Writing injected SQL for node "model.aws_dbt_snowflake_project.bookings"
[0m16:26:27.914278 [debug] [Thread-2 (]: Finished running node model.aws_dbt_snowflake_project.bookings
[0m16:26:27.914882 [debug] [Thread-2 (]: Began running node model.aws_dbt_snowflake_project.hosts
[0m16:26:27.915656 [debug] [Thread-2 (]: Re-using an available connection from the pool (formerly model.aws_dbt_snowflake_project.bookings, now model.aws_dbt_snowflake_project.hosts)
[0m16:26:27.916216 [debug] [Thread-2 (]: Began compiling node model.aws_dbt_snowflake_project.hosts
[0m16:26:27.918512 [debug] [Thread-2 (]: Writing injected SQL for node "model.aws_dbt_snowflake_project.hosts"
[0m16:26:27.920234 [debug] [Thread-2 (]: Finished running node model.aws_dbt_snowflake_project.hosts
[0m16:26:27.920831 [debug] [Thread-2 (]: Began running node model.aws_dbt_snowflake_project.listings
[0m16:26:27.921306 [debug] [Thread-2 (]: Re-using an available connection from the pool (formerly model.aws_dbt_snowflake_project.hosts, now model.aws_dbt_snowflake_project.listings)
[0m16:26:27.921716 [debug] [Thread-2 (]: Began compiling node model.aws_dbt_snowflake_project.listings
[0m16:26:27.924670 [debug] [Thread-2 (]: Writing injected SQL for node "model.aws_dbt_snowflake_project.listings"
[0m16:26:27.927725 [debug] [Thread-2 (]: Finished running node model.aws_dbt_snowflake_project.listings
[0m16:26:27.930135 [debug] [MainThread]: Connection 'master' was properly closed.
[0m16:26:27.930702 [debug] [MainThread]: Connection 'list_AIRBNB' was left open.
[0m16:26:27.931153 [debug] [MainThread]: On list_AIRBNB: Close
[0m16:26:28.256572 [debug] [MainThread]: Connection 'list_AIRBNB_silver' was left open.
[0m16:26:28.257477 [debug] [MainThread]: On list_AIRBNB_silver: Close
[0m16:26:28.604658 [debug] [MainThread]: Connection 'model.aws_dbt_snowflake_project.listings' was left open.
[0m16:26:28.605250 [debug] [MainThread]: On model.aws_dbt_snowflake_project.listings: Close
[0m16:26:28.928994 [info ] [MainThread]: 
[0m16:26:28.930934 [info ] [MainThread]: Finished running 2 table models in 0 hours 0 minutes and 8.32 seconds (8.32s).
[0m16:26:28.934912 [debug] [MainThread]: Command end result
[0m16:26:29.004358 [debug] [MainThread]: Wrote artifact WritableManifest to C:\Users\samee\OneDrive\Desktop\aws_dbt_snowflake\aws_dbt_snowflake_project\target\manifest.json
[0m16:26:29.010982 [debug] [MainThread]: Wrote artifact SemanticManifest to C:\Users\samee\OneDrive\Desktop\aws_dbt_snowflake\aws_dbt_snowflake_project\target\semantic_manifest.json
[0m16:26:29.015446 [debug] [MainThread]: Wrote artifact OsiDocument to C:\Users\samee\OneDrive\Desktop\aws_dbt_snowflake\aws_dbt_snowflake_project\target\osi_document.json
[0m16:26:29.024730 [debug] [MainThread]: Wrote artifact RunExecutionResult to C:\Users\samee\OneDrive\Desktop\aws_dbt_snowflake\aws_dbt_snowflake_project\target\run_results.json
[0m16:26:29.025233 [info ] [MainThread]: 
[0m16:26:29.025920 [info ] [MainThread]: [31mCompleted with 1 error, 0 partial successes, and 0 warnings:[0m
[0m16:26:29.026564 [info ] [MainThread]: 
[0m16:26:29.027245 [error] [MainThread]: [[31mERROR[0m]: in model fact (models\gold\fact.sql)
[0m16:26:29.027931 [error] [MainThread]:   Database Error in model fact (models\gold\fact.sql)
  000904 (42000): SQL compilation error: error line 13 at position 67
  invalid identifier 'GOLD_OBT.TOTAL_AMOUNT'
  compiled code at target\run\aws_dbt_snowflake_project\models\gold\fact.sql
[0m16:26:29.028512 [info ] [MainThread]: 
[0m16:26:29.029160 [info ] [MainThread]:   compiled code at target\compiled\aws_dbt_snowflake_project\models\gold\fact.sql
[0m16:26:29.029709 [info ] [MainThread]: 
[0m16:26:29.030298 [info ] [MainThread]: Done. PASS=1 WARN=0 ERROR=1 SKIP=0 NO-OP=0 REUSED=0 TOTAL=2
[0m16:26:29.032054 [debug] [MainThread]: Command `dbt run` failed at 16:26:29.031819 after 10.60 seconds
[0m16:26:29.032709 [debug] [MainThread]: Sending event: {'category': 'dbt', 'action': 'invocation', 'label': 'end', 'context': [<snowplow_tracker.self_describing_json.SelfDescribingJson object at 0x0000022C8FAC5BD0>, <snowplow_tracker.self_describing_json.SelfDescribingJson object at 0x0000022C8FC3A330>, <snowplow_tracker.self_describing_json.SelfDescribingJson object at 0x0000022C8FA646D0>]}
[0m16:26:29.033875 [debug] [MainThread]: Flushing usage events
[0m16:26:30.379757 [debug] [MainThread]: An error was encountered while trying to flush usage events
[0m16:26:56.642936 [debug] [MainThread]: Sending event: {'category': 'dbt', 'action': 'invocation', 'label': 'start', 'context': [<snowplow_tracker.self_describing_json.SelfDescribingJson object at 0x000002C177B1E900>, <snowplow_tracker.self_describing_json.SelfDescribingJson object at 0x000002C17A17FED0>, <snowplow_tracker.self_describing_json.SelfDescribingJson object at 0x000002C17A17FB10>]}


============================== 16:26:56.648098 | d4f78ab1-043e-4fe4-8b06-a3e36a981851 ==============================
[0m16:26:56.648098 [info ] [MainThread]: Running with dbt=1.12.5
[0m16:26:56.649112 [debug] [MainThread]: running dbt with arguments {'version_check': 'True', 'no_print': 'None', 'static_parser': 'True', 'warn_error_options': 'WarnErrorOptionsV2(error=[], warn=[], silence=[])', 'target_path': 'None', 'maximum_seed_size_mib': '1', 'printer_width': '80', 'write_json': 'True', 'empty': 'False', 'log_cache_events': 'False', 'introspect': 'True', 'cache_selected_only': 'False', 'fail_fast': 'False', 'debug': 'False', 'log_format': 'default', 'partial_parse': 'True', 'send_anonymous_usage_stats': 'True', 'quiet': 'False', 'warn_error': 'None', 'profiles_dir': 'C:\\Users\\samee\\OneDrive\\Desktop\\aws_dbt_snowflake\\aws_dbt_snowflake_project', 'indirect_selection': 'eager', 'hints_enabled': 'True', 'use_colors': 'True', 'use_experimental_parser': 'False', 'invocation_command': 'dbt run --select gold', 'log_path': 'C:\\Users\\samee\\OneDrive\\Desktop\\aws_dbt_snowflake\\aws_dbt_snowflake_project\\logs'}
[0m16:26:57.190087 [debug] [MainThread]: Snowflake adapter: Setting snowflake.connector to ERROR (file logging only)
[0m16:26:57.190893 [debug] [MainThread]: Snowflake adapter: Setting botocore to ERROR (file logging only)
[0m16:26:57.191453 [debug] [MainThread]: Snowflake adapter: Setting boto3 to ERROR (file logging only)
[0m16:26:57.535547 [debug] [MainThread]: Sending event: {'category': 'dbt', 'action': 'project_id', 'label': 'd4f78ab1-043e-4fe4-8b06-a3e36a981851', 'context': [<snowplow_tracker.self_describing_json.SelfDescribingJson object at 0x000002C178042FD0>]}
[0m16:26:57.616775 [debug] [MainThread]: Sending event: {'category': 'dbt', 'action': 'adapter_info', 'label': 'd4f78ab1-043e-4fe4-8b06-a3e36a981851', 'context': [<snowplow_tracker.self_describing_json.SelfDescribingJson object at 0x000002C178698380>]}
[0m16:26:57.618373 [info ] [MainThread]: Registered adapter: snowflake=1.12.1
[0m16:26:58.025811 [debug] [MainThread]: checksum: 0ee1a1dce6b94271f7f4877021b9467e87e858ea987b298e8ea9f7304295ef8e, vars: {}, profile: aws_dbt_snowflake_project, target: dev, version: 1.12.5
[0m16:26:58.281460 [debug] [MainThread]: Partial parsing enabled: 0 files deleted, 0 files added, 0 files changed.
[0m16:26:58.282142 [debug] [MainThread]: Nothing changed, skipping partial parsing.
[0m16:26:58.282633 [debug] [MainThread]: Partial parsing enabled, no changes found, skipping parsing
[0m16:26:58.295189 [debug] [MainThread]: Sending event: {'category': 'dbt', 'action': 'load_project', 'label': 'd4f78ab1-043e-4fe4-8b06-a3e36a981851', 'context': [<snowplow_tracker.self_describing_json.SelfDescribingJson object at 0x000002C17D180F50>]}
[0m16:26:58.530853 [debug] [MainThread]: Wrote artifact WritableManifest to C:\Users\samee\OneDrive\Desktop\aws_dbt_snowflake\aws_dbt_snowflake_project\target\manifest.json
[0m16:26:58.535612 [debug] [MainThread]: Wrote artifact SemanticManifest to C:\Users\samee\OneDrive\Desktop\aws_dbt_snowflake\aws_dbt_snowflake_project\target\semantic_manifest.json
[0m16:26:58.579781 [debug] [MainThread]: Wrote artifact OsiDocument to C:\Users\samee\OneDrive\Desktop\aws_dbt_snowflake\aws_dbt_snowflake_project\target\osi_document.json
[0m16:26:58.596001 [debug] [MainThread]: Sending event: {'category': 'dbt', 'action': 'resource_counts', 'label': 'd4f78ab1-043e-4fe4-8b06-a3e36a981851', 'context': [<snowplow_tracker.self_describing_json.SelfDescribingJson object at 0x000002C17D2CE5D0>]}
[0m16:26:58.597111 [info ] [MainThread]: Found 11 models, 2 analyses, 3 snapshots, 3 sources, 566 macros
[0m16:26:58.597774 [debug] [MainThread]: Sending event: {'category': 'dbt', 'action': 'runnable_timing', 'label': 'd4f78ab1-043e-4fe4-8b06-a3e36a981851', 'context': [<snowplow_tracker.self_describing_json.SelfDescribingJson object at 0x000002C17D2C3150>]}
[0m16:26:58.600059 [info ] [MainThread]: 
[0m16:26:58.600800 [info ] [MainThread]: Concurrency: 1 threads (target='dev')
[0m16:26:58.601611 [info ] [MainThread]: 
[0m16:26:58.602494 [debug] [MainThread]: Acquiring new snowflake connection 'master'
[0m16:26:58.612537 [debug] [ThreadPool]: Acquiring new snowflake connection 'list_AIRBNB'
[0m16:26:58.645748 [debug] [ThreadPool]: Using snowflake connection "list_AIRBNB"
[0m16:26:58.646708 [debug] [ThreadPool]: On list_AIRBNB: show terse schemas in database AIRBNB
    limit 10000
/* {"app": "dbt", "dbt_version": "1.12.5", "profile_name": "aws_dbt_snowflake_project", "target_name": "dev", "connection_name": "list_AIRBNB"} */
[0m16:26:58.647590 [debug] [ThreadPool]: Opening a new connection, currently in state init
[0m16:27:00.092630 [debug] [ThreadPool]: SQL status: SUCCESS 8 in 1.445 seconds
[0m16:27:00.099846 [debug] [ThreadPool]: Acquiring new snowflake connection 'list_AIRBNB_silver'
[0m16:27:00.125322 [debug] [ThreadPool]: Using snowflake connection "list_AIRBNB_silver"
[0m16:27:00.125958 [debug] [ThreadPool]: On list_AIRBNB_silver: show objects in AIRBNB.silver
    limit 10000
    

/* {"app": "dbt", "dbt_version": "1.12.5", "profile_name": "aws_dbt_snowflake_project", "target_name": "dev", "connection_name": "list_AIRBNB_silver"} */;
[0m16:27:00.126458 [debug] [ThreadPool]: Opening a new connection, currently in state init
[0m16:27:01.087859 [debug] [ThreadPool]: SQL status: SUCCESS 3 in 0.961 seconds
[0m16:27:01.096522 [debug] [ThreadPool]: Using snowflake connection "list_AIRBNB_silver"
[0m16:27:01.096974 [debug] [ThreadPool]: On list_AIRBNB_silver: show user functions in AIRBNB.silver
/* {"app": "dbt", "dbt_version": "1.12.5", "profile_name": "aws_dbt_snowflake_project", "target_name": "dev", "connection_name": "list_AIRBNB_silver"} */
[0m16:27:01.284055 [debug] [ThreadPool]: SQL status: SUCCESS 0 in 0.187 seconds
[0m16:27:01.286715 [debug] [ThreadPool]: Re-using an available connection from the pool (formerly list_AIRBNB_silver, now list_AIRBNB_bronze)
[0m16:27:01.289661 [debug] [ThreadPool]: Using snowflake connection "list_AIRBNB_bronze"
[0m16:27:01.290162 [debug] [ThreadPool]: On list_AIRBNB_bronze: show objects in AIRBNB.bronze
    limit 10000
    

/* {"app": "dbt", "dbt_version": "1.12.5", "profile_name": "aws_dbt_snowflake_project", "target_name": "dev", "connection_name": "list_AIRBNB_bronze"} */;
[0m16:27:01.502556 [debug] [ThreadPool]: SQL status: SUCCESS 3 in 0.212 seconds
[0m16:27:01.509173 [debug] [ThreadPool]: Using snowflake connection "list_AIRBNB_bronze"
[0m16:27:01.510291 [debug] [ThreadPool]: On list_AIRBNB_bronze: show user functions in AIRBNB.bronze
/* {"app": "dbt", "dbt_version": "1.12.5", "profile_name": "aws_dbt_snowflake_project", "target_name": "dev", "connection_name": "list_AIRBNB_bronze"} */
[0m16:27:01.725597 [debug] [ThreadPool]: SQL status: SUCCESS 0 in 0.214 seconds
[0m16:27:01.727874 [debug] [ThreadPool]: Re-using an available connection from the pool (formerly list_AIRBNB_bronze, now list_AIRBNB_gold)
[0m16:27:01.729641 [debug] [ThreadPool]: Using snowflake connection "list_AIRBNB_gold"
[0m16:27:01.730115 [debug] [ThreadPool]: On list_AIRBNB_gold: show objects in AIRBNB.gold
    limit 10000
    

/* {"app": "dbt", "dbt_version": "1.12.5", "profile_name": "aws_dbt_snowflake_project", "target_name": "dev", "connection_name": "list_AIRBNB_gold"} */;
[0m16:27:01.941121 [debug] [ThreadPool]: SQL status: SUCCESS 5 in 0.210 seconds
[0m16:27:01.946284 [debug] [ThreadPool]: Using snowflake connection "list_AIRBNB_gold"
[0m16:27:01.947013 [debug] [ThreadPool]: On list_AIRBNB_gold: show user functions in AIRBNB.gold
/* {"app": "dbt", "dbt_version": "1.12.5", "profile_name": "aws_dbt_snowflake_project", "target_name": "dev", "connection_name": "list_AIRBNB_gold"} */
[0m16:27:02.220558 [debug] [ThreadPool]: SQL status: SUCCESS 0 in 0.273 seconds
[0m16:27:02.225087 [debug] [MainThread]: Sending event: {'category': 'dbt', 'action': 'runnable_timing', 'label': 'd4f78ab1-043e-4fe4-8b06-a3e36a981851', 'context': [<snowplow_tracker.self_describing_json.SelfDescribingJson object at 0x000002C17D4A8460>]}
[0m16:27:02.230600 [debug] [Thread-2 (]: Began running node model.aws_dbt_snowflake_project.fact
[0m16:27:02.231401 [info ] [Thread-2 (]: 1 of 2 START sql table model gold.fact ......................................... [RUN]
[0m16:27:02.232523 [debug] [Thread-2 (]: Acquiring new snowflake connection 'model.aws_dbt_snowflake_project.fact'
[0m16:27:02.233094 [debug] [Thread-2 (]: Began compiling node model.aws_dbt_snowflake_project.fact
[0m16:27:02.245843 [debug] [Thread-2 (]: Writing injected SQL for node "model.aws_dbt_snowflake_project.fact"
[0m16:27:02.247330 [debug] [Thread-2 (]: Began executing node model.aws_dbt_snowflake_project.fact
[0m16:27:02.299691 [debug] [Thread-2 (]: Writing runtime sql for node "model.aws_dbt_snowflake_project.fact"
[0m16:27:02.302482 [debug] [Thread-2 (]: Using snowflake connection "model.aws_dbt_snowflake_project.fact"
[0m16:27:02.303194 [debug] [Thread-2 (]: On model.aws_dbt_snowflake_project.fact: create or replace transient table AIRBNB.gold.fact
    
    
    
    
    

    as (



SELECT 
        GOLD_obt.BOOKING_ID, GOLD_obt.LISTING_ID, GOLD_obt.HOST_ID, GOLD_obt.SERVICE_FEE, GOLD_obt.CLEANING_FEE, GOLD_obt.ACCOMMODATES, GOLD_obt.BEDROOMS, GOLD_obt.BATHROOMS, GOLD_obt.PRICE_PER_NIGHT, GOLD_obt.RESPONSE_RATE

FROM
    
    
      AIRBNB.GOLD.OBT AS GOLD_obt
    
        
    
        LEFT JOIN AIRBNB.GOLD.DIM_LISTINGS AS DIM_listings
        ON GOLD_obt.listing_id = DIM_listings.listing_id
        
        
    
        LEFT JOIN AIRBNB.GOLD.DIM_HOSTS AS DIM_hosts
        ON GOLD_obt.host_id = DIM_hosts.host_id
        
        
    )

/* {"app": "dbt", "dbt_version": "1.12.5", "profile_name": "aws_dbt_snowflake_project", "target_name": "dev", "node_id": "model.aws_dbt_snowflake_project.fact"} */;
[0m16:27:02.303801 [debug] [Thread-2 (]: Opening a new connection, currently in state init
[0m16:27:05.894047 [debug] [Thread-2 (]: SQL status: SUCCESS 1925792 in 3.590 seconds
[0m16:27:05.926037 [debug] [Thread-2 (]: Sending event: {'category': 'dbt', 'action': 'run_model', 'label': 'd4f78ab1-043e-4fe4-8b06-a3e36a981851', 'context': [<snowplow_tracker.self_describing_json.SelfDescribingJson object at 0x000002C17D2E6450>]}
[0m16:27:05.926944 [info ] [Thread-2 (]: 1 of 2 OK created sql table model gold.fact .................................... [[32mSUCCESS 1925792[0m in 3.69s]
[0m16:27:05.928037 [debug] [Thread-2 (]: Finished running node model.aws_dbt_snowflake_project.fact
[0m16:27:05.928612 [debug] [Thread-2 (]: Began running node model.aws_dbt_snowflake_project.obt
[0m16:27:05.929369 [info ] [Thread-2 (]: 2 of 2 START sql table model gold.obt .......................................... [RUN]
[0m16:27:05.930192 [debug] [Thread-2 (]: Re-using an available connection from the pool (formerly model.aws_dbt_snowflake_project.fact, now model.aws_dbt_snowflake_project.obt)
[0m16:27:05.930691 [debug] [Thread-2 (]: Began compiling node model.aws_dbt_snowflake_project.obt
[0m16:27:05.936244 [debug] [Thread-2 (]: Writing injected SQL for node "model.aws_dbt_snowflake_project.obt"
[0m16:27:05.938147 [debug] [Thread-2 (]: Began executing node model.aws_dbt_snowflake_project.obt
[0m16:27:05.943240 [debug] [Thread-2 (]: Writing runtime sql for node "model.aws_dbt_snowflake_project.obt"
[0m16:27:05.948308 [debug] [Thread-2 (]: Using snowflake connection "model.aws_dbt_snowflake_project.obt"
[0m16:27:05.949532 [debug] [Thread-2 (]: On model.aws_dbt_snowflake_project.obt: create or replace transient table AIRBNB.gold.obt
    
    
    
    
    

    as (



SELECT 
    
        SILVER_bookings.*,
    
        SILVER_listings.HOST_ID, SILVER_listings.PROPERTY_TYPE, SILVER_listings.ROOM_TYPE, SILVER_listings.CITY, SILVER_listings.COUNTRY, SILVER_listings.ACCOMMODATES, SILVER_listings.BEDROOMS, SILVER_listings.BATHROOMS, SILVER_listings.PRICE_PER_NIGHT, silver_listings.PRICE_PER_NIGHT_TAG, SILVER_listings.CREATED_AT AS LISTING_CREATED_AT,
    
        SILVER_hosts.HOST_NAME, SILVER_hosts.HOST_SINCE, SILVER_hosts.IS_SUPERHOST, SILVER_hosts.RESPONSE_RATE, SILVER_hosts.RESPONSE_RATE_QUALITY, SILVER_hosts.CREATED_AT AS HOST_CREATED_AT
    
FROM
    
    
      AIRBNB.SILVER.SILVER_BOOKINGS AS SILVER_bookings
    
        
    
        LEFT JOIN AIRBNB.SILVER.SILVER_LISTINGS AS SILVER_listings
        ON SILVER_bookings.listing_id = SILVER_listings.listing_id
        
        
    
        LEFT JOIN AIRBNB.SILVER.SILVER_HOSTS AS SILVER_hosts
        ON SILVER_listings.host_id = SILVER_hosts.host_id
        
        
    )

/* {"app": "dbt", "dbt_version": "1.12.5", "profile_name": "aws_dbt_snowflake_project", "target_name": "dev", "node_id": "model.aws_dbt_snowflake_project.obt"} */;
[0m16:27:06.522642 [debug] [Thread-2 (]: SQL status: SUCCESS 5000 in 0.572 seconds
[0m16:27:06.525666 [debug] [Thread-2 (]: Sending event: {'category': 'dbt', 'action': 'run_model', 'label': 'd4f78ab1-043e-4fe4-8b06-a3e36a981851', 'context': [<snowplow_tracker.self_describing_json.SelfDescribingJson object at 0x000002C17D32D390>]}
[0m16:27:06.526469 [info ] [Thread-2 (]: 2 of 2 OK created sql table model gold.obt ..................................... [[32mSUCCESS 5000[0m in 0.60s]
[0m16:27:06.527525 [debug] [Thread-2 (]: Finished running node model.aws_dbt_snowflake_project.obt
[0m16:27:06.528601 [debug] [Thread-2 (]: Began running node model.aws_dbt_snowflake_project.bookings
[0m16:27:06.529147 [debug] [Thread-2 (]: Re-using an available connection from the pool (formerly model.aws_dbt_snowflake_project.obt, now model.aws_dbt_snowflake_project.bookings)
[0m16:27:06.529617 [debug] [Thread-2 (]: Began compiling node model.aws_dbt_snowflake_project.bookings
[0m16:27:06.532081 [debug] [Thread-2 (]: Writing injected SQL for node "model.aws_dbt_snowflake_project.bookings"
[0m16:27:06.534666 [debug] [Thread-2 (]: Finished running node model.aws_dbt_snowflake_project.bookings
[0m16:27:06.535706 [debug] [Thread-2 (]: Began running node model.aws_dbt_snowflake_project.hosts
[0m16:27:06.536731 [debug] [Thread-2 (]: Re-using an available connection from the pool (formerly model.aws_dbt_snowflake_project.bookings, now model.aws_dbt_snowflake_project.hosts)
[0m16:27:06.537770 [debug] [Thread-2 (]: Began compiling node model.aws_dbt_snowflake_project.hosts
[0m16:27:06.541398 [debug] [Thread-2 (]: Writing injected SQL for node "model.aws_dbt_snowflake_project.hosts"
[0m16:27:06.543702 [debug] [Thread-2 (]: Finished running node model.aws_dbt_snowflake_project.hosts
[0m16:27:06.544744 [debug] [Thread-2 (]: Began running node model.aws_dbt_snowflake_project.listings
[0m16:27:06.546004 [debug] [Thread-2 (]: Re-using an available connection from the pool (formerly model.aws_dbt_snowflake_project.hosts, now model.aws_dbt_snowflake_project.listings)
[0m16:27:06.546976 [debug] [Thread-2 (]: Began compiling node model.aws_dbt_snowflake_project.listings
[0m16:27:06.549948 [debug] [Thread-2 (]: Writing injected SQL for node "model.aws_dbt_snowflake_project.listings"
[0m16:27:06.552131 [debug] [Thread-2 (]: Finished running node model.aws_dbt_snowflake_project.listings
[0m16:27:06.554540 [debug] [MainThread]: Connection 'master' was properly closed.
[0m16:27:06.555435 [debug] [MainThread]: Connection 'list_AIRBNB' was left open.
[0m16:27:06.556104 [debug] [MainThread]: On list_AIRBNB: Close
[0m16:27:06.935637 [debug] [MainThread]: Connection 'list_AIRBNB_gold' was left open.
[0m16:27:06.936986 [debug] [MainThread]: On list_AIRBNB_gold: Close
[0m16:27:07.267877 [debug] [MainThread]: Connection 'model.aws_dbt_snowflake_project.listings' was left open.
[0m16:27:07.269049 [debug] [MainThread]: On model.aws_dbt_snowflake_project.listings: Close
[0m16:27:07.589224 [info ] [MainThread]: 
[0m16:27:07.590861 [info ] [MainThread]: Finished running 2 table models in 0 hours 0 minutes and 8.99 seconds (8.99s).
[0m16:27:07.594218 [debug] [MainThread]: Command end result
[0m16:27:07.668676 [debug] [MainThread]: Wrote artifact WritableManifest to C:\Users\samee\OneDrive\Desktop\aws_dbt_snowflake\aws_dbt_snowflake_project\target\manifest.json
[0m16:27:07.673527 [debug] [MainThread]: Wrote artifact SemanticManifest to C:\Users\samee\OneDrive\Desktop\aws_dbt_snowflake\aws_dbt_snowflake_project\target\semantic_manifest.json
[0m16:27:07.678004 [debug] [MainThread]: Wrote artifact OsiDocument to C:\Users\samee\OneDrive\Desktop\aws_dbt_snowflake\aws_dbt_snowflake_project\target\osi_document.json
[0m16:27:07.687058 [debug] [MainThread]: Wrote artifact RunExecutionResult to C:\Users\samee\OneDrive\Desktop\aws_dbt_snowflake\aws_dbt_snowflake_project\target\run_results.json
[0m16:27:07.687532 [info ] [MainThread]: 
[0m16:27:07.688250 [info ] [MainThread]: [32mCompleted successfully[0m
[0m16:27:07.688896 [info ] [MainThread]: 
[0m16:27:07.689580 [info ] [MainThread]: Done. PASS=2 WARN=0 ERROR=0 SKIP=0 NO-OP=0 REUSED=0 TOTAL=2
[0m16:27:07.691155 [debug] [MainThread]: Command `dbt run` succeeded at 16:27:07.691016 after 11.23 seconds
[0m16:27:07.691573 [debug] [MainThread]: Sending event: {'category': 'dbt', 'action': 'invocation', 'label': 'end', 'context': [<snowplow_tracker.self_describing_json.SelfDescribingJson object at 0x000002C17D4DB930>, <snowplow_tracker.self_describing_json.SelfDescribingJson object at 0x000002C17D49A450>, <snowplow_tracker.self_describing_json.SelfDescribingJson object at 0x000002C17D2C46D0>]}
[0m16:27:07.691982 [debug] [MainThread]: Flushing usage events
[0m16:27:09.099572 [debug] [MainThread]: An error was encountered while trying to flush usage events
[0m16:41:14.891930 [debug] [MainThread]: Sending event: {'category': 'dbt', 'action': 'invocation', 'label': 'start', 'context': [<snowplow_tracker.self_describing_json.SelfDescribingJson object at 0x00000172D880E900>, <snowplow_tracker.self_describing_json.SelfDescribingJson object at 0x00000172DAE73ED0>, <snowplow_tracker.self_describing_json.SelfDescribingJson object at 0x00000172DAE73B10>]}


============================== 16:41:14.899353 | 9f9c8fb3-ae16-43c3-8c05-3d662ce1813f ==============================
[0m16:41:14.899353 [info ] [MainThread]: Running with dbt=1.12.5
[0m16:41:14.900514 [debug] [MainThread]: running dbt with arguments {'version_check': 'True', 'no_print': 'None', 'maximum_seed_size_mib': '1', 'warn_error_options': 'WarnErrorOptionsV2(error=[], warn=[], silence=[])', 'static_parser': 'True', 'target_path': 'None', 'printer_width': '80', 'write_json': 'True', 'empty': 'False', 'log_cache_events': 'False', 'introspect': 'True', 'cache_selected_only': 'False', 'fail_fast': 'False', 'debug': 'False', 'log_format': 'default', 'profiles_dir': 'C:\\Users\\samee\\OneDrive\\Desktop\\aws_dbt_snowflake\\aws_dbt_snowflake_project', 'send_anonymous_usage_stats': 'True', 'quiet': 'False', 'warn_error': 'None', 'partial_parse': 'True', 'use_colors': 'True', 'hints_enabled': 'True', 'indirect_selection': 'eager', 'use_experimental_parser': 'False', 'invocation_command': 'dbt build', 'log_path': 'C:\\Users\\samee\\OneDrive\\Desktop\\aws_dbt_snowflake\\aws_dbt_snowflake_project\\logs'}
[0m16:41:15.730234 [debug] [MainThread]: Snowflake adapter: Setting snowflake.connector to ERROR (file logging only)
[0m16:41:15.730955 [debug] [MainThread]: Snowflake adapter: Setting botocore to ERROR (file logging only)
[0m16:41:15.731608 [debug] [MainThread]: Snowflake adapter: Setting boto3 to ERROR (file logging only)
[0m16:41:16.215620 [debug] [MainThread]: Sending event: {'category': 'dbt', 'action': 'project_id', 'label': '9f9c8fb3-ae16-43c3-8c05-3d662ce1813f', 'context': [<snowplow_tracker.self_describing_json.SelfDescribingJson object at 0x00000172D8D2EFD0>]}
[0m16:41:16.298986 [debug] [MainThread]: Sending event: {'category': 'dbt', 'action': 'adapter_info', 'label': '9f9c8fb3-ae16-43c3-8c05-3d662ce1813f', 'context': [<snowplow_tracker.self_describing_json.SelfDescribingJson object at 0x00000172D9388380>]}
[0m16:41:16.303370 [info ] [MainThread]: Registered adapter: snowflake=1.12.1
[0m16:41:16.727683 [debug] [MainThread]: checksum: 0ee1a1dce6b94271f7f4877021b9467e87e858ea987b298e8ea9f7304295ef8e, vars: {}, profile: aws_dbt_snowflake_project, target: dev, version: 1.12.5
[0m16:41:16.982686 [debug] [MainThread]: Partial parsing enabled: 0 files deleted, 0 files added, 0 files changed.
[0m16:41:16.983136 [debug] [MainThread]: Nothing changed, skipping partial parsing.
[0m16:41:16.983493 [debug] [MainThread]: Partial parsing enabled, no changes found, skipping parsing
[0m16:41:16.995182 [debug] [MainThread]: Sending event: {'category': 'dbt', 'action': 'load_project', 'label': '9f9c8fb3-ae16-43c3-8c05-3d662ce1813f', 'context': [<snowplow_tracker.self_describing_json.SelfDescribingJson object at 0x00000172DCE00F50>]}
[0m16:41:17.216311 [debug] [MainThread]: Wrote artifact WritableManifest to C:\Users\samee\OneDrive\Desktop\aws_dbt_snowflake\aws_dbt_snowflake_project\target\manifest.json
[0m16:41:17.222693 [debug] [MainThread]: Wrote artifact SemanticManifest to C:\Users\samee\OneDrive\Desktop\aws_dbt_snowflake\aws_dbt_snowflake_project\target\semantic_manifest.json
[0m16:41:17.304230 [debug] [MainThread]: Wrote artifact OsiDocument to C:\Users\samee\OneDrive\Desktop\aws_dbt_snowflake\aws_dbt_snowflake_project\target\osi_document.json
[0m16:41:17.360496 [debug] [MainThread]: Sending event: {'category': 'dbt', 'action': 'resource_counts', 'label': '9f9c8fb3-ae16-43c3-8c05-3d662ce1813f', 'context': [<snowplow_tracker.self_describing_json.SelfDescribingJson object at 0x00000172DDEB9040>]}
[0m16:41:17.361422 [info ] [MainThread]: Found 11 models, 2 analyses, 3 snapshots, 3 sources, 566 macros
[0m16:41:17.366469 [info ] [MainThread]: 
[0m16:41:17.367154 [info ] [MainThread]: Concurrency: 1 threads (target='dev')
[0m16:41:17.367764 [info ] [MainThread]: 
[0m16:41:17.368674 [debug] [MainThread]: Acquiring new snowflake connection 'master'
[0m16:41:17.377250 [debug] [ThreadPool]: Acquiring new snowflake connection 'list_AIRBNB'
[0m16:41:17.399772 [debug] [ThreadPool]: Using snowflake connection "list_AIRBNB"
[0m16:41:17.400260 [debug] [ThreadPool]: On list_AIRBNB: show terse schemas in database AIRBNB
    limit 10000
/* {"app": "dbt", "dbt_version": "1.12.5", "profile_name": "aws_dbt_snowflake_project", "target_name": "dev", "connection_name": "list_AIRBNB"} */
[0m16:41:17.400632 [debug] [ThreadPool]: Opening a new connection, currently in state init
[0m16:41:18.904423 [debug] [ThreadPool]: SQL status: SUCCESS 8 in 1.503 seconds
[0m16:41:18.908323 [debug] [ThreadPool]: Using snowflake connection "list_AIRBNB"
[0m16:41:18.908826 [debug] [ThreadPool]: On list_AIRBNB: show terse schemas in database AIRBNB
    limit 10000
/* {"app": "dbt", "dbt_version": "1.12.5", "profile_name": "aws_dbt_snowflake_project", "target_name": "dev", "connection_name": "list_AIRBNB"} */
[0m16:41:19.119693 [debug] [ThreadPool]: SQL status: SUCCESS 8 in 0.210 seconds
[0m16:41:19.123501 [debug] [ThreadPool]: Using snowflake connection "list_AIRBNB"
[0m16:41:19.124122 [debug] [ThreadPool]: On list_AIRBNB: show terse schemas in database AIRBNB
    limit 10000
/* {"app": "dbt", "dbt_version": "1.12.5", "profile_name": "aws_dbt_snowflake_project", "target_name": "dev", "connection_name": "list_AIRBNB"} */
[0m16:41:21.247098 [debug] [ThreadPool]: SQL status: SUCCESS 8 in 2.122 seconds
[0m16:41:21.260039 [debug] [ThreadPool]: Acquiring new snowflake connection 'list_AIRBNB_silver'
[0m16:41:21.285681 [debug] [ThreadPool]: Using snowflake connection "list_AIRBNB_silver"
[0m16:41:21.286331 [debug] [ThreadPool]: On list_AIRBNB_silver: show objects in AIRBNB.silver
    limit 10000
    

/* {"app": "dbt", "dbt_version": "1.12.5", "profile_name": "aws_dbt_snowflake_project", "target_name": "dev", "connection_name": "list_AIRBNB_silver"} */;
[0m16:41:21.286926 [debug] [ThreadPool]: Opening a new connection, currently in state init
[0m16:41:22.709663 [debug] [ThreadPool]: SQL status: SUCCESS 3 in 1.423 seconds
[0m16:41:22.723376 [debug] [ThreadPool]: Using snowflake connection "list_AIRBNB_silver"
[0m16:41:22.724108 [debug] [ThreadPool]: On list_AIRBNB_silver: show user functions in AIRBNB.silver
/* {"app": "dbt", "dbt_version": "1.12.5", "profile_name": "aws_dbt_snowflake_project", "target_name": "dev", "connection_name": "list_AIRBNB_silver"} */
[0m16:41:22.941028 [debug] [ThreadPool]: SQL status: SUCCESS 0 in 0.216 seconds
[0m16:41:22.949403 [debug] [ThreadPool]: Re-using an available connection from the pool (formerly list_AIRBNB_silver, now list_AIRBNB_gold)
[0m16:41:22.954476 [debug] [ThreadPool]: Using snowflake connection "list_AIRBNB_gold"
[0m16:41:22.957509 [debug] [ThreadPool]: On list_AIRBNB_gold: show objects in AIRBNB.gold
    limit 10000
    

/* {"app": "dbt", "dbt_version": "1.12.5", "profile_name": "aws_dbt_snowflake_project", "target_name": "dev", "connection_name": "list_AIRBNB_gold"} */;
[0m16:41:23.289740 [debug] [ThreadPool]: SQL status: SUCCESS 5 in 0.331 seconds
[0m16:41:23.297547 [debug] [ThreadPool]: Using snowflake connection "list_AIRBNB_gold"
[0m16:41:23.298707 [debug] [ThreadPool]: On list_AIRBNB_gold: show user functions in AIRBNB.gold
/* {"app": "dbt", "dbt_version": "1.12.5", "profile_name": "aws_dbt_snowflake_project", "target_name": "dev", "connection_name": "list_AIRBNB_gold"} */
[0m16:41:23.524546 [debug] [ThreadPool]: SQL status: SUCCESS 0 in 0.225 seconds
[0m16:41:23.533483 [debug] [ThreadPool]: Re-using an available connection from the pool (formerly list_AIRBNB_gold, now list_AIRBNB_bronze)
[0m16:41:23.542005 [debug] [ThreadPool]: Using snowflake connection "list_AIRBNB_bronze"
[0m16:41:23.543110 [debug] [ThreadPool]: On list_AIRBNB_bronze: show objects in AIRBNB.bronze
    limit 10000
    

/* {"app": "dbt", "dbt_version": "1.12.5", "profile_name": "aws_dbt_snowflake_project", "target_name": "dev", "connection_name": "list_AIRBNB_bronze"} */;
[0m16:41:23.784327 [debug] [ThreadPool]: SQL status: SUCCESS 3 in 0.240 seconds
[0m16:41:23.792254 [debug] [ThreadPool]: Using snowflake connection "list_AIRBNB_bronze"
[0m16:41:23.793191 [debug] [ThreadPool]: On list_AIRBNB_bronze: show user functions in AIRBNB.bronze
/* {"app": "dbt", "dbt_version": "1.12.5", "profile_name": "aws_dbt_snowflake_project", "target_name": "dev", "connection_name": "list_AIRBNB_bronze"} */
[0m16:41:23.988110 [debug] [ThreadPool]: SQL status: SUCCESS 0 in 0.194 seconds
[0m16:41:23.990906 [debug] [MainThread]: Sending event: {'category': 'dbt', 'action': 'runnable_timing', 'label': '9f9c8fb3-ae16-43c3-8c05-3d662ce1813f', 'context': [<snowplow_tracker.self_describing_json.SelfDescribingJson object at 0x00000172DDEC19B0>]}
[0m16:41:23.999882 [debug] [Thread-2 (]: Began running node model.aws_dbt_snowflake_project.bronze_bookings
[0m16:41:24.001013 [info ] [Thread-2 (]: 1 of 11 START sql incremental model bronze.bronze_bookings ..................... [RUN]
[0m16:41:24.002329 [debug] [Thread-2 (]: Acquiring new snowflake connection 'model.aws_dbt_snowflake_project.bronze_bookings'
[0m16:41:24.003110 [debug] [Thread-2 (]: Began compiling node model.aws_dbt_snowflake_project.bronze_bookings
[0m16:41:24.027039 [debug] [Thread-2 (]: Writing injected SQL for node "model.aws_dbt_snowflake_project.bronze_bookings"
[0m16:41:24.028910 [debug] [Thread-2 (]: Began executing node model.aws_dbt_snowflake_project.bronze_bookings
[0m16:41:24.136275 [debug] [Thread-2 (]: Using snowflake connection "model.aws_dbt_snowflake_project.bronze_bookings"
[0m16:41:24.136835 [debug] [Thread-2 (]: On model.aws_dbt_snowflake_project.bronze_bookings: create or replace  temporary view AIRBNB.bronze.bronze_bookings__dbt_tmp
  
  
  
  
  as (
    


SELECT * FROM  AIRBNB.staging.bookings


    WHERE CREATED_AT > (SELECT COALESCE(MAX(CREATED_AT), '1900-01-01') FROM AIRBNB.bronze.bronze_bookings)

  )
/* {"app": "dbt", "dbt_version": "1.12.5", "profile_name": "aws_dbt_snowflake_project", "target_name": "dev", "node_id": "model.aws_dbt_snowflake_project.bronze_bookings"} */;
[0m16:41:24.137286 [debug] [Thread-2 (]: Opening a new connection, currently in state init
[0m16:41:25.656497 [debug] [Thread-2 (]: SQL status: SUCCESS 1 in 1.519 seconds
[0m16:41:25.678925 [debug] [Thread-2 (]: Using snowflake connection "model.aws_dbt_snowflake_project.bronze_bookings"
[0m16:41:25.679756 [debug] [Thread-2 (]: On model.aws_dbt_snowflake_project.bronze_bookings: describe table AIRBNB.bronze.bronze_bookings__dbt_tmp
/* {"app": "dbt", "dbt_version": "1.12.5", "profile_name": "aws_dbt_snowflake_project", "target_name": "dev", "node_id": "model.aws_dbt_snowflake_project.bronze_bookings"} */
[0m16:41:25.953275 [debug] [Thread-2 (]: SQL status: SUCCESS 9 in 0.272 seconds
[0m16:41:25.965522 [debug] [Thread-2 (]: Using snowflake connection "model.aws_dbt_snowflake_project.bronze_bookings"
[0m16:41:25.967201 [debug] [Thread-2 (]: On model.aws_dbt_snowflake_project.bronze_bookings: describe table AIRBNB.bronze.bronze_bookings
/* {"app": "dbt", "dbt_version": "1.12.5", "profile_name": "aws_dbt_snowflake_project", "target_name": "dev", "node_id": "model.aws_dbt_snowflake_project.bronze_bookings"} */
[0m16:41:26.188982 [debug] [Thread-2 (]: SQL status: SUCCESS 9 in 0.220 seconds
[0m16:41:26.218643 [debug] [Thread-2 (]: Using snowflake connection "model.aws_dbt_snowflake_project.bronze_bookings"
[0m16:41:26.219645 [debug] [Thread-2 (]: On model.aws_dbt_snowflake_project.bronze_bookings: describe table "AIRBNB"."BRONZE"."BRONZE_BOOKINGS"
/* {"app": "dbt", "dbt_version": "1.12.5", "profile_name": "aws_dbt_snowflake_project", "target_name": "dev", "node_id": "model.aws_dbt_snowflake_project.bronze_bookings"} */
[0m16:41:26.470121 [debug] [Thread-2 (]: SQL status: SUCCESS 9 in 0.249 seconds
[0m16:41:26.511941 [debug] [Thread-2 (]: Writing runtime sql for node "model.aws_dbt_snowflake_project.bronze_bookings"
[0m16:41:26.517394 [debug] [Thread-2 (]: Using snowflake connection "model.aws_dbt_snowflake_project.bronze_bookings"
[0m16:41:26.517998 [debug] [Thread-2 (]: On model.aws_dbt_snowflake_project.bronze_bookings: -- back compat for old kwarg name
  
  begin
/* {"app": "dbt", "dbt_version": "1.12.5", "profile_name": "aws_dbt_snowflake_project", "target_name": "dev", "node_id": "model.aws_dbt_snowflake_project.bronze_bookings"} */;
[0m16:41:26.803139 [debug] [Thread-2 (]: SQL status: SUCCESS 1 in 0.285 seconds
[0m16:41:26.803982 [debug] [Thread-2 (]: Using snowflake connection "model.aws_dbt_snowflake_project.bronze_bookings"
[0m16:41:26.804750 [debug] [Thread-2 (]: On model.aws_dbt_snowflake_project.bronze_bookings: insert into AIRBNB.bronze.bronze_bookings ("BOOKING_ID", "LISTING_ID", "BOOKING_DATE", "NIGHTS_BOOKED", "BOOKING_AMOUNT", "CLEANING_FEE", "SERVICE_FEE", "BOOKING_STATUS", "CREATED_AT")
        (
            select "BOOKING_ID", "LISTING_ID", "BOOKING_DATE", "NIGHTS_BOOKED", "BOOKING_AMOUNT", "CLEANING_FEE", "SERVICE_FEE", "BOOKING_STATUS", "CREATED_AT"
            from AIRBNB.bronze.bronze_bookings__dbt_tmp
        )
/* {"app": "dbt", "dbt_version": "1.12.5", "profile_name": "aws_dbt_snowflake_project", "target_name": "dev", "node_id": "model.aws_dbt_snowflake_project.bronze_bookings"} */;
[0m16:41:27.416073 [debug] [Thread-2 (]: SQL status: SUCCESS 0 in 0.611 seconds
[0m16:41:27.416924 [debug] [Thread-2 (]: Using snowflake connection "model.aws_dbt_snowflake_project.bronze_bookings"
[0m16:41:27.417665 [debug] [Thread-2 (]: On model.aws_dbt_snowflake_project.bronze_bookings: COMMIT
/* {"app": "dbt", "dbt_version": "1.12.5", "profile_name": "aws_dbt_snowflake_project", "target_name": "dev", "node_id": "model.aws_dbt_snowflake_project.bronze_bookings"} */
[0m16:41:27.675872 [debug] [Thread-2 (]: SQL status: SUCCESS 1 in 0.257 seconds
[0m16:41:27.689454 [debug] [Thread-2 (]: Applying DROP to: AIRBNB.bronze.bronze_bookings__dbt_tmp
[0m16:41:27.700589 [debug] [Thread-2 (]: Using snowflake connection "model.aws_dbt_snowflake_project.bronze_bookings"
[0m16:41:27.701170 [debug] [Thread-2 (]: On model.aws_dbt_snowflake_project.bronze_bookings: drop view if exists AIRBNB.bronze.bronze_bookings__dbt_tmp cascade
/* {"app": "dbt", "dbt_version": "1.12.5", "profile_name": "aws_dbt_snowflake_project", "target_name": "dev", "node_id": "model.aws_dbt_snowflake_project.bronze_bookings"} */
[0m16:41:27.928158 [debug] [Thread-2 (]: SQL status: SUCCESS 1 in 0.226 seconds
[0m16:41:27.982701 [debug] [Thread-2 (]: Sending event: {'category': 'dbt', 'action': 'run_model', 'label': '9f9c8fb3-ae16-43c3-8c05-3d662ce1813f', 'context': [<snowplow_tracker.self_describing_json.SelfDescribingJson object at 0x00000172DE2631E0>]}
[0m16:41:27.983941 [info ] [Thread-2 (]: 1 of 11 OK created sql incremental model bronze.bronze_bookings ................ [[32mSUCCESS 0[0m in 3.98s]
[0m16:41:27.985295 [debug] [Thread-2 (]: Finished running node model.aws_dbt_snowflake_project.bronze_bookings
[0m16:41:27.986138 [debug] [Thread-2 (]: Began running node model.aws_dbt_snowflake_project.bronze_hosts
[0m16:41:27.987123 [info ] [Thread-2 (]: 2 of 11 START sql incremental model bronze.bronze_hosts ........................ [RUN]
[0m16:41:27.988101 [debug] [Thread-2 (]: Re-using an available connection from the pool (formerly model.aws_dbt_snowflake_project.bronze_bookings, now model.aws_dbt_snowflake_project.bronze_hosts)
[0m16:41:27.988589 [debug] [Thread-2 (]: Began compiling node model.aws_dbt_snowflake_project.bronze_hosts
[0m16:41:27.992191 [debug] [Thread-2 (]: Writing injected SQL for node "model.aws_dbt_snowflake_project.bronze_hosts"
[0m16:41:27.993989 [debug] [Thread-2 (]: Began executing node model.aws_dbt_snowflake_project.bronze_hosts
[0m16:41:27.999235 [debug] [Thread-2 (]: Using snowflake connection "model.aws_dbt_snowflake_project.bronze_hosts"
[0m16:41:27.999859 [debug] [Thread-2 (]: On model.aws_dbt_snowflake_project.bronze_hosts: create or replace  temporary view AIRBNB.bronze.bronze_hosts__dbt_tmp
  
  
  
  
  as (
    


SELECT * FROM  AIRBNB.staging.hosts


    WHERE CREATED_AT > (SELECT COALESCE(MAX(CREATED_AT), '1900-01-01') FROM AIRBNB.bronze.bronze_hosts)

  )
/* {"app": "dbt", "dbt_version": "1.12.5", "profile_name": "aws_dbt_snowflake_project", "target_name": "dev", "node_id": "model.aws_dbt_snowflake_project.bronze_hosts"} */;
[0m16:41:28.297587 [debug] [Thread-2 (]: SQL status: SUCCESS 1 in 0.297 seconds
[0m16:41:28.302614 [debug] [Thread-2 (]: Using snowflake connection "model.aws_dbt_snowflake_project.bronze_hosts"
[0m16:41:28.303880 [debug] [Thread-2 (]: On model.aws_dbt_snowflake_project.bronze_hosts: describe table AIRBNB.bronze.bronze_hosts__dbt_tmp
/* {"app": "dbt", "dbt_version": "1.12.5", "profile_name": "aws_dbt_snowflake_project", "target_name": "dev", "node_id": "model.aws_dbt_snowflake_project.bronze_hosts"} */
[0m16:41:28.498794 [debug] [Thread-2 (]: SQL status: SUCCESS 6 in 0.194 seconds
[0m16:41:28.509284 [debug] [Thread-2 (]: Using snowflake connection "model.aws_dbt_snowflake_project.bronze_hosts"
[0m16:41:28.510929 [debug] [Thread-2 (]: On model.aws_dbt_snowflake_project.bronze_hosts: describe table AIRBNB.bronze.bronze_hosts
/* {"app": "dbt", "dbt_version": "1.12.5", "profile_name": "aws_dbt_snowflake_project", "target_name": "dev", "node_id": "model.aws_dbt_snowflake_project.bronze_hosts"} */
[0m16:41:28.685603 [debug] [Thread-2 (]: SQL status: SUCCESS 6 in 0.173 seconds
[0m16:41:28.695546 [debug] [Thread-2 (]: Using snowflake connection "model.aws_dbt_snowflake_project.bronze_hosts"
[0m16:41:28.696656 [debug] [Thread-2 (]: On model.aws_dbt_snowflake_project.bronze_hosts: describe table "AIRBNB"."BRONZE"."BRONZE_HOSTS"
/* {"app": "dbt", "dbt_version": "1.12.5", "profile_name": "aws_dbt_snowflake_project", "target_name": "dev", "node_id": "model.aws_dbt_snowflake_project.bronze_hosts"} */
[0m16:41:28.892510 [debug] [Thread-2 (]: SQL status: SUCCESS 6 in 0.195 seconds
[0m16:41:28.897402 [debug] [Thread-2 (]: Writing runtime sql for node "model.aws_dbt_snowflake_project.bronze_hosts"
[0m16:41:28.902821 [debug] [Thread-2 (]: Using snowflake connection "model.aws_dbt_snowflake_project.bronze_hosts"
[0m16:41:28.903634 [debug] [Thread-2 (]: On model.aws_dbt_snowflake_project.bronze_hosts: -- back compat for old kwarg name
  
  begin
/* {"app": "dbt", "dbt_version": "1.12.5", "profile_name": "aws_dbt_snowflake_project", "target_name": "dev", "node_id": "model.aws_dbt_snowflake_project.bronze_hosts"} */;
[0m16:41:29.126825 [debug] [Thread-2 (]: SQL status: SUCCESS 1 in 0.222 seconds
[0m16:41:29.127639 [debug] [Thread-2 (]: Using snowflake connection "model.aws_dbt_snowflake_project.bronze_hosts"
[0m16:41:29.128347 [debug] [Thread-2 (]: On model.aws_dbt_snowflake_project.bronze_hosts: insert into AIRBNB.bronze.bronze_hosts ("HOST_ID", "HOST_NAME", "HOST_SINCE", "IS_SUPERHOST", "RESPONSE_RATE", "CREATED_AT")
        (
            select "HOST_ID", "HOST_NAME", "HOST_SINCE", "IS_SUPERHOST", "RESPONSE_RATE", "CREATED_AT"
            from AIRBNB.bronze.bronze_hosts__dbt_tmp
        )
/* {"app": "dbt", "dbt_version": "1.12.5", "profile_name": "aws_dbt_snowflake_project", "target_name": "dev", "node_id": "model.aws_dbt_snowflake_project.bronze_hosts"} */;
[0m16:41:29.533214 [debug] [Thread-2 (]: SQL status: SUCCESS 0 in 0.404 seconds
[0m16:41:29.535181 [debug] [Thread-2 (]: Using snowflake connection "model.aws_dbt_snowflake_project.bronze_hosts"
[0m16:41:29.536633 [debug] [Thread-2 (]: On model.aws_dbt_snowflake_project.bronze_hosts: COMMIT
/* {"app": "dbt", "dbt_version": "1.12.5", "profile_name": "aws_dbt_snowflake_project", "target_name": "dev", "node_id": "model.aws_dbt_snowflake_project.bronze_hosts"} */
[0m16:41:29.744512 [debug] [Thread-2 (]: SQL status: SUCCESS 1 in 0.206 seconds
[0m16:41:29.751061 [debug] [Thread-2 (]: Applying DROP to: AIRBNB.bronze.bronze_hosts__dbt_tmp
[0m16:41:29.753158 [debug] [Thread-2 (]: Using snowflake connection "model.aws_dbt_snowflake_project.bronze_hosts"
[0m16:41:29.754086 [debug] [Thread-2 (]: On model.aws_dbt_snowflake_project.bronze_hosts: drop view if exists AIRBNB.bronze.bronze_hosts__dbt_tmp cascade
/* {"app": "dbt", "dbt_version": "1.12.5", "profile_name": "aws_dbt_snowflake_project", "target_name": "dev", "node_id": "model.aws_dbt_snowflake_project.bronze_hosts"} */
[0m16:41:29.982279 [debug] [Thread-2 (]: SQL status: SUCCESS 1 in 0.227 seconds
[0m16:41:29.984850 [debug] [Thread-2 (]: Sending event: {'category': 'dbt', 'action': 'run_model', 'label': '9f9c8fb3-ae16-43c3-8c05-3d662ce1813f', 'context': [<snowplow_tracker.self_describing_json.SelfDescribingJson object at 0x00000172DE1B2ED0>]}
[0m16:41:29.985587 [info ] [Thread-2 (]: 2 of 11 OK created sql incremental model bronze.bronze_hosts ................... [[32mSUCCESS 0[0m in 2.00s]
[0m16:41:29.986520 [debug] [Thread-2 (]: Finished running node model.aws_dbt_snowflake_project.bronze_hosts
[0m16:41:29.987032 [debug] [Thread-2 (]: Began running node model.aws_dbt_snowflake_project.bronze_listings
[0m16:41:29.987707 [info ] [Thread-2 (]: 3 of 11 START sql incremental model bronze.bronze_listings ..................... [RUN]
[0m16:41:29.988429 [debug] [Thread-2 (]: Re-using an available connection from the pool (formerly model.aws_dbt_snowflake_project.bronze_hosts, now model.aws_dbt_snowflake_project.bronze_listings)
[0m16:41:29.988868 [debug] [Thread-2 (]: Began compiling node model.aws_dbt_snowflake_project.bronze_listings
[0m16:41:29.992410 [debug] [Thread-2 (]: Writing injected SQL for node "model.aws_dbt_snowflake_project.bronze_listings"
[0m16:41:29.994348 [debug] [Thread-2 (]: Began executing node model.aws_dbt_snowflake_project.bronze_listings
[0m16:41:30.000714 [debug] [Thread-2 (]: Using snowflake connection "model.aws_dbt_snowflake_project.bronze_listings"
[0m16:41:30.001640 [debug] [Thread-2 (]: On model.aws_dbt_snowflake_project.bronze_listings: create or replace  temporary view AIRBNB.bronze.bronze_listings__dbt_tmp
  
  
  
  
  as (
    


SELECT * FROM  AIRBNB.staging.listings


    WHERE CREATED_AT > (SELECT COALESCE(MAX(CREATED_AT), '1900-01-01') FROM AIRBNB.bronze.bronze_listings)

  )
/* {"app": "dbt", "dbt_version": "1.12.5", "profile_name": "aws_dbt_snowflake_project", "target_name": "dev", "node_id": "model.aws_dbt_snowflake_project.bronze_listings"} */;
[0m16:41:30.291434 [debug] [Thread-2 (]: SQL status: SUCCESS 1 in 0.289 seconds
[0m16:41:30.297073 [debug] [Thread-2 (]: Using snowflake connection "model.aws_dbt_snowflake_project.bronze_listings"
[0m16:41:30.298384 [debug] [Thread-2 (]: On model.aws_dbt_snowflake_project.bronze_listings: describe table AIRBNB.bronze.bronze_listings__dbt_tmp
/* {"app": "dbt", "dbt_version": "1.12.5", "profile_name": "aws_dbt_snowflake_project", "target_name": "dev", "node_id": "model.aws_dbt_snowflake_project.bronze_listings"} */
[0m16:41:30.514170 [debug] [Thread-2 (]: SQL status: SUCCESS 11 in 0.214 seconds
[0m16:41:30.523309 [debug] [Thread-2 (]: Using snowflake connection "model.aws_dbt_snowflake_project.bronze_listings"
[0m16:41:30.524552 [debug] [Thread-2 (]: On model.aws_dbt_snowflake_project.bronze_listings: describe table AIRBNB.bronze.bronze_listings
/* {"app": "dbt", "dbt_version": "1.12.5", "profile_name": "aws_dbt_snowflake_project", "target_name": "dev", "node_id": "model.aws_dbt_snowflake_project.bronze_listings"} */
[0m16:41:30.695283 [debug] [Thread-2 (]: SQL status: SUCCESS 11 in 0.169 seconds
[0m16:41:30.704629 [debug] [Thread-2 (]: Using snowflake connection "model.aws_dbt_snowflake_project.bronze_listings"
[0m16:41:30.705810 [debug] [Thread-2 (]: On model.aws_dbt_snowflake_project.bronze_listings: describe table "AIRBNB"."BRONZE"."BRONZE_LISTINGS"
/* {"app": "dbt", "dbt_version": "1.12.5", "profile_name": "aws_dbt_snowflake_project", "target_name": "dev", "node_id": "model.aws_dbt_snowflake_project.bronze_listings"} */
[0m16:41:30.876494 [debug] [Thread-2 (]: SQL status: SUCCESS 11 in 0.169 seconds
[0m16:41:30.884480 [debug] [Thread-2 (]: Writing runtime sql for node "model.aws_dbt_snowflake_project.bronze_listings"
[0m16:41:30.890345 [debug] [Thread-2 (]: Using snowflake connection "model.aws_dbt_snowflake_project.bronze_listings"
[0m16:41:30.891270 [debug] [Thread-2 (]: On model.aws_dbt_snowflake_project.bronze_listings: -- back compat for old kwarg name
  
  begin
/* {"app": "dbt", "dbt_version": "1.12.5", "profile_name": "aws_dbt_snowflake_project", "target_name": "dev", "node_id": "model.aws_dbt_snowflake_project.bronze_listings"} */;
[0m16:41:31.075824 [debug] [Thread-2 (]: SQL status: SUCCESS 1 in 0.183 seconds
[0m16:41:31.077925 [debug] [Thread-2 (]: Using snowflake connection "model.aws_dbt_snowflake_project.bronze_listings"
[0m16:41:31.080071 [debug] [Thread-2 (]: On model.aws_dbt_snowflake_project.bronze_listings: insert into AIRBNB.bronze.bronze_listings ("LISTING_ID", "HOST_ID", "PROPERTY_TYPE", "ROOM_TYPE", "CITY", "COUNTRY", "ACCOMMODATES", "BEDROOMS", "BATHROOMS", "PRICE_PER_NIGHT", "CREATED_AT")
        (
            select "LISTING_ID", "HOST_ID", "PROPERTY_TYPE", "ROOM_TYPE", "CITY", "COUNTRY", "ACCOMMODATES", "BEDROOMS", "BATHROOMS", "PRICE_PER_NIGHT", "CREATED_AT"
            from AIRBNB.bronze.bronze_listings__dbt_tmp
        )
/* {"app": "dbt", "dbt_version": "1.12.5", "profile_name": "aws_dbt_snowflake_project", "target_name": "dev", "node_id": "model.aws_dbt_snowflake_project.bronze_listings"} */;
[0m16:41:31.812065 [debug] [Thread-2 (]: SQL status: SUCCESS 0 in 0.730 seconds
[0m16:41:31.813343 [debug] [Thread-2 (]: Using snowflake connection "model.aws_dbt_snowflake_project.bronze_listings"
[0m16:41:31.814348 [debug] [Thread-2 (]: On model.aws_dbt_snowflake_project.bronze_listings: COMMIT
/* {"app": "dbt", "dbt_version": "1.12.5", "profile_name": "aws_dbt_snowflake_project", "target_name": "dev", "node_id": "model.aws_dbt_snowflake_project.bronze_listings"} */
[0m16:41:32.016238 [debug] [Thread-2 (]: SQL status: SUCCESS 1 in 0.201 seconds
[0m16:41:32.026776 [debug] [Thread-2 (]: Applying DROP to: AIRBNB.bronze.bronze_listings__dbt_tmp
[0m16:41:32.030247 [debug] [Thread-2 (]: Using snowflake connection "model.aws_dbt_snowflake_project.bronze_listings"
[0m16:41:32.031465 [debug] [Thread-2 (]: On model.aws_dbt_snowflake_project.bronze_listings: drop view if exists AIRBNB.bronze.bronze_listings__dbt_tmp cascade
/* {"app": "dbt", "dbt_version": "1.12.5", "profile_name": "aws_dbt_snowflake_project", "target_name": "dev", "node_id": "model.aws_dbt_snowflake_project.bronze_listings"} */
[0m16:41:32.287065 [debug] [Thread-2 (]: SQL status: SUCCESS 1 in 0.254 seconds
[0m16:41:32.297293 [debug] [Thread-2 (]: Sending event: {'category': 'dbt', 'action': 'run_model', 'label': '9f9c8fb3-ae16-43c3-8c05-3d662ce1813f', 'context': [<snowplow_tracker.self_describing_json.SelfDescribingJson object at 0x00000172DE205A70>]}
[0m16:41:32.299933 [info ] [Thread-2 (]: 3 of 11 OK created sql incremental model bronze.bronze_listings ................ [[32mSUCCESS 0[0m in 2.31s]
[0m16:41:32.302649 [debug] [Thread-2 (]: Finished running node model.aws_dbt_snowflake_project.bronze_listings
[0m16:41:32.303912 [debug] [Thread-2 (]: Began running node model.aws_dbt_snowflake_project.fact
[0m16:41:32.305686 [info ] [Thread-2 (]: 4 of 11 START sql table model gold.fact ........................................ [RUN]
[0m16:41:32.307900 [debug] [Thread-2 (]: Re-using an available connection from the pool (formerly model.aws_dbt_snowflake_project.bronze_listings, now model.aws_dbt_snowflake_project.fact)
[0m16:41:32.309280 [debug] [Thread-2 (]: Began compiling node model.aws_dbt_snowflake_project.fact
[0m16:41:32.321526 [debug] [Thread-2 (]: Writing injected SQL for node "model.aws_dbt_snowflake_project.fact"
[0m16:41:32.326854 [debug] [Thread-2 (]: Began executing node model.aws_dbt_snowflake_project.fact
[0m16:41:32.369018 [debug] [Thread-2 (]: Writing runtime sql for node "model.aws_dbt_snowflake_project.fact"
[0m16:41:32.372698 [debug] [Thread-2 (]: Using snowflake connection "model.aws_dbt_snowflake_project.fact"
[0m16:41:32.373435 [debug] [Thread-2 (]: On model.aws_dbt_snowflake_project.fact: create or replace transient table AIRBNB.gold.fact
    
    
    
    
    

    as (



SELECT 
        GOLD_obt.BOOKING_ID, GOLD_obt.LISTING_ID, GOLD_obt.HOST_ID, GOLD_obt.SERVICE_FEE, GOLD_obt.CLEANING_FEE, GOLD_obt.ACCOMMODATES, GOLD_obt.BEDROOMS, GOLD_obt.BATHROOMS, GOLD_obt.PRICE_PER_NIGHT, GOLD_obt.RESPONSE_RATE

FROM
    
    
      AIRBNB.GOLD.OBT AS GOLD_obt
    
        
    
        LEFT JOIN AIRBNB.GOLD.DIM_LISTINGS AS DIM_listings
        ON GOLD_obt.listing_id = DIM_listings.listing_id
        
        
    
        LEFT JOIN AIRBNB.GOLD.DIM_HOSTS AS DIM_hosts
        ON GOLD_obt.host_id = DIM_hosts.host_id
        
        
    )

/* {"app": "dbt", "dbt_version": "1.12.5", "profile_name": "aws_dbt_snowflake_project", "target_name": "dev", "node_id": "model.aws_dbt_snowflake_project.fact"} */;
[0m16:41:34.830832 [debug] [Thread-2 (]: SQL status: SUCCESS 1925792 in 2.456 seconds
[0m16:41:34.849480 [debug] [Thread-2 (]: Sending event: {'category': 'dbt', 'action': 'run_model', 'label': '9f9c8fb3-ae16-43c3-8c05-3d662ce1813f', 'context': [<snowplow_tracker.self_describing_json.SelfDescribingJson object at 0x00000172DE2C1130>]}
[0m16:41:34.850435 [info ] [Thread-2 (]: 4 of 11 OK created sql table model gold.fact ................................... [[32mSUCCESS 1925792[0m in 2.54s]
[0m16:41:34.851530 [debug] [Thread-2 (]: Finished running node model.aws_dbt_snowflake_project.fact
[0m16:41:34.852076 [debug] [Thread-2 (]: Began running node model.aws_dbt_snowflake_project.obt
[0m16:41:34.852818 [info ] [Thread-2 (]: 5 of 11 START sql table model gold.obt ......................................... [RUN]
[0m16:41:34.853662 [debug] [Thread-2 (]: Re-using an available connection from the pool (formerly model.aws_dbt_snowflake_project.fact, now model.aws_dbt_snowflake_project.obt)
[0m16:41:34.854291 [debug] [Thread-2 (]: Began compiling node model.aws_dbt_snowflake_project.obt
[0m16:41:34.862016 [debug] [Thread-2 (]: Writing injected SQL for node "model.aws_dbt_snowflake_project.obt"
[0m16:41:34.864173 [debug] [Thread-2 (]: Began executing node model.aws_dbt_snowflake_project.obt
[0m16:41:34.872831 [debug] [Thread-2 (]: Writing runtime sql for node "model.aws_dbt_snowflake_project.obt"
[0m16:41:34.879835 [debug] [Thread-2 (]: Using snowflake connection "model.aws_dbt_snowflake_project.obt"
[0m16:41:34.880959 [debug] [Thread-2 (]: On model.aws_dbt_snowflake_project.obt: create or replace transient table AIRBNB.gold.obt
    
    
    
    
    

    as (



SELECT 
    
        SILVER_bookings.*,
    
        SILVER_listings.HOST_ID, SILVER_listings.PROPERTY_TYPE, SILVER_listings.ROOM_TYPE, SILVER_listings.CITY, SILVER_listings.COUNTRY, SILVER_listings.ACCOMMODATES, SILVER_listings.BEDROOMS, SILVER_listings.BATHROOMS, SILVER_listings.PRICE_PER_NIGHT, silver_listings.PRICE_PER_NIGHT_TAG, SILVER_listings.CREATED_AT AS LISTING_CREATED_AT,
    
        SILVER_hosts.HOST_NAME, SILVER_hosts.HOST_SINCE, SILVER_hosts.IS_SUPERHOST, SILVER_hosts.RESPONSE_RATE, SILVER_hosts.RESPONSE_RATE_QUALITY, SILVER_hosts.CREATED_AT AS HOST_CREATED_AT
    
FROM
    
    
      AIRBNB.SILVER.SILVER_BOOKINGS AS SILVER_bookings
    
        
    
        LEFT JOIN AIRBNB.SILVER.SILVER_LISTINGS AS SILVER_listings
        ON SILVER_bookings.listing_id = SILVER_listings.listing_id
        
        
    
        LEFT JOIN AIRBNB.SILVER.SILVER_HOSTS AS SILVER_hosts
        ON SILVER_listings.host_id = SILVER_hosts.host_id
        
        
    )

/* {"app": "dbt", "dbt_version": "1.12.5", "profile_name": "aws_dbt_snowflake_project", "target_name": "dev", "node_id": "model.aws_dbt_snowflake_project.obt"} */;
[0m16:41:36.007716 [debug] [Thread-2 (]: SQL status: SUCCESS 5000 in 1.126 seconds
[0m16:41:36.011714 [debug] [Thread-2 (]: Sending event: {'category': 'dbt', 'action': 'run_model', 'label': '9f9c8fb3-ae16-43c3-8c05-3d662ce1813f', 'context': [<snowplow_tracker.self_describing_json.SelfDescribingJson object at 0x00000172DE2406D0>]}
[0m16:41:36.013282 [info ] [Thread-2 (]: 5 of 11 OK created sql table model gold.obt .................................... [[32mSUCCESS 5000[0m in 1.16s]
[0m16:41:36.014845 [debug] [Thread-2 (]: Finished running node model.aws_dbt_snowflake_project.obt
[0m16:41:36.015571 [debug] [Thread-2 (]: Began running node model.aws_dbt_snowflake_project.silver_bookings
[0m16:41:36.016697 [info ] [Thread-2 (]: 6 of 11 START sql incremental model silver.silver_bookings ..................... [RUN]
[0m16:41:36.018040 [debug] [Thread-2 (]: Re-using an available connection from the pool (formerly model.aws_dbt_snowflake_project.obt, now model.aws_dbt_snowflake_project.silver_bookings)
[0m16:41:36.018931 [debug] [Thread-2 (]: Began compiling node model.aws_dbt_snowflake_project.silver_bookings
[0m16:41:36.024856 [debug] [Thread-2 (]: Writing injected SQL for node "model.aws_dbt_snowflake_project.silver_bookings"
[0m16:41:36.028181 [debug] [Thread-2 (]: Began executing node model.aws_dbt_snowflake_project.silver_bookings
[0m16:41:36.035335 [debug] [Thread-2 (]: Using snowflake connection "model.aws_dbt_snowflake_project.silver_bookings"
[0m16:41:36.036301 [debug] [Thread-2 (]: On model.aws_dbt_snowflake_project.silver_bookings: create or replace  temporary view AIRBNB.silver.silver_bookings__dbt_tmp
  
  
  
  
  as (
    

select 
    BOOKING_ID,
    LISTING_ID,
    BOOKING_DATE,
    
    round(NIGHTS_BOOKED * BOOKING_AMOUNT,2)
 as TOTAL_BOOKING_PRICE ,
    SERVICE_FEE,
    CLEANING_FEE,
    BOOKING_STATUS,
    CREATED_AT 
FROM AIRBNB.bronze.bronze_bookings
  )
/* {"app": "dbt", "dbt_version": "1.12.5", "profile_name": "aws_dbt_snowflake_project", "target_name": "dev", "node_id": "model.aws_dbt_snowflake_project.silver_bookings"} */;
[0m16:41:36.332214 [debug] [Thread-2 (]: SQL status: SUCCESS 1 in 0.295 seconds
[0m16:41:36.335409 [debug] [Thread-2 (]: Using snowflake connection "model.aws_dbt_snowflake_project.silver_bookings"
[0m16:41:36.336098 [debug] [Thread-2 (]: On model.aws_dbt_snowflake_project.silver_bookings: describe table AIRBNB.silver.silver_bookings__dbt_tmp
/* {"app": "dbt", "dbt_version": "1.12.5", "profile_name": "aws_dbt_snowflake_project", "target_name": "dev", "node_id": "model.aws_dbt_snowflake_project.silver_bookings"} */
[0m16:41:36.520138 [debug] [Thread-2 (]: SQL status: SUCCESS 8 in 0.183 seconds
[0m16:41:36.531555 [debug] [Thread-2 (]: Using snowflake connection "model.aws_dbt_snowflake_project.silver_bookings"
[0m16:41:36.532861 [debug] [Thread-2 (]: On model.aws_dbt_snowflake_project.silver_bookings: describe table AIRBNB.silver.silver_bookings
/* {"app": "dbt", "dbt_version": "1.12.5", "profile_name": "aws_dbt_snowflake_project", "target_name": "dev", "node_id": "model.aws_dbt_snowflake_project.silver_bookings"} */
[0m16:41:36.738122 [debug] [Thread-2 (]: SQL status: SUCCESS 8 in 0.204 seconds
[0m16:41:36.744014 [debug] [Thread-2 (]: Using snowflake connection "model.aws_dbt_snowflake_project.silver_bookings"
[0m16:41:36.744677 [debug] [Thread-2 (]: On model.aws_dbt_snowflake_project.silver_bookings: describe table "AIRBNB"."SILVER"."SILVER_BOOKINGS"
/* {"app": "dbt", "dbt_version": "1.12.5", "profile_name": "aws_dbt_snowflake_project", "target_name": "dev", "node_id": "model.aws_dbt_snowflake_project.silver_bookings"} */
[0m16:41:36.945692 [debug] [Thread-2 (]: SQL status: SUCCESS 8 in 0.200 seconds
[0m16:41:36.984634 [debug] [Thread-2 (]: Writing runtime sql for node "model.aws_dbt_snowflake_project.silver_bookings"
[0m16:41:36.988882 [debug] [Thread-2 (]: Using snowflake connection "model.aws_dbt_snowflake_project.silver_bookings"
[0m16:41:36.989594 [debug] [Thread-2 (]: On model.aws_dbt_snowflake_project.silver_bookings: -- back compat for old kwarg name
  
  begin
/* {"app": "dbt", "dbt_version": "1.12.5", "profile_name": "aws_dbt_snowflake_project", "target_name": "dev", "node_id": "model.aws_dbt_snowflake_project.silver_bookings"} */;
[0m16:41:37.170195 [debug] [Thread-2 (]: SQL status: SUCCESS 1 in 0.180 seconds
[0m16:41:37.171146 [debug] [Thread-2 (]: Using snowflake connection "model.aws_dbt_snowflake_project.silver_bookings"
[0m16:41:37.172251 [debug] [Thread-2 (]: On model.aws_dbt_snowflake_project.silver_bookings: merge into AIRBNB.silver.silver_bookings as DBT_INTERNAL_DEST
        using AIRBNB.silver.silver_bookings__dbt_tmp as DBT_INTERNAL_SOURCE
        on ((DBT_INTERNAL_SOURCE.BOOKING_ID = DBT_INTERNAL_DEST.BOOKING_ID))

    
    when matched then update set
        "BOOKING_ID" = DBT_INTERNAL_SOURCE."BOOKING_ID","LISTING_ID" = DBT_INTERNAL_SOURCE."LISTING_ID","BOOKING_DATE" = DBT_INTERNAL_SOURCE."BOOKING_DATE","TOTAL_BOOKING_PRICE" = DBT_INTERNAL_SOURCE."TOTAL_BOOKING_PRICE","SERVICE_FEE" = DBT_INTERNAL_SOURCE."SERVICE_FEE","CLEANING_FEE" = DBT_INTERNAL_SOURCE."CLEANING_FEE","BOOKING_STATUS" = DBT_INTERNAL_SOURCE."BOOKING_STATUS","CREATED_AT" = DBT_INTERNAL_SOURCE."CREATED_AT"
    

    when not matched then insert
        ("BOOKING_ID", "LISTING_ID", "BOOKING_DATE", "TOTAL_BOOKING_PRICE", "SERVICE_FEE", "CLEANING_FEE", "BOOKING_STATUS", "CREATED_AT")
    values
        ("BOOKING_ID", "LISTING_ID", "BOOKING_DATE", "TOTAL_BOOKING_PRICE", "SERVICE_FEE", "CLEANING_FEE", "BOOKING_STATUS", "CREATED_AT")


/* {"app": "dbt", "dbt_version": "1.12.5", "profile_name": "aws_dbt_snowflake_project", "target_name": "dev", "node_id": "model.aws_dbt_snowflake_project.silver_bookings"} */;
[0m16:41:37.751680 [debug] [Thread-2 (]: SQL status: SUCCESS 5000 in 0.578 seconds
[0m16:41:37.753586 [debug] [Thread-2 (]: Using snowflake connection "model.aws_dbt_snowflake_project.silver_bookings"
[0m16:41:37.755183 [debug] [Thread-2 (]: On model.aws_dbt_snowflake_project.silver_bookings: COMMIT
/* {"app": "dbt", "dbt_version": "1.12.5", "profile_name": "aws_dbt_snowflake_project", "target_name": "dev", "node_id": "model.aws_dbt_snowflake_project.silver_bookings"} */
[0m16:41:38.058545 [debug] [Thread-2 (]: SQL status: SUCCESS 1 in 0.302 seconds
[0m16:41:38.062752 [debug] [Thread-2 (]: Applying DROP to: AIRBNB.silver.silver_bookings__dbt_tmp
[0m16:41:38.064298 [debug] [Thread-2 (]: Using snowflake connection "model.aws_dbt_snowflake_project.silver_bookings"
[0m16:41:38.065020 [debug] [Thread-2 (]: On model.aws_dbt_snowflake_project.silver_bookings: drop view if exists AIRBNB.silver.silver_bookings__dbt_tmp cascade
/* {"app": "dbt", "dbt_version": "1.12.5", "profile_name": "aws_dbt_snowflake_project", "target_name": "dev", "node_id": "model.aws_dbt_snowflake_project.silver_bookings"} */
[0m16:41:38.273945 [debug] [Thread-2 (]: SQL status: SUCCESS 1 in 0.208 seconds
[0m16:41:38.277178 [debug] [Thread-2 (]: Sending event: {'category': 'dbt', 'action': 'run_model', 'label': '9f9c8fb3-ae16-43c3-8c05-3d662ce1813f', 'context': [<snowplow_tracker.self_describing_json.SelfDescribingJson object at 0x00000172DC467540>]}
[0m16:41:38.277997 [info ] [Thread-2 (]: 6 of 11 OK created sql incremental model silver.silver_bookings ................ [[32mSUCCESS 5000[0m in 2.26s]
[0m16:41:38.279154 [debug] [Thread-2 (]: Finished running node model.aws_dbt_snowflake_project.silver_bookings
[0m16:41:38.279711 [debug] [Thread-2 (]: Began running node model.aws_dbt_snowflake_project.silver_hosts
[0m16:41:38.280411 [info ] [Thread-2 (]: 7 of 11 START sql incremental model silver.silver_hosts ........................ [RUN]
[0m16:41:38.281275 [debug] [Thread-2 (]: Re-using an available connection from the pool (formerly model.aws_dbt_snowflake_project.silver_bookings, now model.aws_dbt_snowflake_project.silver_hosts)
[0m16:41:38.281790 [debug] [Thread-2 (]: Began compiling node model.aws_dbt_snowflake_project.silver_hosts
[0m16:41:38.284944 [debug] [Thread-2 (]: Writing injected SQL for node "model.aws_dbt_snowflake_project.silver_hosts"
[0m16:41:38.288696 [debug] [Thread-2 (]: Began executing node model.aws_dbt_snowflake_project.silver_hosts
[0m16:41:38.295088 [debug] [Thread-2 (]: Using snowflake connection "model.aws_dbt_snowflake_project.silver_hosts"
[0m16:41:38.295842 [debug] [Thread-2 (]: On model.aws_dbt_snowflake_project.silver_hosts: create or replace  temporary view AIRBNB.silver.silver_hosts__dbt_tmp
  
  
  
  
  as (
    

SELECT 
    HOST_ID,
    REPLACE(HOST_NAME, ' ', '_') AS HOST_NAME,
    HOST_SINCE AS HOST_SINCE,
    IS_SUPERHOST AS IS_SUPERHOST,
    RESPONSE_RATE AS RESPONSE_RATE,
    CASE 
    WHEN RESPONSE_RATE > 95 THEN 'VERY GOOD'
    WHEN RESPONSE_RATE > 80 THEN 'GOOD'
    WHEN RESPONSE_RATE > 60 THEN 'FAIR' 
    ELSE 'POOR'
    END AS RESPONSE_RATE_QUALITY,
    CREATED_AT AS CREATED_AT
FROM 
    AIRBNB.bronze.bronze_hosts
  )
/* {"app": "dbt", "dbt_version": "1.12.5", "profile_name": "aws_dbt_snowflake_project", "target_name": "dev", "node_id": "model.aws_dbt_snowflake_project.silver_hosts"} */;
[0m16:41:38.601469 [debug] [Thread-2 (]: SQL status: SUCCESS 1 in 0.304 seconds
[0m16:41:38.609099 [debug] [Thread-2 (]: Using snowflake connection "model.aws_dbt_snowflake_project.silver_hosts"
[0m16:41:38.610780 [debug] [Thread-2 (]: On model.aws_dbt_snowflake_project.silver_hosts: describe table AIRBNB.silver.silver_hosts__dbt_tmp
/* {"app": "dbt", "dbt_version": "1.12.5", "profile_name": "aws_dbt_snowflake_project", "target_name": "dev", "node_id": "model.aws_dbt_snowflake_project.silver_hosts"} */
[0m16:41:38.789185 [debug] [Thread-2 (]: SQL status: SUCCESS 7 in 0.177 seconds
[0m16:41:38.801375 [debug] [Thread-2 (]: Using snowflake connection "model.aws_dbt_snowflake_project.silver_hosts"
[0m16:41:38.802354 [debug] [Thread-2 (]: On model.aws_dbt_snowflake_project.silver_hosts: describe table AIRBNB.silver.silver_hosts
/* {"app": "dbt", "dbt_version": "1.12.5", "profile_name": "aws_dbt_snowflake_project", "target_name": "dev", "node_id": "model.aws_dbt_snowflake_project.silver_hosts"} */
[0m16:41:38.965741 [debug] [Thread-2 (]: SQL status: SUCCESS 7 in 0.162 seconds
[0m16:41:38.978647 [debug] [Thread-2 (]: Using snowflake connection "model.aws_dbt_snowflake_project.silver_hosts"
[0m16:41:38.979933 [debug] [Thread-2 (]: On model.aws_dbt_snowflake_project.silver_hosts: describe table "AIRBNB"."SILVER"."SILVER_HOSTS"
/* {"app": "dbt", "dbt_version": "1.12.5", "profile_name": "aws_dbt_snowflake_project", "target_name": "dev", "node_id": "model.aws_dbt_snowflake_project.silver_hosts"} */
[0m16:41:39.134736 [debug] [Thread-2 (]: SQL status: SUCCESS 7 in 0.154 seconds
[0m16:41:39.142391 [debug] [Thread-2 (]: Writing runtime sql for node "model.aws_dbt_snowflake_project.silver_hosts"
[0m16:41:39.146269 [debug] [Thread-2 (]: Using snowflake connection "model.aws_dbt_snowflake_project.silver_hosts"
[0m16:41:39.147412 [debug] [Thread-2 (]: On model.aws_dbt_snowflake_project.silver_hosts: -- back compat for old kwarg name
  
  begin
/* {"app": "dbt", "dbt_version": "1.12.5", "profile_name": "aws_dbt_snowflake_project", "target_name": "dev", "node_id": "model.aws_dbt_snowflake_project.silver_hosts"} */;
[0m16:41:39.344184 [debug] [Thread-2 (]: SQL status: SUCCESS 1 in 0.196 seconds
[0m16:41:39.345344 [debug] [Thread-2 (]: Using snowflake connection "model.aws_dbt_snowflake_project.silver_hosts"
[0m16:41:39.346421 [debug] [Thread-2 (]: On model.aws_dbt_snowflake_project.silver_hosts: merge into AIRBNB.silver.silver_hosts as DBT_INTERNAL_DEST
        using AIRBNB.silver.silver_hosts__dbt_tmp as DBT_INTERNAL_SOURCE
        on ((DBT_INTERNAL_SOURCE.HOST_ID = DBT_INTERNAL_DEST.HOST_ID))

    
    when matched then update set
        "HOST_ID" = DBT_INTERNAL_SOURCE."HOST_ID","HOST_NAME" = DBT_INTERNAL_SOURCE."HOST_NAME","HOST_SINCE" = DBT_INTERNAL_SOURCE."HOST_SINCE","IS_SUPERHOST" = DBT_INTERNAL_SOURCE."IS_SUPERHOST","RESPONSE_RATE" = DBT_INTERNAL_SOURCE."RESPONSE_RATE","RESPONSE_RATE_QUALITY" = DBT_INTERNAL_SOURCE."RESPONSE_RATE_QUALITY","CREATED_AT" = DBT_INTERNAL_SOURCE."CREATED_AT"
    

    when not matched then insert
        ("HOST_ID", "HOST_NAME", "HOST_SINCE", "IS_SUPERHOST", "RESPONSE_RATE", "RESPONSE_RATE_QUALITY", "CREATED_AT")
    values
        ("HOST_ID", "HOST_NAME", "HOST_SINCE", "IS_SUPERHOST", "RESPONSE_RATE", "RESPONSE_RATE_QUALITY", "CREATED_AT")


/* {"app": "dbt", "dbt_version": "1.12.5", "profile_name": "aws_dbt_snowflake_project", "target_name": "dev", "node_id": "model.aws_dbt_snowflake_project.silver_hosts"} */;
[0m16:41:39.852154 [debug] [Thread-2 (]: SQL status: SUCCESS 200 in 0.504 seconds
[0m16:41:39.854476 [debug] [Thread-2 (]: Using snowflake connection "model.aws_dbt_snowflake_project.silver_hosts"
[0m16:41:39.855993 [debug] [Thread-2 (]: On model.aws_dbt_snowflake_project.silver_hosts: COMMIT
/* {"app": "dbt", "dbt_version": "1.12.5", "profile_name": "aws_dbt_snowflake_project", "target_name": "dev", "node_id": "model.aws_dbt_snowflake_project.silver_hosts"} */
[0m16:41:40.147019 [debug] [Thread-2 (]: SQL status: SUCCESS 1 in 0.290 seconds
[0m16:41:40.152510 [debug] [Thread-2 (]: Applying DROP to: AIRBNB.silver.silver_hosts__dbt_tmp
[0m16:41:40.154166 [debug] [Thread-2 (]: Using snowflake connection "model.aws_dbt_snowflake_project.silver_hosts"
[0m16:41:40.154871 [debug] [Thread-2 (]: On model.aws_dbt_snowflake_project.silver_hosts: drop view if exists AIRBNB.silver.silver_hosts__dbt_tmp cascade
/* {"app": "dbt", "dbt_version": "1.12.5", "profile_name": "aws_dbt_snowflake_project", "target_name": "dev", "node_id": "model.aws_dbt_snowflake_project.silver_hosts"} */
[0m16:41:40.692182 [debug] [Thread-2 (]: SQL status: SUCCESS 1 in 0.536 seconds
[0m16:41:40.702121 [debug] [Thread-2 (]: Sending event: {'category': 'dbt', 'action': 'run_model', 'label': '9f9c8fb3-ae16-43c3-8c05-3d662ce1813f', 'context': [<snowplow_tracker.self_describing_json.SelfDescribingJson object at 0x00000172DE2CF470>]}
[0m16:41:40.704786 [info ] [Thread-2 (]: 7 of 11 OK created sql incremental model silver.silver_hosts ................... [[32mSUCCESS 200[0m in 2.42s]
[0m16:41:40.707756 [debug] [Thread-2 (]: Finished running node model.aws_dbt_snowflake_project.silver_hosts
[0m16:41:40.709046 [debug] [Thread-2 (]: Began running node model.aws_dbt_snowflake_project.silver_listings
[0m16:41:40.710640 [info ] [Thread-2 (]: 8 of 11 START sql incremental model silver.silver_listings ..................... [RUN]
[0m16:41:40.712348 [debug] [Thread-2 (]: Re-using an available connection from the pool (formerly model.aws_dbt_snowflake_project.silver_hosts, now model.aws_dbt_snowflake_project.silver_listings)
[0m16:41:40.713549 [debug] [Thread-2 (]: Began compiling node model.aws_dbt_snowflake_project.silver_listings
[0m16:41:40.719864 [debug] [Thread-2 (]: Writing injected SQL for node "model.aws_dbt_snowflake_project.silver_listings"
[0m16:41:40.724415 [debug] [Thread-2 (]: Began executing node model.aws_dbt_snowflake_project.silver_listings
[0m16:41:40.731082 [debug] [Thread-2 (]: Using snowflake connection "model.aws_dbt_snowflake_project.silver_listings"
[0m16:41:40.731750 [debug] [Thread-2 (]: On model.aws_dbt_snowflake_project.silver_listings: create or replace  temporary view AIRBNB.silver.silver_listings__dbt_tmp
  
  
  
  
  as (
    

SELECT 
    LISTING_ID,
    HOST_ID,
    PROPERTY_TYPE,
    ROOM_TYPE,
    CITY,
    COUNTRY,
    ACCOMMODATES,
    BEDROOMS,
    BATHROOMS,
    PRICE_PER_NIGHT,
    
    CASE 
        WHEN CAST(PRICE_PER_NIGHT AS INT) < 100 THEN 'low'
        WHEN CAST(PRICE_PER_NIGHT AS INT) < 200 THEN 'medium'
        ELSE 'high'
    END
 AS PRICE_PER_NIGHT_TAG,
    CREATED_AT
FROM 
    AIRBNB.bronze.bronze_listings
  )
/* {"app": "dbt", "dbt_version": "1.12.5", "profile_name": "aws_dbt_snowflake_project", "target_name": "dev", "node_id": "model.aws_dbt_snowflake_project.silver_listings"} */;
[0m16:41:41.032232 [debug] [Thread-2 (]: SQL status: SUCCESS 1 in 0.300 seconds
[0m16:41:41.036367 [debug] [Thread-2 (]: Using snowflake connection "model.aws_dbt_snowflake_project.silver_listings"
[0m16:41:41.037281 [debug] [Thread-2 (]: On model.aws_dbt_snowflake_project.silver_listings: describe table AIRBNB.silver.silver_listings__dbt_tmp
/* {"app": "dbt", "dbt_version": "1.12.5", "profile_name": "aws_dbt_snowflake_project", "target_name": "dev", "node_id": "model.aws_dbt_snowflake_project.silver_listings"} */
[0m16:41:41.216734 [debug] [Thread-2 (]: SQL status: SUCCESS 12 in 0.178 seconds
[0m16:41:41.226917 [debug] [Thread-2 (]: Using snowflake connection "model.aws_dbt_snowflake_project.silver_listings"
[0m16:41:41.227522 [debug] [Thread-2 (]: On model.aws_dbt_snowflake_project.silver_listings: describe table AIRBNB.silver.silver_listings
/* {"app": "dbt", "dbt_version": "1.12.5", "profile_name": "aws_dbt_snowflake_project", "target_name": "dev", "node_id": "model.aws_dbt_snowflake_project.silver_listings"} */
[0m16:41:41.412104 [debug] [Thread-2 (]: SQL status: SUCCESS 12 in 0.184 seconds
[0m16:41:41.423959 [debug] [Thread-2 (]: Using snowflake connection "model.aws_dbt_snowflake_project.silver_listings"
[0m16:41:41.425137 [debug] [Thread-2 (]: On model.aws_dbt_snowflake_project.silver_listings: describe table "AIRBNB"."SILVER"."SILVER_LISTINGS"
/* {"app": "dbt", "dbt_version": "1.12.5", "profile_name": "aws_dbt_snowflake_project", "target_name": "dev", "node_id": "model.aws_dbt_snowflake_project.silver_listings"} */
[0m16:41:41.613956 [debug] [Thread-2 (]: SQL status: SUCCESS 12 in 0.188 seconds
[0m16:41:41.623291 [debug] [Thread-2 (]: Writing runtime sql for node "model.aws_dbt_snowflake_project.silver_listings"
[0m16:41:41.627173 [debug] [Thread-2 (]: Using snowflake connection "model.aws_dbt_snowflake_project.silver_listings"
[0m16:41:41.627840 [debug] [Thread-2 (]: On model.aws_dbt_snowflake_project.silver_listings: -- back compat for old kwarg name
  
  begin
/* {"app": "dbt", "dbt_version": "1.12.5", "profile_name": "aws_dbt_snowflake_project", "target_name": "dev", "node_id": "model.aws_dbt_snowflake_project.silver_listings"} */;
[0m16:41:41.854827 [debug] [Thread-2 (]: SQL status: SUCCESS 1 in 0.226 seconds
[0m16:41:41.857712 [debug] [Thread-2 (]: Using snowflake connection "model.aws_dbt_snowflake_project.silver_listings"
[0m16:41:41.859729 [debug] [Thread-2 (]: On model.aws_dbt_snowflake_project.silver_listings: merge into AIRBNB.silver.silver_listings as DBT_INTERNAL_DEST
        using AIRBNB.silver.silver_listings__dbt_tmp as DBT_INTERNAL_SOURCE
        on ((DBT_INTERNAL_SOURCE.LISTING_ID = DBT_INTERNAL_DEST.LISTING_ID))

    
    when matched then update set
        "LISTING_ID" = DBT_INTERNAL_SOURCE."LISTING_ID","HOST_ID" = DBT_INTERNAL_SOURCE."HOST_ID","PROPERTY_TYPE" = DBT_INTERNAL_SOURCE."PROPERTY_TYPE","ROOM_TYPE" = DBT_INTERNAL_SOURCE."ROOM_TYPE","CITY" = DBT_INTERNAL_SOURCE."CITY","COUNTRY" = DBT_INTERNAL_SOURCE."COUNTRY","ACCOMMODATES" = DBT_INTERNAL_SOURCE."ACCOMMODATES","BEDROOMS" = DBT_INTERNAL_SOURCE."BEDROOMS","BATHROOMS" = DBT_INTERNAL_SOURCE."BATHROOMS","PRICE_PER_NIGHT" = DBT_INTERNAL_SOURCE."PRICE_PER_NIGHT","PRICE_PER_NIGHT_TAG" = DBT_INTERNAL_SOURCE."PRICE_PER_NIGHT_TAG","CREATED_AT" = DBT_INTERNAL_SOURCE."CREATED_AT"
    

    when not matched then insert
        ("LISTING_ID", "HOST_ID", "PROPERTY_TYPE", "ROOM_TYPE", "CITY", "COUNTRY", "ACCOMMODATES", "BEDROOMS", "BATHROOMS", "PRICE_PER_NIGHT", "PRICE_PER_NIGHT_TAG", "CREATED_AT")
    values
        ("LISTING_ID", "HOST_ID", "PROPERTY_TYPE", "ROOM_TYPE", "CITY", "COUNTRY", "ACCOMMODATES", "BEDROOMS", "BATHROOMS", "PRICE_PER_NIGHT", "PRICE_PER_NIGHT_TAG", "CREATED_AT")


/* {"app": "dbt", "dbt_version": "1.12.5", "profile_name": "aws_dbt_snowflake_project", "target_name": "dev", "node_id": "model.aws_dbt_snowflake_project.silver_listings"} */;
[0m16:41:42.418123 [debug] [Thread-2 (]: SQL status: SUCCESS 500 in 0.556 seconds
[0m16:41:42.420741 [debug] [Thread-2 (]: Using snowflake connection "model.aws_dbt_snowflake_project.silver_listings"
[0m16:41:42.422682 [debug] [Thread-2 (]: On model.aws_dbt_snowflake_project.silver_listings: COMMIT
/* {"app": "dbt", "dbt_version": "1.12.5", "profile_name": "aws_dbt_snowflake_project", "target_name": "dev", "node_id": "model.aws_dbt_snowflake_project.silver_listings"} */
[0m16:41:42.769766 [debug] [Thread-2 (]: SQL status: SUCCESS 1 in 0.345 seconds
[0m16:41:42.779376 [debug] [Thread-2 (]: Applying DROP to: AIRBNB.silver.silver_listings__dbt_tmp
[0m16:41:42.783319 [debug] [Thread-2 (]: Using snowflake connection "model.aws_dbt_snowflake_project.silver_listings"
[0m16:41:42.784601 [debug] [Thread-2 (]: On model.aws_dbt_snowflake_project.silver_listings: drop view if exists AIRBNB.silver.silver_listings__dbt_tmp cascade
/* {"app": "dbt", "dbt_version": "1.12.5", "profile_name": "aws_dbt_snowflake_project", "target_name": "dev", "node_id": "model.aws_dbt_snowflake_project.silver_listings"} */
[0m16:41:43.053057 [debug] [Thread-2 (]: SQL status: SUCCESS 1 in 0.267 seconds
[0m16:41:43.062540 [debug] [Thread-2 (]: Sending event: {'category': 'dbt', 'action': 'run_model', 'label': '9f9c8fb3-ae16-43c3-8c05-3d662ce1813f', 'context': [<snowplow_tracker.self_describing_json.SelfDescribingJson object at 0x00000172DE264B90>]}
[0m16:41:43.064673 [info ] [Thread-2 (]: 8 of 11 OK created sql incremental model silver.silver_listings ................ [[32mSUCCESS 500[0m in 2.35s]
[0m16:41:43.067215 [debug] [Thread-2 (]: Finished running node model.aws_dbt_snowflake_project.silver_listings
[0m16:41:43.068229 [debug] [Thread-2 (]: Began running node model.aws_dbt_snowflake_project.bookings
[0m16:41:43.069360 [debug] [Thread-2 (]: Re-using an available connection from the pool (formerly model.aws_dbt_snowflake_project.silver_listings, now model.aws_dbt_snowflake_project.bookings)
[0m16:41:43.070466 [debug] [Thread-2 (]: Began compiling node model.aws_dbt_snowflake_project.bookings
[0m16:41:43.073642 [debug] [Thread-2 (]: Writing injected SQL for node "model.aws_dbt_snowflake_project.bookings"
[0m16:41:43.077595 [debug] [Thread-2 (]: Finished running node model.aws_dbt_snowflake_project.bookings
[0m16:41:43.078753 [debug] [Thread-2 (]: Began running node model.aws_dbt_snowflake_project.hosts
[0m16:41:43.079996 [debug] [Thread-2 (]: Re-using an available connection from the pool (formerly model.aws_dbt_snowflake_project.bookings, now model.aws_dbt_snowflake_project.hosts)
[0m16:41:43.081120 [debug] [Thread-2 (]: Began compiling node model.aws_dbt_snowflake_project.hosts
[0m16:41:43.085116 [debug] [Thread-2 (]: Writing injected SQL for node "model.aws_dbt_snowflake_project.hosts"
[0m16:41:43.088717 [debug] [Thread-2 (]: Finished running node model.aws_dbt_snowflake_project.hosts
[0m16:41:43.090051 [debug] [Thread-2 (]: Began running node model.aws_dbt_snowflake_project.listings
[0m16:41:43.091156 [debug] [Thread-2 (]: Re-using an available connection from the pool (formerly model.aws_dbt_snowflake_project.hosts, now model.aws_dbt_snowflake_project.listings)
[0m16:41:43.092146 [debug] [Thread-2 (]: Began compiling node model.aws_dbt_snowflake_project.listings
[0m16:41:43.098272 [debug] [Thread-2 (]: Writing injected SQL for node "model.aws_dbt_snowflake_project.listings"
[0m16:41:43.101075 [debug] [Thread-2 (]: Finished running node model.aws_dbt_snowflake_project.listings
[0m16:41:43.101912 [debug] [Thread-2 (]: Began running node snapshot.aws_dbt_snowflake_project.dim_bookings
[0m16:41:43.103129 [info ] [Thread-2 (]: 9 of 11 START snapshot gold.dim_bookings ....................................... [RUN]
[0m16:41:43.104671 [debug] [Thread-2 (]: Re-using an available connection from the pool (formerly model.aws_dbt_snowflake_project.listings, now snapshot.aws_dbt_snowflake_project.dim_bookings)
[0m16:41:43.105775 [debug] [Thread-2 (]: Began compiling node snapshot.aws_dbt_snowflake_project.dim_bookings
[0m16:41:43.109147 [debug] [Thread-2 (]: Writing injected SQL for node "snapshot.aws_dbt_snowflake_project.dim_bookings"
[0m16:41:43.111832 [debug] [Thread-2 (]: Began executing node snapshot.aws_dbt_snowflake_project.dim_bookings
[0m16:41:43.188816 [debug] [Thread-2 (]: Using snowflake connection "snapshot.aws_dbt_snowflake_project.dim_bookings"
[0m16:41:43.189760 [debug] [Thread-2 (]: On snapshot.aws_dbt_snowflake_project.dim_bookings: describe table "AIRBNB"."GOLD"."DIM_BOOKINGS"
/* {"app": "dbt", "dbt_version": "1.12.5", "profile_name": "aws_dbt_snowflake_project", "target_name": "dev", "node_id": "snapshot.aws_dbt_snowflake_project.dim_bookings"} */
[0m16:41:43.389989 [debug] [Thread-2 (]: SQL status: SUCCESS 8 in 0.199 seconds
[0m16:41:43.462698 [debug] [Thread-2 (]: Using snowflake connection "snapshot.aws_dbt_snowflake_project.dim_bookings"
[0m16:41:43.463370 [debug] [Thread-2 (]: On snapshot.aws_dbt_snowflake_project.dim_bookings: create or replace temporary table "AIRBNB"."GOLD"."DIM_BOOKINGS__dbt_tmp"
as (
    
    
    with snapshot_query as (

        with __dbt__cte__bookings as (


WITH bookings AS 
(
    SELECT 
        BOOKING_ID,
        BOOKING_DATE,
        BOOKING_STATUS,
        CREATED_AT
    FROM 
        AIRBNB.gold.obt
)
SELECT * FROM bookings
) select * from __dbt__cte__bookings

    ),

    snapshotted_data as (

        select *, 
    
        BOOKING_ID as dbt_unique_key
    

        from "AIRBNB"."GOLD"."DIM_BOOKINGS"
        where
            
		
		

		
                ( (dbt_valid_to = to_date('9999-12-31')) or dbt_valid_to is null )
            

    ),

    insertions_source_data as (

        select *, 
    
        BOOKING_ID as dbt_unique_key
    
,
            CREATED_AT as dbt_updated_at,
            CREATED_AT as dbt_valid_from,
            
  
  coalesce(nullif(CREATED_AT, CREATED_AT), to_date('9999-12-31'))
  as dbt_valid_to
,
            md5(coalesce(cast(BOOKING_ID as varchar ), '')
         || '|' || coalesce(cast(CREATED_AT as varchar ), '')
        ) as dbt_scd_id

        from snapshot_query
    ),

    updates_source_data as (

        select *, 
    
        BOOKING_ID as dbt_unique_key
    
,
            CREATED_AT as dbt_updated_at,
            CREATED_AT as dbt_valid_from,
            CREATED_AT as dbt_valid_to

        from snapshot_query
    ),

    insertions as (

        select
            'insert' as dbt_change_type,
            source_data.*

        from insertions_source_data as source_data
        left outer join snapshotted_data
            on 
    
        snapshotted_data.dbt_unique_key = source_data.dbt_unique_key
    

            where 
    
        snapshotted_data.dbt_unique_key is null
    

            or (
    
        snapshotted_data.dbt_unique_key is not null
    
 and (
               (snapshotted_data.dbt_valid_from < source_data.CREATED_AT)
            )

        )

    ),

    updates as (

        select
            'update' as dbt_change_type,
            source_data.*,
            snapshotted_data.dbt_scd_id

        from updates_source_data as source_data
        join snapshotted_data
            on 
    
        snapshotted_data.dbt_unique_key = source_data.dbt_unique_key
    

        where (
            (snapshotted_data.dbt_valid_from < source_data.CREATED_AT)
        )
    )

    select * from insertions
    union all
    select * from updates

    )

/* {"app": "dbt", "dbt_version": "1.12.5", "profile_name": "aws_dbt_snowflake_project", "target_name": "dev", "node_id": "snapshot.aws_dbt_snowflake_project.dim_bookings"} */;
[0m16:41:44.245081 [debug] [Thread-2 (]: SQL status: SUCCESS 1 in 0.781 seconds
[0m16:41:44.248721 [debug] [Thread-2 (]: Using snowflake connection "snapshot.aws_dbt_snowflake_project.dim_bookings"
[0m16:41:44.249574 [debug] [Thread-2 (]: On snapshot.aws_dbt_snowflake_project.dim_bookings: describe table "AIRBNB"."GOLD"."DIM_BOOKINGS__dbt_tmp"
/* {"app": "dbt", "dbt_version": "1.12.5", "profile_name": "aws_dbt_snowflake_project", "target_name": "dev", "node_id": "snapshot.aws_dbt_snowflake_project.dim_bookings"} */
[0m16:41:44.489819 [debug] [Thread-2 (]: SQL status: SUCCESS 10 in 0.239 seconds
[0m16:41:44.495147 [debug] [Thread-2 (]: Using snowflake connection "snapshot.aws_dbt_snowflake_project.dim_bookings"
[0m16:41:44.495847 [debug] [Thread-2 (]: On snapshot.aws_dbt_snowflake_project.dim_bookings: describe table "AIRBNB"."GOLD"."DIM_BOOKINGS"
/* {"app": "dbt", "dbt_version": "1.12.5", "profile_name": "aws_dbt_snowflake_project", "target_name": "dev", "node_id": "snapshot.aws_dbt_snowflake_project.dim_bookings"} */
[0m16:41:44.700583 [debug] [Thread-2 (]: SQL status: SUCCESS 8 in 0.204 seconds
[0m16:41:44.705426 [debug] [Thread-2 (]: Using snowflake connection "snapshot.aws_dbt_snowflake_project.dim_bookings"
[0m16:41:44.706081 [debug] [Thread-2 (]: On snapshot.aws_dbt_snowflake_project.dim_bookings: describe table "AIRBNB"."GOLD"."DIM_BOOKINGS__dbt_tmp"
/* {"app": "dbt", "dbt_version": "1.12.5", "profile_name": "aws_dbt_snowflake_project", "target_name": "dev", "node_id": "snapshot.aws_dbt_snowflake_project.dim_bookings"} */
[0m16:41:44.905739 [debug] [Thread-2 (]: SQL status: SUCCESS 10 in 0.199 seconds
[0m16:41:44.915453 [debug] [Thread-2 (]: Using snowflake connection "snapshot.aws_dbt_snowflake_project.dim_bookings"
[0m16:41:44.916416 [debug] [Thread-2 (]: On snapshot.aws_dbt_snowflake_project.dim_bookings: describe table "AIRBNB"."GOLD"."DIM_BOOKINGS"
/* {"app": "dbt", "dbt_version": "1.12.5", "profile_name": "aws_dbt_snowflake_project", "target_name": "dev", "node_id": "snapshot.aws_dbt_snowflake_project.dim_bookings"} */
[0m16:41:45.119943 [debug] [Thread-2 (]: SQL status: SUCCESS 8 in 0.203 seconds
[0m16:41:45.132140 [debug] [Thread-2 (]: Using snowflake connection "snapshot.aws_dbt_snowflake_project.dim_bookings"
[0m16:41:45.132942 [debug] [Thread-2 (]: On snapshot.aws_dbt_snowflake_project.dim_bookings: describe table "AIRBNB"."GOLD"."DIM_BOOKINGS__dbt_tmp"
/* {"app": "dbt", "dbt_version": "1.12.5", "profile_name": "aws_dbt_snowflake_project", "target_name": "dev", "node_id": "snapshot.aws_dbt_snowflake_project.dim_bookings"} */
[0m16:41:45.418388 [debug] [Thread-2 (]: SQL status: SUCCESS 10 in 0.285 seconds
[0m16:41:45.463996 [debug] [Thread-2 (]: Using snowflake connection "snapshot.aws_dbt_snowflake_project.dim_bookings"
[0m16:41:45.465066 [debug] [Thread-2 (]: On snapshot.aws_dbt_snowflake_project.dim_bookings: select * from (
        
    
    with snapshot_query as (

        with __dbt__cte__bookings as (


WITH bookings AS 
(
    SELECT 
        BOOKING_ID,
        BOOKING_DATE,
        BOOKING_STATUS,
        CREATED_AT
    FROM 
        AIRBNB.gold.obt
)
SELECT * FROM bookings
) select * from __dbt__cte__bookings

    ),

    snapshotted_data as (

        select *, 
    
        BOOKING_ID as dbt_unique_key
    

        from "AIRBNB"."GOLD"."DIM_BOOKINGS"
        where
            
		
		

		
                ( (dbt_valid_to = to_date('9999-12-31')) or dbt_valid_to is null )
            

    ),

    insertions_source_data as (

        select *, 
    
        BOOKING_ID as dbt_unique_key
    
,
            CREATED_AT as dbt_updated_at,
            CREATED_AT as dbt_valid_from,
            
  
  coalesce(nullif(CREATED_AT, CREATED_AT), to_date('9999-12-31'))
  as dbt_valid_to
,
            md5(coalesce(cast(BOOKING_ID as varchar ), '')
         || '|' || coalesce(cast(CREATED_AT as varchar ), '')
        ) as dbt_scd_id

        from snapshot_query
    ),

    updates_source_data as (

        select *, 
    
        BOOKING_ID as dbt_unique_key
    
,
            CREATED_AT as dbt_updated_at,
            CREATED_AT as dbt_valid_from,
            CREATED_AT as dbt_valid_to

        from snapshot_query
    ),

    insertions as (

        select
            'insert' as dbt_change_type,
            source_data.*

        from insertions_source_data as source_data
        left outer join snapshotted_data
            on 
    
        snapshotted_data.dbt_unique_key = source_data.dbt_unique_key
    

            where 
    
        snapshotted_data.dbt_unique_key is null
    

            or (
    
        snapshotted_data.dbt_unique_key is not null
    
 and (
               (snapshotted_data.dbt_valid_from < source_data.CREATED_AT)
            )

        )

    ),

    updates as (

        select
            'update' as dbt_change_type,
            source_data.*,
            snapshotted_data.dbt_scd_id

        from updates_source_data as source_data
        join snapshotted_data
            on 
    
        snapshotted_data.dbt_unique_key = source_data.dbt_unique_key
    

        where (
            (snapshotted_data.dbt_valid_from < source_data.CREATED_AT)
        )
    )

    select * from insertions
    union all
    select * from updates

    ) as __dbt_sbq
    where false
    limit 0
/* {"app": "dbt", "dbt_version": "1.12.5", "profile_name": "aws_dbt_snowflake_project", "target_name": "dev", "node_id": "snapshot.aws_dbt_snowflake_project.dim_bookings"} */
/* {"app": "dbt", "dbt_version": "1.12.5", "profile_name": "aws_dbt_snowflake_project", "target_name": "dev", "node_id": "snapshot.aws_dbt_snowflake_project.dim_bookings"} */
[0m16:41:45.832148 [debug] [Thread-2 (]: SQL status: SUCCESS 0 in 0.366 seconds
[0m16:41:45.854087 [debug] [Thread-2 (]: Using snowflake connection "snapshot.aws_dbt_snowflake_project.dim_bookings"
[0m16:41:45.855419 [debug] [Thread-2 (]: On snapshot.aws_dbt_snowflake_project.dim_bookings: select * from (
        select to_timestamp_ntz(convert_timezone('UTC', current_timestamp())) as dbt_snapshot_time
    ) as __dbt_sbq
    where false
    limit 0
/* {"app": "dbt", "dbt_version": "1.12.5", "profile_name": "aws_dbt_snowflake_project", "target_name": "dev", "node_id": "snapshot.aws_dbt_snowflake_project.dim_bookings"} */
/* {"app": "dbt", "dbt_version": "1.12.5", "profile_name": "aws_dbt_snowflake_project", "target_name": "dev", "node_id": "snapshot.aws_dbt_snowflake_project.dim_bookings"} */
[0m16:41:46.019854 [debug] [Thread-2 (]: SQL status: SUCCESS 0 in 0.163 seconds
[0m16:41:46.022885 [debug] [Thread-2 (]: Writing runtime sql for node "snapshot.aws_dbt_snowflake_project.dim_bookings"
[0m16:41:46.035389 [debug] [Thread-2 (]: Using snowflake connection "snapshot.aws_dbt_snowflake_project.dim_bookings"
[0m16:41:46.037465 [debug] [Thread-2 (]: On snapshot.aws_dbt_snowflake_project.dim_bookings: BEGIN
/* {"app": "dbt", "dbt_version": "1.12.5", "profile_name": "aws_dbt_snowflake_project", "target_name": "dev", "node_id": "snapshot.aws_dbt_snowflake_project.dim_bookings"} */
[0m16:41:46.219851 [debug] [Thread-2 (]: SQL status: SUCCESS 1 in 0.181 seconds
[0m16:41:46.221970 [debug] [Thread-2 (]: Using snowflake connection "snapshot.aws_dbt_snowflake_project.dim_bookings"
[0m16:41:46.223957 [debug] [Thread-2 (]: On snapshot.aws_dbt_snowflake_project.dim_bookings: merge into "AIRBNB"."GOLD"."DIM_BOOKINGS" as DBT_INTERNAL_DEST
    using "AIRBNB"."GOLD"."DIM_BOOKINGS__dbt_tmp" as DBT_INTERNAL_SOURCE
    on DBT_INTERNAL_SOURCE.dbt_scd_id = DBT_INTERNAL_DEST.dbt_scd_id

    when matched
     
	
	
	and ((DBT_INTERNAL_DEST.dbt_valid_to = to_date('9999-12-31')) or DBT_INTERNAL_DEST.dbt_valid_to is null)

     
     and DBT_INTERNAL_SOURCE.dbt_change_type in ('update', 'delete')
        then update
        set dbt_valid_to = DBT_INTERNAL_SOURCE.dbt_valid_to

    when not matched
     and DBT_INTERNAL_SOURCE.dbt_change_type = 'insert'
        then insert ("BOOKING_ID", "BOOKING_DATE", "BOOKING_STATUS", "CREATED_AT", "DBT_UPDATED_AT", "DBT_VALID_FROM", "DBT_VALID_TO", "DBT_SCD_ID")
        values ("BOOKING_ID", "BOOKING_DATE", "BOOKING_STATUS", "CREATED_AT", "DBT_UPDATED_AT", "DBT_VALID_FROM", "DBT_VALID_TO", "DBT_SCD_ID")


/* {"app": "dbt", "dbt_version": "1.12.5", "profile_name": "aws_dbt_snowflake_project", "target_name": "dev", "node_id": "snapshot.aws_dbt_snowflake_project.dim_bookings"} */;
[0m16:41:46.519183 [debug] [Thread-2 (]: SQL status: SUCCESS 0 in 0.293 seconds
[0m16:41:46.520264 [debug] [Thread-2 (]: Using snowflake connection "snapshot.aws_dbt_snowflake_project.dim_bookings"
[0m16:41:46.521114 [debug] [Thread-2 (]: On snapshot.aws_dbt_snowflake_project.dim_bookings: COMMIT
/* {"app": "dbt", "dbt_version": "1.12.5", "profile_name": "aws_dbt_snowflake_project", "target_name": "dev", "node_id": "snapshot.aws_dbt_snowflake_project.dim_bookings"} */
[0m16:41:46.725799 [debug] [Thread-2 (]: SQL status: SUCCESS 1 in 0.203 seconds
[0m16:41:46.741502 [debug] [Thread-2 (]: Sending event: {'category': 'dbt', 'action': 'run_model', 'label': '9f9c8fb3-ae16-43c3-8c05-3d662ce1813f', 'context': [<snowplow_tracker.self_describing_json.SelfDescribingJson object at 0x00000172DE2E4530>]}
[0m16:41:46.744477 [info ] [Thread-2 (]: 9 of 11 OK snapshotted gold.dim_bookings ....................................... [[32mSUCCESS 0[0m in 3.64s]
[0m16:41:46.746490 [debug] [Thread-2 (]: Finished running node snapshot.aws_dbt_snowflake_project.dim_bookings
[0m16:41:46.747547 [debug] [Thread-2 (]: Began running node snapshot.aws_dbt_snowflake_project.dim_hosts
[0m16:41:46.748895 [info ] [Thread-2 (]: 10 of 11 START snapshot gold.dim_hosts ......................................... [RUN]
[0m16:41:46.750378 [debug] [Thread-2 (]: Re-using an available connection from the pool (formerly snapshot.aws_dbt_snowflake_project.dim_bookings, now snapshot.aws_dbt_snowflake_project.dim_hosts)
[0m16:41:46.751359 [debug] [Thread-2 (]: Began compiling node snapshot.aws_dbt_snowflake_project.dim_hosts
[0m16:41:46.756656 [debug] [Thread-2 (]: Writing injected SQL for node "snapshot.aws_dbt_snowflake_project.dim_hosts"
[0m16:41:46.760403 [debug] [Thread-2 (]: Began executing node snapshot.aws_dbt_snowflake_project.dim_hosts
[0m16:41:46.770491 [debug] [Thread-2 (]: Using snowflake connection "snapshot.aws_dbt_snowflake_project.dim_hosts"
[0m16:41:46.771704 [debug] [Thread-2 (]: On snapshot.aws_dbt_snowflake_project.dim_hosts: describe table "AIRBNB"."GOLD"."DIM_HOSTS"
/* {"app": "dbt", "dbt_version": "1.12.5", "profile_name": "aws_dbt_snowflake_project", "target_name": "dev", "node_id": "snapshot.aws_dbt_snowflake_project.dim_hosts"} */
[0m16:41:46.946295 [debug] [Thread-2 (]: SQL status: SUCCESS 10 in 0.173 seconds
[0m16:41:46.956407 [debug] [Thread-2 (]: Using snowflake connection "snapshot.aws_dbt_snowflake_project.dim_hosts"
[0m16:41:46.957302 [debug] [Thread-2 (]: On snapshot.aws_dbt_snowflake_project.dim_hosts: create or replace temporary table "AIRBNB"."GOLD"."DIM_HOSTS__dbt_tmp"
as (
    
    
    with snapshot_query as (

        with __dbt__cte__hosts as (


WITH hosts AS 
(
    SELECT 
        HOST_ID,
        HOST_NAME,
        HOST_SINCE,
        IS_SUPERHOST,
        RESPONSE_RATE_QUALITY,
        HOST_CREATED_AT
    FROM 
        AIRBNB.gold.obt
)
SELECT * FROM hosts
) select * from __dbt__cte__hosts

    ),

    snapshotted_data as (

        select *, 
    
        HOST_ID as dbt_unique_key
    

        from "AIRBNB"."GOLD"."DIM_HOSTS"
        where
            
		
		

		
                ( (dbt_valid_to = to_date('9999-12-31')) or dbt_valid_to is null )
            

    ),

    insertions_source_data as (

        select *, 
    
        HOST_ID as dbt_unique_key
    
,
            HOST_CREATED_AT as dbt_updated_at,
            HOST_CREATED_AT as dbt_valid_from,
            
  
  coalesce(nullif(HOST_CREATED_AT, HOST_CREATED_AT), to_date('9999-12-31'))
  as dbt_valid_to
,
            md5(coalesce(cast(HOST_ID as varchar ), '')
         || '|' || coalesce(cast(HOST_CREATED_AT as varchar ), '')
        ) as dbt_scd_id

        from snapshot_query
    ),

    updates_source_data as (

        select *, 
    
        HOST_ID as dbt_unique_key
    
,
            HOST_CREATED_AT as dbt_updated_at,
            HOST_CREATED_AT as dbt_valid_from,
            HOST_CREATED_AT as dbt_valid_to

        from snapshot_query
    ),

    insertions as (

        select
            'insert' as dbt_change_type,
            source_data.*

        from insertions_source_data as source_data
        left outer join snapshotted_data
            on 
    
        snapshotted_data.dbt_unique_key = source_data.dbt_unique_key
    

            where 
    
        snapshotted_data.dbt_unique_key is null
    

            or (
    
        snapshotted_data.dbt_unique_key is not null
    
 and (
               (snapshotted_data.dbt_valid_from < source_data.HOST_CREATED_AT)
            )

        )

    ),

    updates as (

        select
            'update' as dbt_change_type,
            source_data.*,
            snapshotted_data.dbt_scd_id

        from updates_source_data as source_data
        join snapshotted_data
            on 
    
        snapshotted_data.dbt_unique_key = source_data.dbt_unique_key
    

        where (
            (snapshotted_data.dbt_valid_from < source_data.HOST_CREATED_AT)
        )
    )

    select * from insertions
    union all
    select * from updates

    )

/* {"app": "dbt", "dbt_version": "1.12.5", "profile_name": "aws_dbt_snowflake_project", "target_name": "dev", "node_id": "snapshot.aws_dbt_snowflake_project.dim_hosts"} */;
[0m16:41:47.624464 [debug] [Thread-2 (]: SQL status: SUCCESS 1 in 0.666 seconds
[0m16:41:47.627694 [debug] [Thread-2 (]: Using snowflake connection "snapshot.aws_dbt_snowflake_project.dim_hosts"
[0m16:41:47.628432 [debug] [Thread-2 (]: On snapshot.aws_dbt_snowflake_project.dim_hosts: describe table "AIRBNB"."GOLD"."DIM_HOSTS__dbt_tmp"
/* {"app": "dbt", "dbt_version": "1.12.5", "profile_name": "aws_dbt_snowflake_project", "target_name": "dev", "node_id": "snapshot.aws_dbt_snowflake_project.dim_hosts"} */
[0m16:41:47.825686 [debug] [Thread-2 (]: SQL status: SUCCESS 12 in 0.196 seconds
[0m16:41:47.840645 [debug] [Thread-2 (]: Using snowflake connection "snapshot.aws_dbt_snowflake_project.dim_hosts"
[0m16:41:47.842455 [debug] [Thread-2 (]: On snapshot.aws_dbt_snowflake_project.dim_hosts: describe table "AIRBNB"."GOLD"."DIM_HOSTS"
/* {"app": "dbt", "dbt_version": "1.12.5", "profile_name": "aws_dbt_snowflake_project", "target_name": "dev", "node_id": "snapshot.aws_dbt_snowflake_project.dim_hosts"} */
[0m16:41:48.008914 [debug] [Thread-2 (]: SQL status: SUCCESS 10 in 0.165 seconds
[0m16:41:48.016159 [debug] [Thread-2 (]: Using snowflake connection "snapshot.aws_dbt_snowflake_project.dim_hosts"
[0m16:41:48.016981 [debug] [Thread-2 (]: On snapshot.aws_dbt_snowflake_project.dim_hosts: describe table "AIRBNB"."GOLD"."DIM_HOSTS__dbt_tmp"
/* {"app": "dbt", "dbt_version": "1.12.5", "profile_name": "aws_dbt_snowflake_project", "target_name": "dev", "node_id": "snapshot.aws_dbt_snowflake_project.dim_hosts"} */
[0m16:41:48.203914 [debug] [Thread-2 (]: SQL status: SUCCESS 12 in 0.186 seconds
[0m16:41:48.216829 [debug] [Thread-2 (]: Using snowflake connection "snapshot.aws_dbt_snowflake_project.dim_hosts"
[0m16:41:48.218114 [debug] [Thread-2 (]: On snapshot.aws_dbt_snowflake_project.dim_hosts: describe table "AIRBNB"."GOLD"."DIM_HOSTS"
/* {"app": "dbt", "dbt_version": "1.12.5", "profile_name": "aws_dbt_snowflake_project", "target_name": "dev", "node_id": "snapshot.aws_dbt_snowflake_project.dim_hosts"} */
[0m16:41:48.610520 [debug] [Thread-2 (]: SQL status: SUCCESS 10 in 0.391 seconds
[0m16:41:48.627580 [debug] [Thread-2 (]: Using snowflake connection "snapshot.aws_dbt_snowflake_project.dim_hosts"
[0m16:41:48.628737 [debug] [Thread-2 (]: On snapshot.aws_dbt_snowflake_project.dim_hosts: describe table "AIRBNB"."GOLD"."DIM_HOSTS__dbt_tmp"
/* {"app": "dbt", "dbt_version": "1.12.5", "profile_name": "aws_dbt_snowflake_project", "target_name": "dev", "node_id": "snapshot.aws_dbt_snowflake_project.dim_hosts"} */
[0m16:41:48.803636 [debug] [Thread-2 (]: SQL status: SUCCESS 12 in 0.173 seconds
[0m16:41:48.820022 [debug] [Thread-2 (]: Using snowflake connection "snapshot.aws_dbt_snowflake_project.dim_hosts"
[0m16:41:48.821189 [debug] [Thread-2 (]: On snapshot.aws_dbt_snowflake_project.dim_hosts: select * from (
        
    
    with snapshot_query as (

        with __dbt__cte__hosts as (


WITH hosts AS 
(
    SELECT 
        HOST_ID,
        HOST_NAME,
        HOST_SINCE,
        IS_SUPERHOST,
        RESPONSE_RATE_QUALITY,
        HOST_CREATED_AT
    FROM 
        AIRBNB.gold.obt
)
SELECT * FROM hosts
) select * from __dbt__cte__hosts

    ),

    snapshotted_data as (

        select *, 
    
        HOST_ID as dbt_unique_key
    

        from "AIRBNB"."GOLD"."DIM_HOSTS"
        where
            
		
		

		
                ( (dbt_valid_to = to_date('9999-12-31')) or dbt_valid_to is null )
            

    ),

    insertions_source_data as (

        select *, 
    
        HOST_ID as dbt_unique_key
    
,
            HOST_CREATED_AT as dbt_updated_at,
            HOST_CREATED_AT as dbt_valid_from,
            
  
  coalesce(nullif(HOST_CREATED_AT, HOST_CREATED_AT), to_date('9999-12-31'))
  as dbt_valid_to
,
            md5(coalesce(cast(HOST_ID as varchar ), '')
         || '|' || coalesce(cast(HOST_CREATED_AT as varchar ), '')
        ) as dbt_scd_id

        from snapshot_query
    ),

    updates_source_data as (

        select *, 
    
        HOST_ID as dbt_unique_key
    
,
            HOST_CREATED_AT as dbt_updated_at,
            HOST_CREATED_AT as dbt_valid_from,
            HOST_CREATED_AT as dbt_valid_to

        from snapshot_query
    ),

    insertions as (

        select
            'insert' as dbt_change_type,
            source_data.*

        from insertions_source_data as source_data
        left outer join snapshotted_data
            on 
    
        snapshotted_data.dbt_unique_key = source_data.dbt_unique_key
    

            where 
    
        snapshotted_data.dbt_unique_key is null
    

            or (
    
        snapshotted_data.dbt_unique_key is not null
    
 and (
               (snapshotted_data.dbt_valid_from < source_data.HOST_CREATED_AT)
            )

        )

    ),

    updates as (

        select
            'update' as dbt_change_type,
            source_data.*,
            snapshotted_data.dbt_scd_id

        from updates_source_data as source_data
        join snapshotted_data
            on 
    
        snapshotted_data.dbt_unique_key = source_data.dbt_unique_key
    

        where (
            (snapshotted_data.dbt_valid_from < source_data.HOST_CREATED_AT)
        )
    )

    select * from insertions
    union all
    select * from updates

    ) as __dbt_sbq
    where false
    limit 0
/* {"app": "dbt", "dbt_version": "1.12.5", "profile_name": "aws_dbt_snowflake_project", "target_name": "dev", "node_id": "snapshot.aws_dbt_snowflake_project.dim_hosts"} */
/* {"app": "dbt", "dbt_version": "1.12.5", "profile_name": "aws_dbt_snowflake_project", "target_name": "dev", "node_id": "snapshot.aws_dbt_snowflake_project.dim_hosts"} */
[0m16:41:49.126202 [debug] [Thread-2 (]: SQL status: SUCCESS 0 in 0.304 seconds
[0m16:41:49.131705 [debug] [Thread-2 (]: Using snowflake connection "snapshot.aws_dbt_snowflake_project.dim_hosts"
[0m16:41:49.134895 [debug] [Thread-2 (]: On snapshot.aws_dbt_snowflake_project.dim_hosts: select * from (
        select to_timestamp_ntz(convert_timezone('UTC', current_timestamp())) as dbt_snapshot_time
    ) as __dbt_sbq
    where false
    limit 0
/* {"app": "dbt", "dbt_version": "1.12.5", "profile_name": "aws_dbt_snowflake_project", "target_name": "dev", "node_id": "snapshot.aws_dbt_snowflake_project.dim_hosts"} */
/* {"app": "dbt", "dbt_version": "1.12.5", "profile_name": "aws_dbt_snowflake_project", "target_name": "dev", "node_id": "snapshot.aws_dbt_snowflake_project.dim_hosts"} */
[0m16:41:49.376209 [debug] [Thread-2 (]: SQL status: SUCCESS 0 in 0.239 seconds
[0m16:41:49.379101 [debug] [Thread-2 (]: Writing runtime sql for node "snapshot.aws_dbt_snowflake_project.dim_hosts"
[0m16:41:49.393027 [debug] [Thread-2 (]: Using snowflake connection "snapshot.aws_dbt_snowflake_project.dim_hosts"
[0m16:41:49.395240 [debug] [Thread-2 (]: On snapshot.aws_dbt_snowflake_project.dim_hosts: BEGIN
/* {"app": "dbt", "dbt_version": "1.12.5", "profile_name": "aws_dbt_snowflake_project", "target_name": "dev", "node_id": "snapshot.aws_dbt_snowflake_project.dim_hosts"} */
[0m16:41:49.634997 [debug] [Thread-2 (]: SQL status: SUCCESS 1 in 0.238 seconds
[0m16:41:49.635687 [debug] [Thread-2 (]: Using snowflake connection "snapshot.aws_dbt_snowflake_project.dim_hosts"
[0m16:41:49.636539 [debug] [Thread-2 (]: On snapshot.aws_dbt_snowflake_project.dim_hosts: merge into "AIRBNB"."GOLD"."DIM_HOSTS" as DBT_INTERNAL_DEST
    using "AIRBNB"."GOLD"."DIM_HOSTS__dbt_tmp" as DBT_INTERNAL_SOURCE
    on DBT_INTERNAL_SOURCE.dbt_scd_id = DBT_INTERNAL_DEST.dbt_scd_id

    when matched
     
	
	
	and ((DBT_INTERNAL_DEST.dbt_valid_to = to_date('9999-12-31')) or DBT_INTERNAL_DEST.dbt_valid_to is null)

     
     and DBT_INTERNAL_SOURCE.dbt_change_type in ('update', 'delete')
        then update
        set dbt_valid_to = DBT_INTERNAL_SOURCE.dbt_valid_to

    when not matched
     and DBT_INTERNAL_SOURCE.dbt_change_type = 'insert'
        then insert ("HOST_ID", "HOST_NAME", "HOST_SINCE", "IS_SUPERHOST", "RESPONSE_RATE_QUALITY", "HOST_CREATED_AT", "DBT_UPDATED_AT", "DBT_VALID_FROM", "DBT_VALID_TO", "DBT_SCD_ID")
        values ("HOST_ID", "HOST_NAME", "HOST_SINCE", "IS_SUPERHOST", "RESPONSE_RATE_QUALITY", "HOST_CREATED_AT", "DBT_UPDATED_AT", "DBT_VALID_FROM", "DBT_VALID_TO", "DBT_SCD_ID")


/* {"app": "dbt", "dbt_version": "1.12.5", "profile_name": "aws_dbt_snowflake_project", "target_name": "dev", "node_id": "snapshot.aws_dbt_snowflake_project.dim_hosts"} */;
[0m16:41:49.949120 [debug] [Thread-2 (]: SQL status: SUCCESS 0 in 0.311 seconds
[0m16:41:49.951699 [debug] [Thread-2 (]: Using snowflake connection "snapshot.aws_dbt_snowflake_project.dim_hosts"
[0m16:41:49.953938 [debug] [Thread-2 (]: On snapshot.aws_dbt_snowflake_project.dim_hosts: COMMIT
/* {"app": "dbt", "dbt_version": "1.12.5", "profile_name": "aws_dbt_snowflake_project", "target_name": "dev", "node_id": "snapshot.aws_dbt_snowflake_project.dim_hosts"} */
[0m16:41:50.166206 [debug] [Thread-2 (]: SQL status: SUCCESS 1 in 0.210 seconds
[0m16:41:50.173836 [debug] [Thread-2 (]: Sending event: {'category': 'dbt', 'action': 'run_model', 'label': '9f9c8fb3-ae16-43c3-8c05-3d662ce1813f', 'context': [<snowplow_tracker.self_describing_json.SelfDescribingJson object at 0x00000172DE215F10>]}
[0m16:41:50.176181 [info ] [Thread-2 (]: 10 of 11 OK snapshotted gold.dim_hosts ......................................... [[32mSUCCESS 0[0m in 3.42s]
[0m16:41:50.178297 [debug] [Thread-2 (]: Finished running node snapshot.aws_dbt_snowflake_project.dim_hosts
[0m16:41:50.179554 [debug] [Thread-2 (]: Began running node snapshot.aws_dbt_snowflake_project.dim_listings
[0m16:41:50.180757 [info ] [Thread-2 (]: 11 of 11 START snapshot gold.dim_listings ...................................... [RUN]
[0m16:41:50.181978 [debug] [Thread-2 (]: Re-using an available connection from the pool (formerly snapshot.aws_dbt_snowflake_project.dim_hosts, now snapshot.aws_dbt_snowflake_project.dim_listings)
[0m16:41:50.182895 [debug] [Thread-2 (]: Began compiling node snapshot.aws_dbt_snowflake_project.dim_listings
[0m16:41:50.186677 [debug] [Thread-2 (]: Writing injected SQL for node "snapshot.aws_dbt_snowflake_project.dim_listings"
[0m16:41:50.189455 [debug] [Thread-2 (]: Began executing node snapshot.aws_dbt_snowflake_project.dim_listings
[0m16:41:50.198175 [debug] [Thread-2 (]: Using snowflake connection "snapshot.aws_dbt_snowflake_project.dim_listings"
[0m16:41:50.199126 [debug] [Thread-2 (]: On snapshot.aws_dbt_snowflake_project.dim_listings: describe table "AIRBNB"."GOLD"."DIM_LISTINGS"
/* {"app": "dbt", "dbt_version": "1.12.5", "profile_name": "aws_dbt_snowflake_project", "target_name": "dev", "node_id": "snapshot.aws_dbt_snowflake_project.dim_listings"} */
[0m16:41:50.386492 [debug] [Thread-2 (]: SQL status: SUCCESS 10 in 0.186 seconds
[0m16:41:50.398876 [debug] [Thread-2 (]: Using snowflake connection "snapshot.aws_dbt_snowflake_project.dim_listings"
[0m16:41:50.399801 [debug] [Thread-2 (]: On snapshot.aws_dbt_snowflake_project.dim_listings: create or replace temporary table "AIRBNB"."GOLD"."DIM_LISTINGS__dbt_tmp"
as (
    
    
    with snapshot_query as (

        with __dbt__cte__listings as (


WITH listings AS 
(
    SELECT 
        LISTING_ID,
        PROPERTY_TYPE,
        ROOM_TYPE,
        CITY,
        COUNTRY,
        PRICE_PER_NIGHT_TAG,
        LISTING_CREATED_AT
    FROM 
        AIRBNB.gold.obt
)
SELECT * FROM listings
) select * from __dbt__cte__listings

    ),

    snapshotted_data as (

        select *, 
    
        LISTING_ID as dbt_unique_key
    

        from "AIRBNB"."GOLD"."DIM_LISTINGS"
        where
            
		
		

		
                ( (dbt_valid_to = to_date('9999-12-31')) or dbt_valid_to is null )
            

    ),

    insertions_source_data as (

        select *, 
    
        LISTING_ID as dbt_unique_key
    
,
            LISTING_CREATED_AT as dbt_updated_at,
            LISTING_CREATED_AT as dbt_valid_from,
            
  
  coalesce(nullif(LISTING_CREATED_AT, LISTING_CREATED_AT), to_date('9999-12-31'))
  as dbt_valid_to
,
            md5(coalesce(cast(LISTING_ID as varchar ), '')
         || '|' || coalesce(cast(LISTING_CREATED_AT as varchar ), '')
        ) as dbt_scd_id

        from snapshot_query
    ),

    updates_source_data as (

        select *, 
    
        LISTING_ID as dbt_unique_key
    
,
            LISTING_CREATED_AT as dbt_updated_at,
            LISTING_CREATED_AT as dbt_valid_from,
            LISTING_CREATED_AT as dbt_valid_to

        from snapshot_query
    ),

    insertions as (

        select
            'insert' as dbt_change_type,
            source_data.*

        from insertions_source_data as source_data
        left outer join snapshotted_data
            on 
    
        snapshotted_data.dbt_unique_key = source_data.dbt_unique_key
    

            where 
    
        snapshotted_data.dbt_unique_key is null
    

            or (
    
        snapshotted_data.dbt_unique_key is not null
    
 and (
               (snapshotted_data.dbt_valid_from < source_data.LISTING_CREATED_AT)
            )

        )

    ),

    updates as (

        select
            'update' as dbt_change_type,
            source_data.*,
            snapshotted_data.dbt_scd_id

        from updates_source_data as source_data
        join snapshotted_data
            on 
    
        snapshotted_data.dbt_unique_key = source_data.dbt_unique_key
    

        where (
            (snapshotted_data.dbt_valid_from < source_data.LISTING_CREATED_AT)
        )
    )

    select * from insertions
    union all
    select * from updates

    )

/* {"app": "dbt", "dbt_version": "1.12.5", "profile_name": "aws_dbt_snowflake_project", "target_name": "dev", "node_id": "snapshot.aws_dbt_snowflake_project.dim_listings"} */;
[0m16:41:51.007595 [debug] [Thread-2 (]: SQL status: SUCCESS 1 in 0.607 seconds
[0m16:41:51.013340 [debug] [Thread-2 (]: Using snowflake connection "snapshot.aws_dbt_snowflake_project.dim_listings"
[0m16:41:51.014416 [debug] [Thread-2 (]: On snapshot.aws_dbt_snowflake_project.dim_listings: describe table "AIRBNB"."GOLD"."DIM_LISTINGS__dbt_tmp"
/* {"app": "dbt", "dbt_version": "1.12.5", "profile_name": "aws_dbt_snowflake_project", "target_name": "dev", "node_id": "snapshot.aws_dbt_snowflake_project.dim_listings"} */
[0m16:41:51.212481 [debug] [Thread-2 (]: SQL status: SUCCESS 13 in 0.197 seconds
[0m16:41:51.219143 [debug] [Thread-2 (]: Using snowflake connection "snapshot.aws_dbt_snowflake_project.dim_listings"
[0m16:41:51.220310 [debug] [Thread-2 (]: On snapshot.aws_dbt_snowflake_project.dim_listings: describe table "AIRBNB"."GOLD"."DIM_LISTINGS"
/* {"app": "dbt", "dbt_version": "1.12.5", "profile_name": "aws_dbt_snowflake_project", "target_name": "dev", "node_id": "snapshot.aws_dbt_snowflake_project.dim_listings"} */
[0m16:41:51.449556 [debug] [Thread-2 (]: SQL status: SUCCESS 10 in 0.228 seconds
[0m16:41:51.461671 [debug] [Thread-2 (]: Using snowflake connection "snapshot.aws_dbt_snowflake_project.dim_listings"
[0m16:41:51.462709 [debug] [Thread-2 (]: On snapshot.aws_dbt_snowflake_project.dim_listings: describe table "AIRBNB"."GOLD"."DIM_LISTINGS__dbt_tmp"
/* {"app": "dbt", "dbt_version": "1.12.5", "profile_name": "aws_dbt_snowflake_project", "target_name": "dev", "node_id": "snapshot.aws_dbt_snowflake_project.dim_listings"} */
[0m16:41:51.637666 [debug] [Thread-2 (]: SQL status: SUCCESS 13 in 0.174 seconds
[0m16:41:51.651065 [debug] [Thread-2 (]: Using snowflake connection "snapshot.aws_dbt_snowflake_project.dim_listings"
[0m16:41:51.652480 [debug] [Thread-2 (]: On snapshot.aws_dbt_snowflake_project.dim_listings: describe table "AIRBNB"."GOLD"."DIM_LISTINGS"
/* {"app": "dbt", "dbt_version": "1.12.5", "profile_name": "aws_dbt_snowflake_project", "target_name": "dev", "node_id": "snapshot.aws_dbt_snowflake_project.dim_listings"} */
[0m16:41:51.817033 [debug] [Thread-2 (]: SQL status: SUCCESS 10 in 0.163 seconds
[0m16:41:51.825035 [debug] [Thread-2 (]: Using snowflake connection "snapshot.aws_dbt_snowflake_project.dim_listings"
[0m16:41:51.826279 [debug] [Thread-2 (]: On snapshot.aws_dbt_snowflake_project.dim_listings: alter table "AIRBNB"."GOLD"."DIM_LISTINGS" add column "ROOM_TYPE" character varying(16777216)
/* {"app": "dbt", "dbt_version": "1.12.5", "profile_name": "aws_dbt_snowflake_project", "target_name": "dev", "node_id": "snapshot.aws_dbt_snowflake_project.dim_listings"} */;
[0m16:41:52.077031 [debug] [Thread-2 (]: SQL status: SUCCESS 1 in 0.249 seconds
[0m16:41:52.084813 [debug] [Thread-2 (]: Using snowflake connection "snapshot.aws_dbt_snowflake_project.dim_listings"
[0m16:41:52.086145 [debug] [Thread-2 (]: On snapshot.aws_dbt_snowflake_project.dim_listings: describe table "AIRBNB"."GOLD"."DIM_LISTINGS__dbt_tmp"
/* {"app": "dbt", "dbt_version": "1.12.5", "profile_name": "aws_dbt_snowflake_project", "target_name": "dev", "node_id": "snapshot.aws_dbt_snowflake_project.dim_listings"} */
[0m16:41:52.257819 [debug] [Thread-2 (]: SQL status: SUCCESS 13 in 0.170 seconds
[0m16:41:52.275488 [debug] [Thread-2 (]: Using snowflake connection "snapshot.aws_dbt_snowflake_project.dim_listings"
[0m16:41:52.276813 [debug] [Thread-2 (]: On snapshot.aws_dbt_snowflake_project.dim_listings: select * from (
        
    
    with snapshot_query as (

        with __dbt__cte__listings as (


WITH listings AS 
(
    SELECT 
        LISTING_ID,
        PROPERTY_TYPE,
        ROOM_TYPE,
        CITY,
        COUNTRY,
        PRICE_PER_NIGHT_TAG,
        LISTING_CREATED_AT
    FROM 
        AIRBNB.gold.obt
)
SELECT * FROM listings
) select * from __dbt__cte__listings

    ),

    snapshotted_data as (

        select *, 
    
        LISTING_ID as dbt_unique_key
    

        from "AIRBNB"."GOLD"."DIM_LISTINGS"
        where
            
		
		

		
                ( (dbt_valid_to = to_date('9999-12-31')) or dbt_valid_to is null )
            

    ),

    insertions_source_data as (

        select *, 
    
        LISTING_ID as dbt_unique_key
    
,
            LISTING_CREATED_AT as dbt_updated_at,
            LISTING_CREATED_AT as dbt_valid_from,
            
  
  coalesce(nullif(LISTING_CREATED_AT, LISTING_CREATED_AT), to_date('9999-12-31'))
  as dbt_valid_to
,
            md5(coalesce(cast(LISTING_ID as varchar ), '')
         || '|' || coalesce(cast(LISTING_CREATED_AT as varchar ), '')
        ) as dbt_scd_id

        from snapshot_query
    ),

    updates_source_data as (

        select *, 
    
        LISTING_ID as dbt_unique_key
    
,
            LISTING_CREATED_AT as dbt_updated_at,
            LISTING_CREATED_AT as dbt_valid_from,
            LISTING_CREATED_AT as dbt_valid_to

        from snapshot_query
    ),

    insertions as (

        select
            'insert' as dbt_change_type,
            source_data.*

        from insertions_source_data as source_data
        left outer join snapshotted_data
            on 
    
        snapshotted_data.dbt_unique_key = source_data.dbt_unique_key
    

            where 
    
        snapshotted_data.dbt_unique_key is null
    

            or (
    
        snapshotted_data.dbt_unique_key is not null
    
 and (
               (snapshotted_data.dbt_valid_from < source_data.LISTING_CREATED_AT)
            )

        )

    ),

    updates as (

        select
            'update' as dbt_change_type,
            source_data.*,
            snapshotted_data.dbt_scd_id

        from updates_source_data as source_data
        join snapshotted_data
            on 
    
        snapshotted_data.dbt_unique_key = source_data.dbt_unique_key
    

        where (
            (snapshotted_data.dbt_valid_from < source_data.LISTING_CREATED_AT)
        )
    )

    select * from insertions
    union all
    select * from updates

    ) as __dbt_sbq
    where false
    limit 0
/* {"app": "dbt", "dbt_version": "1.12.5", "profile_name": "aws_dbt_snowflake_project", "target_name": "dev", "node_id": "snapshot.aws_dbt_snowflake_project.dim_listings"} */
/* {"app": "dbt", "dbt_version": "1.12.5", "profile_name": "aws_dbt_snowflake_project", "target_name": "dev", "node_id": "snapshot.aws_dbt_snowflake_project.dim_listings"} */
[0m16:41:52.566988 [debug] [Thread-2 (]: SQL status: SUCCESS 0 in 0.289 seconds
[0m16:41:52.569277 [debug] [Thread-2 (]: Using snowflake connection "snapshot.aws_dbt_snowflake_project.dim_listings"
[0m16:41:52.570033 [debug] [Thread-2 (]: On snapshot.aws_dbt_snowflake_project.dim_listings: select * from (
        select to_timestamp_ntz(convert_timezone('UTC', current_timestamp())) as dbt_snapshot_time
    ) as __dbt_sbq
    where false
    limit 0
/* {"app": "dbt", "dbt_version": "1.12.5", "profile_name": "aws_dbt_snowflake_project", "target_name": "dev", "node_id": "snapshot.aws_dbt_snowflake_project.dim_listings"} */
/* {"app": "dbt", "dbt_version": "1.12.5", "profile_name": "aws_dbt_snowflake_project", "target_name": "dev", "node_id": "snapshot.aws_dbt_snowflake_project.dim_listings"} */
[0m16:41:52.743214 [debug] [Thread-2 (]: SQL status: SUCCESS 0 in 0.173 seconds
[0m16:41:52.743969 [debug] [Thread-2 (]: Writing runtime sql for node "snapshot.aws_dbt_snowflake_project.dim_listings"
[0m16:41:52.749405 [debug] [Thread-2 (]: Using snowflake connection "snapshot.aws_dbt_snowflake_project.dim_listings"
[0m16:41:52.750302 [debug] [Thread-2 (]: On snapshot.aws_dbt_snowflake_project.dim_listings: BEGIN
/* {"app": "dbt", "dbt_version": "1.12.5", "profile_name": "aws_dbt_snowflake_project", "target_name": "dev", "node_id": "snapshot.aws_dbt_snowflake_project.dim_listings"} */
[0m16:41:52.926149 [debug] [Thread-2 (]: SQL status: SUCCESS 1 in 0.175 seconds
[0m16:41:52.926793 [debug] [Thread-2 (]: Using snowflake connection "snapshot.aws_dbt_snowflake_project.dim_listings"
[0m16:41:52.927286 [debug] [Thread-2 (]: On snapshot.aws_dbt_snowflake_project.dim_listings: merge into "AIRBNB"."GOLD"."DIM_LISTINGS" as DBT_INTERNAL_DEST
    using "AIRBNB"."GOLD"."DIM_LISTINGS__dbt_tmp" as DBT_INTERNAL_SOURCE
    on DBT_INTERNAL_SOURCE.dbt_scd_id = DBT_INTERNAL_DEST.dbt_scd_id

    when matched
     
	
	
	and ((DBT_INTERNAL_DEST.dbt_valid_to = to_date('9999-12-31')) or DBT_INTERNAL_DEST.dbt_valid_to is null)

     
     and DBT_INTERNAL_SOURCE.dbt_change_type in ('update', 'delete')
        then update
        set dbt_valid_to = DBT_INTERNAL_SOURCE.dbt_valid_to

    when not matched
     and DBT_INTERNAL_SOURCE.dbt_change_type = 'insert'
        then insert ("LISTING_ID", "PROPERTY_TYPE", "ROOM_TYPE", "CITY", "COUNTRY", "PRICE_PER_NIGHT_TAG", "LISTING_CREATED_AT", "DBT_UPDATED_AT", "DBT_VALID_FROM", "DBT_VALID_TO", "DBT_SCD_ID")
        values ("LISTING_ID", "PROPERTY_TYPE", "ROOM_TYPE", "CITY", "COUNTRY", "PRICE_PER_NIGHT_TAG", "LISTING_CREATED_AT", "DBT_UPDATED_AT", "DBT_VALID_FROM", "DBT_VALID_TO", "DBT_SCD_ID")


/* {"app": "dbt", "dbt_version": "1.12.5", "profile_name": "aws_dbt_snowflake_project", "target_name": "dev", "node_id": "snapshot.aws_dbt_snowflake_project.dim_listings"} */;
[0m16:41:53.364515 [debug] [Thread-2 (]: SQL status: SUCCESS 0 in 0.436 seconds
[0m16:41:53.366544 [debug] [Thread-2 (]: Using snowflake connection "snapshot.aws_dbt_snowflake_project.dim_listings"
[0m16:41:53.367323 [debug] [Thread-2 (]: On snapshot.aws_dbt_snowflake_project.dim_listings: COMMIT
/* {"app": "dbt", "dbt_version": "1.12.5", "profile_name": "aws_dbt_snowflake_project", "target_name": "dev", "node_id": "snapshot.aws_dbt_snowflake_project.dim_listings"} */
[0m16:41:53.591472 [debug] [Thread-2 (]: SQL status: SUCCESS 1 in 0.223 seconds
[0m16:41:53.596002 [debug] [Thread-2 (]: Sending event: {'category': 'dbt', 'action': 'run_model', 'label': '9f9c8fb3-ae16-43c3-8c05-3d662ce1813f', 'context': [<snowplow_tracker.self_describing_json.SelfDescribingJson object at 0x00000172DE3640B0>]}
[0m16:41:53.597366 [info ] [Thread-2 (]: 11 of 11 OK snapshotted gold.dim_listings ...................................... [[32mSUCCESS 0[0m in 3.41s]
[0m16:41:53.598798 [debug] [Thread-2 (]: Finished running node snapshot.aws_dbt_snowflake_project.dim_listings
[0m16:41:53.600928 [debug] [MainThread]: Connection 'master' was properly closed.
[0m16:41:53.601588 [debug] [MainThread]: Connection 'list_AIRBNB' was left open.
[0m16:41:53.602141 [debug] [MainThread]: On list_AIRBNB: Close
[0m16:41:53.891399 [debug] [MainThread]: Connection 'list_AIRBNB_bronze' was left open.
[0m16:41:53.892083 [debug] [MainThread]: On list_AIRBNB_bronze: Close
[0m16:41:54.216574 [debug] [MainThread]: Connection 'snapshot.aws_dbt_snowflake_project.dim_listings' was left open.
[0m16:41:54.217421 [debug] [MainThread]: On snapshot.aws_dbt_snowflake_project.dim_listings: Close
[0m16:41:54.693697 [info ] [MainThread]: 
[0m16:41:54.695416 [info ] [MainThread]: Finished running 6 incremental models, 3 snapshots, 2 table models in 0 hours 0 minutes and 37.32 seconds (37.32s).
[0m16:41:54.705672 [debug] [MainThread]: Command end result
[0m16:41:54.799461 [debug] [MainThread]: Wrote artifact WritableManifest to C:\Users\samee\OneDrive\Desktop\aws_dbt_snowflake\aws_dbt_snowflake_project\target\manifest.json
[0m16:41:54.805732 [debug] [MainThread]: Wrote artifact SemanticManifest to C:\Users\samee\OneDrive\Desktop\aws_dbt_snowflake\aws_dbt_snowflake_project\target\semantic_manifest.json
[0m16:41:54.810784 [debug] [MainThread]: Wrote artifact OsiDocument to C:\Users\samee\OneDrive\Desktop\aws_dbt_snowflake\aws_dbt_snowflake_project\target\osi_document.json
[0m16:41:54.821264 [debug] [MainThread]: Wrote artifact RunExecutionResult to C:\Users\samee\OneDrive\Desktop\aws_dbt_snowflake\aws_dbt_snowflake_project\target\run_results.json
[0m16:41:54.821913 [info ] [MainThread]: 
[0m16:41:54.822631 [info ] [MainThread]: [32mCompleted successfully[0m
[0m16:41:54.823192 [info ] [MainThread]: 
[0m16:41:54.823799 [info ] [MainThread]: Done. PASS=11 WARN=0 ERROR=0 SKIP=0 NO-OP=0 REUSED=0 TOTAL=11
[0m16:41:54.825321 [debug] [MainThread]: Command `dbt build` succeeded at 16:41:54.825180 after 40.32 seconds
[0m16:41:54.825744 [debug] [MainThread]: Sending event: {'category': 'dbt', 'action': 'invocation', 'label': 'end', 'context': [<snowplow_tracker.self_describing_json.SelfDescribingJson object at 0x00000172DAE34950>, <snowplow_tracker.self_describing_json.SelfDescribingJson object at 0x00000172DE03A390>, <snowplow_tracker.self_describing_json.SelfDescribingJson object at 0x00000172DE039C10>]}
[0m16:41:54.826186 [debug] [MainThread]: Flushing usage events
[0m16:41:56.562246 [debug] [MainThread]: An error was encountered while trying to flush usage events
